sample,actual,predicted,residual
7100,1.2999583333333333,1.3457916666666667,-0.04583333333333339
7101,1.2700625,1.3503541666666667,-0.08029166666666665
7102,1.211,1.3238750000000001,-0.11287500000000006
7103,1.2904791666666666,1.3145416666666667,-0.024062500000000098
7104,1.2097916666666666,1.276625,-0.0668333333333333
7105,1.2098125,1.281875,-0.07206250000000014
7106,1.1762916666666667,1.2999583333333333,-0.12366666666666659
7107,1.1865833333333333,1.2700625,-0.08347916666666677
7108,1.1744791666666667,1.211,-0.036520833333333336
7109,1.9234583333333333,1.2904791666666666,0.6329791666666666
7110,1.8900833333333333,1.2097916666666666,0.6802916666666667
7111,1.6651875,1.2098125,0.4553750000000001
7112,1.5151875000000004,1.1762916666666667,0.3388958333333336
7113,1.4241041666666667,1.1865833333333333,0.2375208333333334
7114,1.4247708333333329,1.1744791666666667,0.25029166666666613
7115,1.5123750000000002,1.9234583333333333,-0.411083333333333
7116,1.6812291666666666,1.8900833333333333,-0.20885416666666679
7117,1.8243541666666667,1.6651875,0.15916666666666668
7118,1.8706458333333333,1.5151875000000004,0.355458333333333
7119,1.75675,1.4241041666666667,0.3326458333333333
7120,1.651625,1.4247708333333329,0.22685416666666702
7121,1.6413125,1.5123750000000002,0.1289374999999997
7122,1.6155000000000002,1.6812291666666666,-0.0657291666666664
7123,1.8008541666666666,1.8243541666666667,-0.023500000000000076
7124,2.122875,1.8706458333333333,0.2522291666666667
7125,2.4264375,1.75675,0.6696875
7126,2.952833333333334,1.651625,1.301208333333334
7127,2.751979166666667,1.6413125,1.1106666666666671
7128,2.5457291666666664,1.6155000000000002,0.9302291666666662
7129,2.7808958333333336,1.8008541666666666,0.9800416666666669
7130,2.4699583333333335,2.122875,0.3470833333333334
7131,2.5223333333333335,2.4264375,0.09589583333333351
7132,2.621020833333333,2.952833333333334,-0.33181250000000073
7133,3.0242291666666667,2.751979166666667,0.27224999999999966
7134,3.0099375,2.5457291666666664,0.46420833333333356
7135,2.5244583333333335,2.7808958333333336,-0.2564375000000001
7136,2.4983541666666667,2.4699583333333335,0.028395833333333176
7137,4.4691875,2.5223333333333335,1.9468541666666668
7138,5.200666666666667,2.621020833333333,2.5796458333333336
7139,4.570083333333333,3.0242291666666667,1.545854166666666
7140,3.7170624999999995,3.0099375,0.7071249999999996
7141,3.8040416666666665,2.5244583333333335,1.279583333333333
7142,3.7584583333333335,2.4983541666666667,1.2601041666666668
7143,3.356833333333333,4.4691875,-1.1123541666666674
7144,3.0059583333333335,5.200666666666667,-2.1947083333333333
7145,2.8562916666666673,4.570083333333333,-1.7137916666666655
7146,2.871770833333334,3.7170624999999995,-0.8452916666666654
7147,3.3903125000000003,3.8040416666666665,-0.41372916666666626
7148,4.7989375,3.7584583333333335,1.0404791666666666
7149,5.612375,3.356833333333333,2.2555416666666672
7150,5.444,3.0059583333333335,2.4380416666666664
7151,4.8115,2.8562916666666673,1.9552083333333323
7152,4.605145833333333,2.871770833333334,1.7333749999999992
7153,4.4249374999999995,3.3903125000000003,1.0346249999999992
7154,4.454770833333334,4.7989375,-0.3441666666666663
7155,5.024875000000001,5.612375,-0.5874999999999995
7156,6.334875,5.444,0.8908750000000003
7157,4.700270833333334,4.8115,-0.11122916666666605
7158,4.141375,4.605145833333333,-0.46377083333333324
7159,4.052541666666667,4.4249374999999995,-0.37239583333333215
7160,3.979604166666667,4.454770833333334,-0.47516666666666696
7161,3.8461041666666667,5.024875000000001,-1.178770833333334
7162,3.5630624999999996,6.334875,-2.7718125000000007
7163,3.595583333333334,4.700270833333334,-1.1046874999999998
7164,3.8804375000000007,4.141375,-0.2609374999999994
7165,4.191541666666667,4.052541666666667,0.13899999999999935
7166,4.710791666666666,3.979604166666667,0.7311874999999994
7167,4.26,3.8461041666666667,0.41389583333333313
7168,4.294041666666667,3.5630624999999996,0.7309791666666672
7169,4.46575,3.595583333333334,0.8701666666666661
7170,5.618458333333333,3.8804375000000007,1.7380208333333322
7171,6.140208333333334,4.191541666666667,1.948666666666667
7172,6.618750000000001,4.710791666666666,1.907958333333335
7173,7.921354166666667,4.26,3.6613541666666674
7174,10.516666666666667,4.294041666666667,6.222625000000001
7175,9.450083333333334,4.46575,4.984333333333334
7176,7.631875000000001,5.618458333333333,2.013416666666668
7177,7.0078125,6.140208333333334,0.8676041666666663
7178,6.209395833333333,6.618750000000001,-0.40935416666666846
7179,5.561208333333333,7.921354166666667,-2.360145833333334
7180,5.106208333333334,10.516666666666667,-5.410458333333334
7181,4.930729166666667,9.450083333333334,-4.519354166666667
7182,5.921375,7.631875000000001,-1.7105000000000006
7183,7.868312499999999,7.0078125,0.8604999999999992
7184,6.382416666666667,6.209395833333333,0.17302083333333407
7185,5.2718750000000005,5.561208333333333,-0.28933333333333255
7186,4.3890416666666665,5.106208333333334,-0.7171666666666674
7187,6.690562500000001,4.930729166666667,1.7598333333333347
7188,14.4441875,5.921375,8.5228125
7189,12.5538125,7.868312499999999,4.6855
7190,11.299166666666666,6.382416666666667,4.9167499999999995
7191,9.7765,5.2718750000000005,4.504625
7192,10.289125,4.3890416666666665,5.900083333333334
7193,7.541437500000001,6.690562500000001,0.8508749999999994
7194,7.0200000000000005,14.4441875,-7.4241874999999995
7195,7.332708333333334,12.5538125,-5.221104166666666
7196,6.052125,11.299166666666666,-5.247041666666666
7197,5.702520833333335,9.7765,-4.073979166666666
7198,5.573291666666667,10.289125,-4.715833333333333
7199,5.500291666666667,7.541437500000001,-2.041145833333334
7200,5.822770833333333,7.0200000000000005,-1.1972291666666672
7201,6.682375,7.332708333333334,-0.6503333333333332
7202,6.898083333333335,6.052125,0.8459583333333347
7203,7.007604166666667,5.702520833333335,1.3050833333333323
7204,7.523583333333335,5.573291666666667,1.9502916666666676
7205,8.242833333333333,5.500291666666667,2.742541666666667
7206,8.831708333333333,5.822770833333333,3.0089375
7207,9.221416666666666,6.682375,2.539041666666666
7208,11.260687500000001,6.898083333333335,4.362604166666666
7209,10.1165,7.007604166666667,3.1088958333333334
7210,9.882104166666666,7.523583333333335,2.3585208333333316
7211,10.253395833333334,8.242833333333333,2.0105625000000007
7212,9.526125,8.831708333333333,0.6944166666666671
7213,9.764125,9.221416666666666,0.5427083333333336
7214,11.419166666666664,11.260687500000001,0.1584791666666625
7215,13.20675,10.1165,3.0902499999999993
7216,10.920250000000001,9.882104166666666,1.0381458333333349
7217,9.404499999999999,10.253395833333334,-0.8488958333333354
7218,11.966187500000002,9.526125,2.4400625000000016
7219,14.5108125,9.764125,4.7466875
7220,14.386770833333332,11.419166666666664,2.9676041666666677
7221,12.190437500000002,13.20675,-1.016312499999998
7222,12.252291666666666,10.920250000000001,1.3320416666666652
7223,10.229083333333334,9.404499999999999,0.8245833333333348
7224,8.745041666666667,11.966187500000002,-3.2211458333333347
7225,7.718666666666667,14.5108125,-6.7921458333333335
7226,7.387375000000001,14.386770833333332,-6.99939583333333
7227,7.8847499999999995,12.190437500000002,-4.305687500000002
7228,7.342770833333333,12.252291666666666,-4.909520833333334
7229,6.820333333333333,10.229083333333334,-3.4087500000000004
7230,6.444375,8.745041666666667,-2.3006666666666673
7231,6.344500000000001,7.718666666666667,-1.3741666666666656
7232,6.907229166666667,7.387375000000001,-0.48014583333333416
7233,7.191645833333333,7.8847499999999995,-0.6931041666666662
7234,6.648166666666666,7.342770833333333,-0.6946041666666671
7235,6.3651875,6.820333333333333,-0.4551458333333329
7236,6.154354166666667,6.444375,-0.2900208333333332
7237,7.298020833333333,6.344500000000001,0.9535208333333323
7238,6.681020833333332,6.907229166666667,-0.2262083333333349
7239,5.753562500000001,7.191645833333333,-1.4380833333333323
7240,5.0512500000000005,6.648166666666666,-1.5969166666666652
7241,4.658083333333333,6.3651875,-1.7071041666666673
7242,4.3875,6.154354166666667,-1.7668541666666666
7243,4.1094375,7.298020833333333,-3.188583333333333
7244,4.002541666666667,6.681020833333332,-2.6784791666666656
7245,3.861083333333333,5.753562500000001,-1.8924791666666678
7246,3.7956875,5.0512500000000005,-1.2555625000000004
7247,3.7983541666666665,4.658083333333333,-0.8597291666666664
7248,3.8185,4.3875,-0.5690000000000004
7249,3.716583333333333,4.1094375,-0.3928541666666674
7250,3.463270833333334,4.002541666666667,-0.5392708333333327
7251,3.8608333333333333,3.861083333333333,-0.00024999999999986144
7252,3.9337291666666663,3.7956875,0.13804166666666617
7253,3.6671874999999994,3.7983541666666665,-0.1311666666666671
7254,3.400354166666667,3.8185,-0.418145833333333
7255,3.1915416666666663,3.716583333333333,-0.5250416666666666
7256,3.6278333333333337,3.463270833333334,0.16456249999999972
7257,3.1651666666666665,3.8608333333333333,-0.6956666666666669
7258,3.2288125,3.9337291666666663,-0.7049166666666662
7259,3.7781041666666666,3.6671874999999994,0.11091666666666722
7260,3.316770833333333,3.400354166666667,-0.08358333333333379
7261,2.9978541666666665,3.1915416666666663,-0.1936874999999998
7262,3.495708333333333,3.6278333333333337,-0.13212500000000071
7263,3.3361041666666664,3.1651666666666665,0.17093749999999996
7264,3.1794375,3.2288125,-0.04937499999999995
7265,3.1067291666666663,3.7781041666666666,-0.6713750000000003
7266,2.8275833333333336,3.316770833333333,-0.48918749999999944
7267,2.6278124999999997,2.9978541666666665,-0.3700416666666668
7268,2.6186458333333333,3.495708333333333,-0.8770624999999996
7269,2.75475,3.3361041666666664,-0.5813541666666664
7270,3.738666666666667,3.1794375,0.5592291666666669
7271,3.5413750000000004,3.1067291666666663,0.43464583333333406
7272,3.3392916666666665,2.8275833333333336,0.511708333333333
7273,3.1626250000000002,2.6278124999999997,0.5348125000000006
7274,3.125229166666667,2.6186458333333333,0.5065833333333338
7275,3.1703541666666673,2.75475,0.4156041666666672
7276,3.4135000000000004,3.738666666666667,-0.3251666666666666
7277,5.507333333333334,3.5413750000000004,1.965958333333334
7278,6.2665625,3.3392916666666665,2.9272708333333335
7279,12.025895833333331,3.1626250000000002,8.863270833333331
7280,9.781541666666667,3.125229166666667,6.6563125
7281,9.080854166666667,3.1703541666666673,5.910499999999999
7282,5.907625,3.4135000000000004,2.494125
7283,5.071916666666667,5.507333333333334,-0.4354166666666677
7284,4.500958333333333,6.2665625,-1.7656041666666669
7285,5.2799375,12.025895833333331,-6.7459583333333315
7286,4.697604166666666,9.781541666666667,-5.083937500000001
7287,5.222416666666666,9.080854166666667,-3.858437500000001
7288,5.442166666666668,5.907625,-0.4654583333333324
7289,5.013541666666667,5.071916666666667,-0.058374999999999844
7290,4.524291666666667,4.500958333333333,0.023333333333333428
7291,4.437458333333333,5.2799375,-0.8424791666666671
7292,5.118979166666667,4.697604166666666,0.4213750000000003
7293,8.262749999999999,5.222416666666666,3.040333333333333
7294,9.318624999999999,5.442166666666668,3.876458333333331
7295,11.563520833333333,5.013541666666667,6.549979166666667
7296,10.413104166666667,4.524291666666667,5.8888125
7297,8.884020833333333,4.437458333333333,4.4465625
7298,7.956770833333334,5.118979166666667,2.837791666666667
7299,6.758479166666667,8.262749999999999,-1.5042708333333321
7300,5.426083333333334,9.318624999999999,-3.8925416666666655
7301,5.119208333333333,11.563520833333333,-6.4443125000000006
7302,4.380708333333334,10.413104166666667,-6.032395833333333
7303,4.167020833333333,8.884020833333333,-4.717
7304,4.11325,7.956770833333334,-3.8435208333333337
7305,3.7371666666666665,6.758479166666667,-3.0213125
7306,3.3147291666666665,5.426083333333334,-2.111354166666667
7307,3.2077499999999994,5.119208333333333,-1.9114583333333335
7308,3.1445416666666666,4.380708333333334,-1.236166666666667
7309,2.9650625,4.167020833333333,-1.2019583333333328
7310,3.1789166666666673,4.11325,-0.9343333333333326
7311,3.889729166666667,3.7371666666666665,0.1525625000000006
7312,3.3398750000000006,3.3147291666666665,0.02514583333333409
7313,3.172041666666667,3.2077499999999994,-0.035708333333332565
7314,5.445104166666667,3.1445416666666666,2.3005625000000003
7315,4.2375625,2.9650625,1.2725
7316,3.708604166666666,3.1789166666666673,0.5296874999999988
7317,3.4104375000000005,3.889729166666667,-0.47929166666666667
7318,3.1865,3.3398750000000006,-0.15337500000000048
7319,2.96025,3.172041666666667,-0.21179166666666704
7320,2.7587291666666665,5.445104166666667,-2.6863750000000004
7321,2.573604166666667,4.2375625,-1.663958333333333
7322,2.4715208333333334,3.708604166666666,-1.2370833333333326
7323,2.349020833333333,3.4104375000000005,-1.0614166666666676
7324,2.4276250000000004,3.1865,-0.7588749999999997
7325,2.304104166666667,2.96025,-0.656145833333333
7326,2.0203124999999997,2.7587291666666665,-0.7384166666666667
7327,2.0297916666666667,2.573604166666667,-0.5438125000000005
7328,2.5476666666666667,2.4715208333333334,0.07614583333333336
7329,2.7139791666666664,2.349020833333333,0.3649583333333335
7330,3.2391875,2.4276250000000004,0.8115624999999995
7331,3.3529166666666668,2.304104166666667,1.0488125
7332,3.2579583333333333,2.0203124999999997,1.2376458333333336
7333,3.022770833333334,2.0297916666666667,0.9929791666666672
7334,2.9678541666666667,2.5476666666666667,0.42018749999999994
7335,4.519854166666668,2.7139791666666664,1.8058750000000012
7336,3.1676041666666666,3.2391875,-0.07158333333333333
7337,2.8921666666666668,3.3529166666666668,-0.46075
7338,2.6542708333333334,3.2579583333333333,-0.6036874999999999
7339,2.7693125,3.022770833333334,-0.253458333333334
7340,2.9764375000000007,2.9678541666666667,0.008583333333334053
7341,3.1871875000000003,4.519854166666668,-1.3326666666666673
7342,2.9957499999999997,3.1676041666666666,-0.17185416666666686
7343,2.7714374999999998,2.8921666666666668,-0.120729166666667
7344,2.6494375000000003,2.6542708333333334,-0.004833333333333023
7345,2.56,2.7693125,-0.2093124999999998
7346,2.3918541666666666,2.9764375000000007,-0.5845833333333341
7347,2.228270833333333,3.1871875000000003,-0.9589166666666671
7348,2.0526666666666666,2.9957499999999997,-0.943083333333333
7349,1.9947708333333332,2.7714374999999998,-0.7766666666666666
7350,2.0591458333333335,2.6494375000000003,-0.5902916666666669
7351,2.247458333333334,2.56,-0.3125416666666663
7352,2.150395833333333,2.3918541666666666,-0.24145833333333355
7353,2.2114583333333333,2.228270833333333,-0.016812499999999897
7354,2.1109791666666666,2.0526666666666666,0.05831249999999999
7355,1.9820208333333333,1.9947708333333332,-0.012749999999999817
7356,1.9806249999999999,2.0591458333333335,-0.0785208333333336
7357,1.9732916666666667,2.247458333333334,-0.2741666666666671
7358,1.9644166666666667,2.150395833333333,-0.18597916666666636
7359,1.8327291666666667,2.2114583333333333,-0.37872916666666656
7360,1.8116875,2.1109791666666666,-0.29929166666666673
7361,1.7584791666666666,1.9820208333333333,-0.22354166666666675
7362,1.6583958333333333,1.9806249999999999,-0.32222916666666657
7363,1.5938958333333335,1.9732916666666667,-0.37939583333333315
7364,1.556875,1.9644166666666667,-0.4075416666666667
7365,1.5718541666666666,1.8327291666666667,-0.2608750000000002
7366,1.6909999999999998,1.8116875,-0.12068750000000006
7367,1.7080624999999998,1.7584791666666666,-0.050416666666666776
7368,1.7232916666666664,1.6583958333333333,0.06489583333333315
7369,1.8396875000000001,1.5938958333333335,0.24579166666666663
7370,1.6737916666666666,1.556875,0.11691666666666656
7371,1.6676041666666668,1.5718541666666666,0.09575000000000022
7372,2.040125,1.6909999999999998,0.34912500000000035
7373,2.9985208333333335,1.7080624999999998,1.2904583333333337
7374,2.0460625,1.7232916666666664,0.3227708333333337
7375,2.0390833333333336,1.8396875000000001,0.19939583333333344
7376,2.2004375,1.6737916666666666,0.5266458333333335
7377,2.1184166666666666,1.6676041666666668,0.45081249999999984
7378,2.0549166666666667,2.040125,0.014791666666666536
7379,1.9116875,2.9985208333333335,-1.0868333333333335
7380,1.9163333333333334,2.0460625,-0.12972916666666667
7381,1.921458333333333,2.0390833333333336,-0.11762500000000053
7382,1.9939999999999998,2.2004375,-0.20643750000000027
7383,2.3085833333333334,2.1184166666666666,0.19016666666666682
7384,2.4861875,2.0549166666666667,0.4312708333333335
7385,2.115979166666667,1.9116875,0.20429166666666698
7386,1.977125,1.9163333333333334,0.06079166666666658
7387,1.9862916666666666,1.921458333333333,0.06483333333333352
7388,1.9254166666666663,1.9939999999999998,-0.06858333333333344
7389,1.9005416666666666,2.3085833333333334,-0.40804166666666686
7390,1.8618750000000002,2.4861875,-0.6243125
7391,1.92175,2.115979166666667,-0.1942291666666669
7392,1.8887083333333334,1.977125,-0.08841666666666659
7393,1.852645833333333,1.9862916666666666,-0.13364583333333346
7394,1.8040833333333335,1.9254166666666663,-0.12133333333333285
7395,1.7565208333333333,1.9005416666666666,-0.14402083333333326
7396,1.665354166666667,1.8618750000000002,-0.19652083333333326
7397,1.6060833333333333,1.92175,-0.31566666666666676
7398,1.740645833333333,1.8887083333333334,-0.14806250000000043
7399,2.018333333333333,1.852645833333333,0.1656875
7400,1.7950208333333333,1.8040833333333335,-0.009062500000000195
7401,1.729,1.7565208333333333,-0.027520833333333217
7402,1.6501458333333332,1.665354166666667,-0.015208333333333712
7403,1.6356041666666667,1.6060833333333333,0.02952083333333344
7404,1.5937708333333331,1.740645833333333,-0.14687499999999987
7405,1.62925,2.018333333333333,-0.389083333333333
7406,1.5298333333333334,1.7950208333333333,-0.2651874999999999
7407,1.5083333333333335,1.729,-0.22066666666666657
7408,1.4562291666666667,1.6501458333333332,-0.19391666666666652
7409,1.4596666666666664,1.6356041666666667,-0.1759375000000003
7410,1.4246458333333332,1.5937708333333331,-0.16912499999999997
7411,1.64175,1.62925,0.012499999999999956
7412,1.9315625,1.5298333333333334,0.4017291666666667
7413,1.9248541666666668,1.5083333333333335,0.41652083333333323
7414,1.9725625000000002,1.4562291666666667,0.5163333333333335
7415,1.6705208333333335,1.4596666666666664,0.210854166666667
7416,1.4386875000000001,1.4246458333333332,0.014041666666666952
7417,1.4733958333333332,1.64175,-0.1683541666666668
7418,1.5121875000000002,1.9315625,-0.41937499999999983
7419,1.5216458333333334,1.9248541666666668,-0.4032083333333334
7420,1.5314375,1.9725625000000002,-0.4411250000000002
7421,1.5411875000000002,1.6705208333333335,-0.1293333333333333
7422,1.6962083333333335,1.4386875000000001,0.2575208333333334
7423,1.747375,1.4733958333333332,0.27397916666666666
7424,1.971,1.5121875000000002,0.45881249999999985
7425,2.0577916666666667,1.5216458333333334,0.5361458333333333
7426,1.6583333333333334,1.5314375,0.12689583333333343
7427,1.4650833333333333,1.5411875000000002,-0.07610416666666686
7428,1.3416041666666665,1.6962083333333335,-0.35460416666666705
7429,1.1463124999999998,1.747375,-0.6010625
7430,1.3199791666666667,1.971,-0.6510208333333334
7431,1.359875,2.0577916666666667,-0.6979166666666667
7432,1.4984374999999996,1.6583333333333334,-0.1598958333333338
7433,1.4584791666666668,1.4650833333333333,-0.006604166666666522
7434,1.4102708333333336,1.3416041666666665,0.0686666666666671
7435,1.3371458333333333,1.1463124999999998,0.1908333333333334
7436,1.3134375,1.3199791666666667,-0.006541666666666668
7437,1.2734375,1.359875,-0.08643749999999994
7438,1.2591041666666667,1.4984374999999996,-0.23933333333333295
7439,1.4283333333333335,1.4584791666666668,-0.030145833333333316
7440,1.6322916666666665,1.4102708333333336,0.2220208333333329
7441,1.7183541666666666,1.3371458333333333,0.38120833333333337
7442,1.8247083333333336,1.3134375,0.5112708333333336
7443,1.6329166666666666,1.2734375,0.35947916666666657
7444,2.7673125000000005,1.2591041666666667,1.5082083333333338
7445,9.577187499999999,1.4283333333333335,8.148854166666666
7446,4.5447291666666665,1.6322916666666665,2.9124375000000002
7447,3.109291666666667,1.7183541666666666,1.3909375000000004
7448,2.4737500000000003,1.8247083333333336,0.6490416666666667
7449,2.2388749999999997,1.6329166666666666,0.6059583333333332
7450,2.1871666666666667,2.7673125000000005,-0.5801458333333338
7451,2.2958958333333332,9.577187499999999,-7.281291666666666
7452,2.4231041666666666,4.5447291666666665,-2.121625
7453,2.615875,3.109291666666667,-0.49341666666666706
7454,2.6670625,2.4737500000000003,0.19331249999999978
7455,2.173083333333333,2.2388749999999997,-0.06579166666666669
7456,1.9882916666666668,2.1871666666666667,-0.1988749999999999
7457,1.8790833333333332,2.2958958333333332,-0.41681250000000003
7458,1.7997708333333335,2.4231041666666666,-0.6233333333333331
7459,1.82125,2.615875,-0.7946249999999999
7460,1.7500625,2.6670625,-0.917
7461,1.7231874999999999,2.173083333333333,-0.44989583333333316
7462,1.6169583333333335,1.9882916666666668,-0.3713333333333333
7463,1.5673333333333332,1.8790833333333332,-0.31174999999999997
7464,1.5983958333333332,1.7997708333333335,-0.2013750000000003
7465,7.0335,1.82125,5.21225
7466,5.097875,1.7500625,3.3478125
7467,3.999729166666667,1.7231874999999999,2.276541666666667
7468,3.2816458333333336,1.6169583333333335,1.6646875
7469,2.902458333333333,1.5673333333333332,1.335125
7470,2.6800208333333333,1.5983958333333332,1.081625
7471,2.4860208333333333,7.0335,-4.547479166666667
7472,2.306604166666667,5.097875,-2.7912708333333334
7473,2.129375,3.999729166666667,-1.870354166666667
7474,2.047875,3.2816458333333336,-1.2337708333333337
7475,2.0686875000000002,2.902458333333333,-0.8337708333333329
7476,2.257,2.6800208333333333,-0.4230208333333332
7477,2.196729166666667,2.4860208333333333,-0.2892916666666663
7478,1.9633958333333332,2.306604166666667,-0.34320833333333356
7479,1.9176458333333333,2.129375,-0.21172916666666675
7480,1.732375,2.047875,-0.3154999999999999
7481,1.6858958333333334,2.0686875000000002,-0.38279166666666686
7482,1.5808958333333332,2.257,-0.676104166666667
7483,1.4658333333333333,2.196729166666667,-0.7308958333333337
7484,1.5101041666666666,1.9633958333333332,-0.45329166666666665
7485,1.4698541666666667,1.9176458333333333,-0.4477916666666666
7486,1.4715,1.732375,-0.26087499999999997
7487,1.4550624999999997,1.6858958333333334,-0.23083333333333367
7488,1.4071458333333335,1.5808958333333332,-0.17374999999999963
7489,1.3608124999999998,1.4658333333333333,-0.10502083333333356
7490,1.3406041666666664,1.5101041666666666,-0.1695000000000002
7491,1.3792708333333337,1.4698541666666667,-0.09058333333333302
7492,1.4766458333333337,1.4715,0.005145833333333627
7493,1.5362916666666668,1.4550624999999997,0.08122916666666713
7494,1.6346875,1.4071458333333335,0.22754166666666653
7495,1.5473958333333335,1.3608124999999998,0.18658333333333377
7496,1.506895833333333,1.3406041666666664,0.16629166666666673
7497,1.4783125000000001,1.3792708333333337,0.09904166666666647
7498,1.4388958333333335,1.4766458333333337,-0.03775000000000017
7499,1.9638333333333333,1.5362916666666668,0.4275416666666665
7500,2.1086666666666667,1.6346875,0.4739791666666666
7501,2.265041666666667,1.5473958333333335,0.7176458333333333
7502,2.242729166666667,1.506895833333333,0.7358333333333338
7503,2.349479166666667,1.4783125000000001,0.8711666666666666
7504,2.7961041666666664,1.4388958333333335,1.357208333333333
7505,3.3629583333333333,1.9638333333333333,1.399125
7506,3.017,2.1086666666666667,0.9083333333333332
7507,3.1696666666666666,2.265041666666667,0.9046249999999998
7508,3.3915208333333333,2.242729166666667,1.1487916666666664
7509,3.421416666666667,2.349479166666667,1.0719375000000002
7510,3.646104166666667,2.7961041666666664,0.8500000000000005
7511,3.4393124999999998,3.3629583333333333,0.0763541666666665
7512,3.4207916666666667,3.017,0.40379166666666677
7513,3.1925000000000003,3.1696666666666666,0.022833333333333705
7514,3.215354166666667,3.3915208333333333,-0.17616666666666614
7515,3.1631666666666667,3.421416666666667,-0.2582500000000003
7516,2.9175625000000003,3.646104166666667,-0.7285416666666666
7517,2.8265,3.4393124999999998,-0.6128125
7518,2.9611250000000005,3.4207916666666667,-0.4596666666666662
7519,2.8221249999999998,3.1925000000000003,-0.37037500000000056
7520,2.8440208333333334,3.215354166666667,-0.37133333333333374
7521,3.7510833333333338,3.1631666666666667,0.5879166666666671
7522,8.098625,2.9175625000000003,5.1810624999999995
7523,8.143770833333333,2.8265,5.317270833333334
7524,5.578229166666667,2.9611250000000005,2.617104166666666
7525,4.858375,2.8221249999999998,2.03625
7526,4.657270833333333,2.8440208333333334,1.8132499999999991
7527,4.5831875,3.7510833333333338,0.8321041666666664
7528,4.751062500000001,8.098625,-3.3475624999999996
7529,4.254145833333333,8.143770833333333,-3.8896249999999997
7530,3.969875,5.578229166666667,-1.6083541666666665
7531,4.024020833333334,4.858375,-0.8343541666666656
7532,3.635520833333333,4.657270833333333,-1.0217499999999995
7533,3.5234791666666667,4.5831875,-1.0597083333333335
7534,3.623270833333333,4.751062500000001,-1.1277916666666674
7535,4.0574375,4.254145833333333,-0.19670833333333348
7536,7.863250000000001,3.969875,3.8933750000000007
7537,6.098416666666666,4.024020833333334,2.074395833333332
7538,5.775729166666667,3.635520833333333,2.140208333333334
7539,4.747395833333333,3.5234791666666667,1.2239166666666663
7540,4.532291666666667,3.623270833333333,0.9090208333333334
7541,4.547166666666667,4.0574375,0.48972916666666677
7542,4.588458333333333,7.863250000000001,-3.274791666666668
7543,4.522104166666667,6.098416666666666,-1.5763124999999993
7544,4.9096874999999995,5.775729166666667,-0.8660416666666677
7545,5.586979166666666,4.747395833333333,0.8395833333333327
7546,7.146416666666667,4.532291666666667,2.6141250000000005
7547,8.341291666666667,4.547166666666667,3.794125
7548,10.739041666666665,4.588458333333333,6.150583333333333
7549,11.331729166666667,4.522104166666667,6.8096250000000005
7550,8.94525,4.9096874999999995,4.0355625
7551,7.679354166666666,5.586979166666666,2.0923750000000005
7552,6.756583333333334,7.146416666666667,-0.3898333333333328
7553,8.200395833333333,8.341291666666667,-0.14089583333333344
7554,8.8635,10.739041666666665,-1.875541666666665
7555,7.2093750000000005,11.331729166666667,-4.122354166666667
7556,7.039770833333333,8.94525,-1.9054791666666668
7557,8.760125,7.679354166666666,1.0807708333333341
7558,11.412520833333334,6.756583333333334,4.655937499999999
7559,9.753625,8.200395833333333,1.5532291666666662
7560,8.762666666666666,8.8635,-0.100833333333334
7561,8.467333333333334,7.2093750000000005,1.2579583333333337
7562,10.125083333333333,7.039770833333333,3.0853124999999997
7563,10.772791666666665,8.760125,2.0126666666666644
7564,11.873104166666664,11.412520833333334,0.46058333333333046
7565,13.329458333333335,9.753625,3.5758333333333354
7566,14.239416666666665,8.762666666666666,5.476749999999999
7567,12.452645833333333,8.467333333333334,3.985312499999999
7568,11.562520833333332,10.125083333333333,1.4374374999999997
7569,12.200708333333333,10.772791666666665,1.4279166666666683
7570,12.957583333333332,11.873104166666664,1.084479166666668
7571,12.094187499999999,13.329458333333335,-1.2352708333333364
7572,11.397562500000001,14.239416666666665,-2.841854166666664
7573,11.450916666666666,12.452645833333333,-1.0017291666666672
7574,13.998520833333336,11.562520833333332,2.4360000000000035
7575,14.078104166666668,12.200708333333333,1.8773958333333347
7576,12.917499999999999,12.957583333333332,-0.04008333333333347
7577,12.016,12.094187499999999,-0.07818749999999852
7578,11.27275,11.397562500000001,-0.12481250000000088
7579,11.003333333333332,11.450916666666666,-0.4475833333333341
7580,11.605104166666669,13.998520833333336,-2.393416666666667
7581,11.375874999999999,14.078104166666668,-2.702229166666669
7582,14.921791666666666,12.917499999999999,2.004291666666667
7583,13.6331875,12.016,1.6171875
7584,15.122106060606063,11.27275,3.8493560606060626
7585,15.648810606060607,11.003333333333332,4.645477272727275
7586,14.086125000000001,11.605104166666669,2.481020833333332
7587,13.178916666666666,11.375874999999999,1.803041666666667
7588,12.667541666666665,14.921791666666666,-2.2542500000000008
7589,12.3521875,13.6331875,-1.2810000000000006
7590,13.827620833333333,15.122106060606063,-1.2944852272727303
7591,15.727191666666664,15.648810606060607,0.07838106060605732
7592,15.868708333333336,14.086125000000001,1.782583333333335
7593,14.493333333333332,13.178916666666666,1.3144166666666663
7594,13.493604166666666,12.667541666666665,0.8260625000000008
7595,12.654854166666667,12.3521875,0.3026666666666671
7596,12.218083333333333,13.827620833333333,-1.6095375
7597,12.0834375,15.727191666666664,-3.643754166666664
7598,15.242020833333333,15.868708333333336,-0.6266875000000027
7599,12.511916666666666,14.493333333333332,-1.9814166666666662
7600,11.352354166666666,13.493604166666666,-2.1412499999999994
7601,10.245145833333334,12.654854166666667,-2.4097083333333327
7602,9.290208333333334,12.218083333333333,-2.9278749999999985
7603,9.227375,12.0834375,-2.8560625
7604,8.942354166666666,15.242020833333333,-6.299666666666667
7605,8.627916666666666,12.511916666666666,-3.8840000000000003
7606,8.601145833333334,11.352354166666666,-2.7512083333333326
7607,10.167791666666666,10.245145833333334,-0.07735416666666772
7608,11.937645833333335,9.290208333333334,2.6474375000000006
7609,13.844604166666665,9.227375,4.6172291666666645
7610,10.769645833333334,8.942354166666666,1.8272916666666674
7611,9.435541666666667,8.627916666666666,0.8076250000000016
7612,8.35425,8.601145833333334,-0.24689583333333331
7613,7.803041666666666,10.167791666666666,-2.36475
7614,7.309666666666666,11.937645833333335,-4.627979166666669
7615,7.107375,13.844604166666665,-6.737229166666665
7616,7.344562499999999,10.769645833333334,-3.425083333333334
7617,7.507749999999999,9.435541666666667,-1.9277916666666686
7618,7.603604166666667,8.35425,-0.7506458333333335
7619,7.126229166666666,7.803041666666666,-0.6768125000000005
7620,7.7223749999999995,7.309666666666666,0.4127083333333337
7621,8.269416666666666,7.107375,1.1620416666666662
7622,9.474166666666667,7.344562499999999,2.1296041666666676
7623,9.338416666666667,7.507749999999999,1.8306666666666684
7624,8.240562500000001,7.603604166666667,0.6369583333333342
7625,7.288875,7.126229166666666,0.16264583333333427
7626,7.167104166666667,7.7223749999999995,-0.5552708333333323
7627,9.590708333333334,8.269416666666666,1.3212916666666672
7628,7.970041666666667,9.474166666666667,-1.5041250000000002
7629,6.775270833333333,9.338416666666667,-2.5631458333333343
7630,6.107458333333334,8.240562500000001,-2.1331041666666675
7631,13.655472222222222,7.288875,6.3665972222222225
7632,14.607694444444446,7.167104166666667,7.440590277777779
7633,12.494916666666667,9.590708333333334,2.904208333333333
7634,9.881833333333333,7.970041666666667,1.911791666666666
7635,10.324583333333333,6.775270833333333,3.5493125
7636,12.527124999999998,6.107458333333334,6.419666666666664
7637,10.802145833333332,13.655472222222222,-2.85332638888889
7638,8.6184375,14.607694444444446,-5.9892569444444455
7639,7.4110000000000005,12.494916666666667,-5.083916666666666
7640,6.934437499999999,9.881833333333333,-2.947395833333334
7641,6.327854166666666,10.324583333333333,-3.9967291666666673
7642,5.876520833333333,12.527124999999998,-6.650604166666665
7643,5.462708333333334,10.802145833333332,-5.339437499999998
7644,5.208166666666667,8.6184375,-3.4102708333333336
7645,4.8799375000000005,7.4110000000000005,-2.5310625
7646,4.538645833333334,6.934437499999999,-2.395791666666665
7647,5.255624999999999,6.327854166666666,-1.0722291666666663
7648,4.8486875,5.876520833333333,-1.0278333333333336
7649,4.253875,5.462708333333334,-1.2088333333333345
7650,4.1190625,5.208166666666667,-1.089104166666667
7651,3.799895833333333,4.8799375000000005,-1.0800416666666677
7652,3.44425,4.538645833333334,-1.094395833333334
7653,3.2371041666666662,5.255624999999999,-2.018520833333333
7654,3.0368541666666666,4.8486875,-1.811833333333333
7655,2.9082291666666666,4.253875,-1.3456458333333332
7656,3.521416666666667,4.1190625,-0.597645833333333
7657,2.8268958333333334,3.799895833333333,-0.9729999999999994
7658,2.648354166666667,3.44425,-0.7958958333333328
7659,2.505125,3.2371041666666662,-0.7319791666666662
7660,2.4551666666666665,3.0368541666666666,-0.5816875000000001
7661,2.2609583333333334,2.9082291666666666,-0.6472708333333332
7662,2.5327708333333336,3.521416666666667,-0.9886458333333334
7663,2.6657499999999996,2.8268958333333334,-0.16114583333333377
7664,2.6893958333333337,2.648354166666667,0.04104166666666664
7665,2.68075,2.505125,0.17562500000000014
7666,2.470479166666667,2.4551666666666665,0.015312500000000284
7667,2.260291666666667,2.2609583333333334,-0.0006666666666665932
7668,2.1130416666666667,2.5327708333333336,-0.41972916666666693
7669,1.9180416666666666,2.6657499999999996,-0.747708333333333
7670,1.7375833333333333,2.6893958333333337,-0.9518125000000004
7671,1.67225,2.68075,-1.0085000000000002
7672,1.4714999999999998,2.470479166666667,-0.998979166666667
7673,1.4551458333333336,2.260291666666667,-0.8051458333333332
7674,2.1980625000000003,2.1130416666666667,0.08502083333333355
7675,1.9719375000000001,1.9180416666666666,0.053895833333333476
7676,4.889104166666667,1.7375833333333333,3.1515208333333335
7677,5.403625000000001,1.67225,3.7313750000000008
7678,5.250020833333334,1.4714999999999998,3.778520833333334
7679,4.688979166666667,1.4551458333333336,3.233833333333333
7680,4.465770833333333,2.1980625000000003,2.2677083333333328
7681,4.072354166666666,1.9719375000000001,2.100416666666666
7682,3.765875,4.889104166666667,-1.123229166666667
7683,3.494729166666667,5.403625000000001,-1.9088958333333337
7684,3.3215625,5.250020833333334,-1.9284583333333338
7685,3.213270833333334,4.688979166666667,-1.475708333333333
7686,3.040895833333334,4.465770833333333,-1.4248749999999992
7687,3.0467708333333334,4.072354166666666,-1.0255833333333326
7688,2.9379375000000003,3.765875,-0.8279374999999995
7689,3.1238958333333335,3.494729166666667,-0.37083333333333357
7690,3.1075208333333335,3.3215625,-0.21404166666666669
7691,3.056395833333333,3.213270833333334,-0.15687500000000076
7692,3.078333333333333,3.040895833333334,0.037437499999999346
7693,2.9533125000000005,3.0467708333333334,-0.09345833333333298
7694,3.0787291666666667,2.9379375000000003,0.14079166666666643
7695,3.0819999999999994,3.1238958333333335,-0.04189583333333413
7696,3.1037083333333335,3.1075208333333335,-0.0038124999999999964
7697,2.8759166666666665,3.056395833333333,-0.18047916666666675
7698,2.695041666666667,3.078333333333333,-0.38329166666666614
7699,2.6724374999999996,2.9533125000000005,-0.2808750000000009
7700,2.5438750000000003,3.0787291666666667,-0.5348541666666664
7701,2.5186458333333333,3.0819999999999994,-0.5633541666666662
7702,2.527104166666667,3.1037083333333335,-0.5766041666666664
7703,2.53,2.8759166666666665,-0.34591666666666665
7704,2.536375,2.695041666666667,-0.15866666666666696
7705,2.6728333333333336,2.6724374999999996,0.00039583333333403914
7706,2.7445833333333334,2.5438750000000003,0.20070833333333304
7707,2.718270833333334,2.5186458333333333,0.1996250000000006
7708,2.5618125000000003,2.527104166666667,0.03470833333333312
7709,2.5678750000000004,2.53,0.03787500000000055
7710,2.5740625,2.536375,0.037687500000000096
7711,2.48775,2.6728333333333336,-0.1850833333333335
7712,2.6956875,2.7445833333333334,-0.04889583333333336
7713,3.5116874999999994,2.718270833333334,0.7934166666666655
7714,3.5185833333333334,2.5618125000000003,0.9567708333333331
7715,3.0509583333333334,2.5678750000000004,0.4830833333333331
7716,3.0175208333333337,2.5740625,0.4434583333333335
7717,2.9984791666666673,2.48775,0.5107291666666671
7718,2.823395833333333,2.6956875,0.1277083333333331
7719,2.7684374999999997,3.5116874999999994,-0.7432499999999997
7720,2.6374999999999997,3.5185833333333334,-0.8810833333333337
7721,2.5945833333333335,3.0509583333333334,-0.456375
7722,2.4923125,3.0175208333333337,-0.5252083333333335
7723,2.4661458333333335,2.9984791666666673,-0.5323333333333338
7724,3.1471250000000004,2.823395833333333,0.3237291666666673
7725,2.917479166666667,2.7684374999999997,0.14904166666666718
7726,2.6977291666666665,2.6374999999999997,0.06022916666666678
7727,2.5414375000000002,2.5945833333333335,-0.053145833333333226
7728,2.5467291666666667,2.4923125,0.05441666666666656
7729,2.6804166666666664,2.4661458333333335,0.21427083333333297
7730,2.5765,3.1471250000000004,-0.5706250000000006
7731,2.5089166666666665,2.917479166666667,-0.4085625000000004
7732,2.417291666666667,2.6977291666666665,-0.2804374999999997
7733,2.3318333333333334,2.5414375000000002,-0.2096041666666668
7734,3.3956458333333335,2.5467291666666667,0.8489166666666668
7735,4.413729166666666,2.6804166666666664,1.7333124999999998
7736,3.578875,2.5765,1.0023750000000002
7737,3.3627291666666665,2.5089166666666665,0.8538125000000001
7738,3.273645833333333,2.417291666666667,0.8563541666666663
7739,3.2203125000000004,2.3318333333333334,0.8884791666666669
7740,3.4375416666666667,3.3956458333333335,0.04189583333333324
7741,3.387333333333333,4.413729166666666,-1.0263958333333334
7742,3.205895833333333,3.578875,-0.3729791666666671
7743,3.0221250000000004,3.3627291666666665,-0.34060416666666615
7744,2.8726875,3.273645833333333,-0.4009583333333331
7745,2.7947500000000005,3.2203125000000004,-0.42556249999999984
7746,2.7843958333333334,3.4375416666666667,-0.6531458333333333
7747,2.514708333333333,3.387333333333333,-0.8726249999999998
7748,2.4700625,3.205895833333333,-0.7358333333333329
7749,2.427729166666667,3.0221250000000004,-0.5943958333333335
7750,2.433375,2.8726875,-0.4393125000000002
7751,2.439625,2.7947500000000005,-0.3551250000000006
7752,2.4459375,2.7843958333333334,-0.3384583333333335
7753,2.2645,2.514708333333333,-0.25020833333333314
7754,2.257125,2.4700625,-0.21293750000000022
7755,2.1968958333333335,2.427729166666667,-0.23083333333333345
7756,2.1165833333333333,2.433375,-0.3167916666666666
7757,2.0007083333333333,2.439625,-0.4389166666666666
7758,2.0034791666666667,2.4459375,-0.4424583333333332
7759,2.0569375,2.2645,-0.20756249999999987
7760,2.214375,2.257125,-0.042749999999999844
7761,2.4820624999999996,2.1968958333333335,0.2851666666666661
7762,2.4093750000000003,2.1165833333333333,0.292791666666667
7763,2.1858333333333335,2.0007083333333333,0.1851250000000002
7764,2.1956666666666664,2.0034791666666667,0.19218749999999973
7765,2.1631250000000004,2.0569375,0.10618750000000032
7766,2.1691249999999997,2.214375,-0.045250000000000234
7767,2.1753125,2.4820624999999996,-0.30674999999999963
7768,2.1241041666666667,2.4093750000000003,-0.2852708333333336
7769,2.055,2.1858333333333335,-0.13083333333333336
7770,2.1655,2.1956666666666664,-0.03016666666666623
7771,2.1615416666666665,2.1631250000000004,-0.0015833333333339361
7772,2.1267916666666666,2.1691249999999997,-0.04233333333333311
7773,2.175625,2.1753125,0.00031250000000015987
7774,2.1789375,2.1241041666666667,0.05483333333333329
7775,2.1605416666666666,2.055,0.10554166666666642
7776,2.1029583333333335,2.1655,-0.06254166666666672
7777,2.093479166666667,2.1615416666666665,-0.06806249999999947
7778,2.0837291666666666,2.1267916666666666,-0.043062500000000004
7779,2.080604166666667,2.175625,-0.09502083333333333
7780,2.0517291666666666,2.1789375,-0.12720833333333337
7781,1.969875,2.1605416666666666,-0.19066666666666654
7782,1.914770833333333,2.1029583333333335,-0.1881875000000004
7783,1.9465208333333333,2.093479166666667,-0.14695833333333375
7784,1.9432083333333334,2.0837291666666666,-0.1405208333333332
7785,1.8883958333333333,2.080604166666667,-0.19220833333333354
7786,1.8846458333333336,2.0517291666666666,-0.16708333333333303
7787,1.9525833333333333,1.969875,-0.017291666666666705
7788,1.8968750000000003,1.914770833333333,-0.017895833333332778
7789,1.9872708333333333,1.9465208333333333,0.040750000000000064
7790,1.9785000000000001,1.9432083333333334,0.03529166666666672
7791,2.009979166666667,1.8883958333333333,0.12158333333333382
7792,2.106895833333333,1.8846458333333336,0.22224999999999961
7793,2.042333333333333,1.9525833333333333,0.08974999999999977
7794,1.9681875000000002,1.8968750000000003,0.07131249999999989
7795,1.8698749999999997,1.9872708333333333,-0.11739583333333359
7796,1.7635833333333333,1.9785000000000001,-0.21491666666666687
7797,1.7057916666666666,2.009979166666667,-0.3041875000000005
7798,1.65675,2.106895833333333,-0.45014583333333325
7799,1.6689375000000002,2.042333333333333,-0.3733958333333329
7800,1.7164791666666666,1.9681875000000002,-0.25170833333333364
7801,1.6638958333333334,1.8698749999999997,-0.20597916666666638
7802,1.6524375000000002,1.7635833333333333,-0.11114583333333306
7803,1.647833333333333,1.7057916666666666,-0.057958333333333556
7804,0.9092500000000001,1.65675,-0.7474999999999998
7805,1.0390625,1.6689375000000002,-0.6298750000000002
7806,1.5214999999999999,1.7164791666666666,-0.1949791666666667
7807,1.7164583333333334,1.6638958333333334,0.05256250000000007
7808,1.6503125,1.6524375000000002,-0.0021250000000001545
7809,1.522729166666667,1.647833333333333,-0.12510416666666613
7810,1.8087499999999999,0.9092500000000001,0.8994999999999997
7811,2.310104166666667,1.0390625,1.271041666666667
7812,2.1883125,1.5214999999999999,0.6668125
7813,2.2666458333333335,1.7164583333333334,0.5501875
7814,2.3044375,1.6503125,0.6541250000000001
7815,2.166229166666667,1.522729166666667,0.6435000000000002
7816,1.9730416666666668,1.8087499999999999,0.16429166666666695
7817,1.8890416666666667,2.310104166666667,-0.42106250000000034
7818,1.787770833333333,2.1883125,-0.4005416666666668
7819,1.781958333333333,2.2666458333333335,-0.4846875000000004
7820,1.7118333333333335,2.3044375,-0.5926041666666666
7821,1.8118958333333335,2.166229166666667,-0.3543333333333336
7822,1.7311874999999999,1.9730416666666668,-0.24185416666666693
7823,1.7758333333333332,1.8890416666666667,-0.11320833333333358
7824,1.850395833333333,1.787770833333333,0.06262499999999993
7825,1.8505624999999999,1.781958333333333,0.0686041666666668
7826,1.8498333333333334,1.7118333333333335,0.1379999999999999
7827,1.938791666666667,1.8118958333333335,0.12689583333333343
7828,1.8643750000000001,1.7311874999999999,0.13318750000000024
7829,1.8124166666666668,1.7758333333333332,0.036583333333333634
7830,1.8793750000000002,1.850395833333333,0.028979166666667222
7831,2.4153125,1.8505624999999999,0.5647500000000003
7832,3.561166666666667,1.8498333333333334,1.7113333333333334
7833,3.3070833333333334,1.938791666666667,1.3682916666666665
7834,3.2553541666666668,1.8643750000000001,1.3909791666666667
7835,2.624833333333333,1.8124166666666668,0.8124166666666663
7836,2.4353541666666665,1.8793750000000002,0.5559791666666662
7837,2.3528333333333333,2.4153125,-0.06247916666666686
7838,2.396875,3.561166666666667,-1.1642916666666667
7839,2.3539791666666665,3.3070833333333334,-0.9531041666666669
7840,2.3904166666666664,3.2553541666666668,-0.8649375000000004
7841,2.308354166666667,2.624833333333333,-0.316479166666666
7842,2.5989791666666666,2.4353541666666665,0.16362500000000013
7843,2.7675,2.3528333333333333,0.41466666666666674
7844,2.4944583333333337,2.396875,0.09758333333333358
7845,2.3991666666666664,2.3539791666666665,0.045187499999999936
7846,2.258270833333333,2.3904166666666664,-0.1321458333333334
7847,8.191270833333332,2.308354166666667,5.882916666666665
7848,7.395625,2.5989791666666666,4.796645833333333
7849,4.295604166666666,2.7675,1.5281041666666662
7850,3.4449583333333336,2.4944583333333337,0.9504999999999999
7851,2.9915416666666665,2.3991666666666664,0.5923750000000001
7852,2.727854166666667,2.258270833333333,0.4695833333333339
7853,2.649958333333333,8.191270833333332,-5.541312499999999
7854,2.67125,7.395625,-4.724375
7855,2.7735416666666666,4.295604166666666,-1.5220624999999997
7856,3.313166666666667,3.4449583333333336,-0.13179166666666653
7857,5.5184375,2.9915416666666665,2.5268958333333336
7858,4.312375,2.727854166666667,1.5845208333333334
7859,3.7297708333333333,2.649958333333333,1.0798125
7860,3.950229166666667,2.67125,1.2789791666666668
7861,3.699895833333334,2.7735416666666666,0.9263541666666675
7862,3.501583333333333,3.313166666666667,0.188416666666666
7863,3.4031875,5.5184375,-2.11525
7864,3.30925,4.312375,-1.0031250000000003
7865,3.105375,3.7297708333333333,-0.6243958333333333
7866,3.0056249999999998,3.950229166666667,-0.9446041666666671
7867,2.8867708333333333,3.699895833333334,-0.8131250000000008
7868,2.823166666666667,3.501583333333333,-0.6784166666666662
7869,2.822041666666667,3.4031875,-0.5811458333333333
7870,2.8075624999999995,3.30925,-0.5016875000000005
7871,2.765375,3.105375,-0.33999999999999986
7872,2.7683750000000003,3.0056249999999998,-0.23724999999999952
7873,2.9726458333333334,2.8867708333333333,0.08587500000000015
7874,2.7636458333333334,2.823166666666667,-0.05952083333333347
7875,2.6508125000000002,2.822041666666667,-0.17122916666666654
7876,2.472020833333333,2.8075624999999995,-0.3355416666666664
7877,2.3873125,2.765375,-0.37806249999999997
7878,2.409333333333333,2.7683750000000003,-0.35904166666666715
7879,2.403208333333333,2.9726458333333334,-0.5694375000000003
7880,2.631479166666667,2.7636458333333334,-0.13216666666666654
7881,2.4893958333333335,2.6508125000000002,-0.16141666666666676
7882,2.3933541666666667,2.472020833333333,-0.07866666666666644
7883,2.3698333333333332,2.3873125,-0.017479166666666934
7884,2.259229166666667,2.409333333333333,-0.15010416666666604
7885,2.9847916666666663,2.403208333333333,0.5815833333333331
7886,3.2918125000000003,2.631479166666667,0.6603333333333334
7887,3.5413125,2.4893958333333335,1.0519166666666666
7888,3.1799999999999997,2.3933541666666667,0.786645833333333
7889,2.9136666666666664,2.3698333333333332,0.5438333333333332
7890,2.881375,2.259229166666667,0.6221458333333327
7891,3.4617916666666666,2.9847916666666663,0.4770000000000003
7892,4.332375,3.2918125000000003,1.0405624999999996
7893,4.321395833333334,3.5413125,0.7800833333333337
7894,5.233416666666667,3.1799999999999997,2.053416666666667
7895,5.377083333333334,2.9136666666666664,2.4634166666666677
7896,5.050708333333334,2.881375,2.169333333333334
7897,4.701395833333334,3.4617916666666666,1.239604166666667
7898,4.629625,4.332375,0.29725
7899,5.1421875,4.321395833333334,0.8207916666666666
7900,5.461916666666667,5.233416666666667,0.22850000000000037
7901,5.591854166666667,5.377083333333334,0.2147708333333327
7902,5.719708333333334,5.050708333333334,0.6690000000000005
7903,6.060708333333333,4.701395833333334,1.3593124999999997
7904,6.153770833333333,4.629625,1.5241458333333329
7905,5.840583333333332,5.1421875,0.6983958333333318
7906,6.562895833333333,5.461916666666667,1.100979166666666
7907,6.311479166666667,5.591854166666667,0.7196250000000006
7908,7.529187499999999,5.719708333333334,1.809479166666665
7909,6.278104166666666,6.060708333333333,0.2173958333333328
7910,6.1356874999999995,6.153770833333333,-0.01808333333333323
7911,6.358104166666666,5.840583333333332,0.5175208333333341
7912,6.677395833333333,6.562895833333333,0.1144999999999996
7913,7.14425,6.311479166666667,0.832770833333333
7914,8.160833333333333,7.529187499999999,0.6316458333333337
7915,7.911479166666666,6.278104166666666,1.633375
7916,7.797625,6.1356874999999995,1.6619375000000005
7917,8.049000000000001,6.358104166666666,1.690895833333335
7918,8.581770833333334,6.677395833333333,1.9043750000000008
7919,9.1358125,7.14425,1.9915624999999997
7920,8.194770833333333,8.160833333333333,0.0339375000000004
7921,7.616645833333333,7.911479166666666,-0.29483333333333306
7922,7.3096875,7.797625,-0.48793750000000014
7923,7.594458333333333,8.049000000000001,-0.4545416666666684
7924,9.810812499999999,8.581770833333334,1.2290416666666655
7925,9.894958333333333,9.1358125,0.7591458333333332
7926,9.200083333333334,8.194770833333333,1.0053125000000005
7927,8.678791666666667,7.616645833333333,1.062145833333334
7928,8.735541666666665,7.3096875,1.4258541666666646
7929,9.216166666666666,7.594458333333333,1.6217083333333333
7930,9.091458333333334,9.810812499999999,-0.7193541666666654
7931,8.397958333333333,9.894958333333333,-1.4969999999999999
7932,8.545020833333332,9.200083333333334,-0.6550625000000014
7933,8.1770625,8.678791666666667,-0.5017291666666672
7934,8.2738125,8.735541666666665,-0.4617291666666645
7935,8.6348125,9.216166666666666,-0.5813541666666655
7936,10.498854166666666,9.091458333333334,1.4073958333333323
7937,11.770979166666669,8.397958333333333,3.373020833333335
7938,9.808124999999999,8.545020833333332,1.2631041666666665
7939,8.492395833333333,8.1770625,0.31533333333333324
7940,8.0360625,8.2738125,-0.23775000000000013
7941,7.8551875,8.6348125,-0.7796250000000002
7942,7.4961875000000004,10.498854166666666,-3.0026666666666655
7943,7.4459583333333335,11.770979166666669,-4.325020833333335
7944,7.705520833333334,9.808124999999999,-2.102604166666665
7945,7.533687499999999,8.492395833333333,-0.9587083333333339
7946,7.599395833333333,8.0360625,-0.43666666666666654
7947,7.2876666666666665,7.8551875,-0.5675208333333339
7948,6.727499999999999,7.4961875000000004,-0.7686875000000013
7949,6.330687500000001,7.4459583333333335,-1.1152708333333328
7950,6.207645833333333,7.705520833333334,-1.4978750000000005
7951,6.439,7.533687499999999,-1.0946874999999991
7952,6.284916666666668,7.599395833333333,-1.3144791666666658
7953,6.1214375,7.2876666666666665,-1.1662291666666667
7954,6.080770833333333,6.727499999999999,-0.6467291666666659
7955,6.115083333333334,6.330687500000001,-0.21560416666666704
7956,5.942291666666667,6.207645833333333,-0.26535416666666656
7957,6.2794375,6.439,-0.15956249999999983
7958,6.338354166666666,6.284916666666668,0.05343749999999847
7959,6.3217083333333335,6.1214375,0.20027083333333362
7960,6.918458333333334,6.080770833333333,0.8376875000000004
7961,6.30375,6.115083333333334,0.18866666666666632
7962,6.02775,5.942291666666667,0.08545833333333341
7963,6.491916666666666,6.2794375,0.21247916666666544
7964,6.5681666666666665,6.338354166666666,0.22981250000000042
7965,6.0923541666666665,6.3217083333333335,-0.22935416666666697
7966,5.7159375,6.918458333333334,-1.2025208333333337
7967,5.385979166666666,6.30375,-0.9177708333333339
7968,5.367583333333333,6.02775,-0.660166666666667
7969,5.190791666666667,6.491916666666666,-1.301124999999999
7970,5.710395833333333,6.5681666666666665,-0.8577708333333334
7971,7.307979166666667,6.0923541666666665,1.2156250000000002
7972,7.058916666666666,5.7159375,1.342979166666666
7973,8.228,5.385979166666666,2.8420208333333337
7974,7.805833333333333,5.367583333333333,2.43825
7975,10.374291666666666,5.190791666666667,5.1834999999999996
7976,9.000291666666666,5.710395833333333,3.2898958333333326
7977,7.4924374999999985,7.307979166666667,0.18445833333333184
7978,6.7595,7.058916666666666,-0.2994166666666658
7979,6.314833333333333,8.228,-1.9131666666666671
7980,6.2740625,7.805833333333333,-1.5317708333333329
7981,6.022354166666666,10.374291666666666,-4.3519375
7982,5.6416875,9.000291666666666,-3.358604166666666
7983,5.459791666666667,7.4924374999999985,-2.0326458333333317
7984,6.6749166666666655,6.7595,-0.08458333333333456
7985,10.134270833333334,6.314833333333333,3.819437500000001
7986,12.934772435897436,6.2740625,6.660709935897436
7987,14.176685897435897,6.022354166666666,8.154331730769231
7988,11.216708333333335,5.6416875,5.575020833333335
7989,9.434229166666666,5.459791666666667,3.9744374999999996
7990,9.435104166666667,6.6749166666666655,2.7601875000000016
7991,9.045208333333333,10.134270833333334,-1.0890625000000007
7992,7.8823125,12.934772435897436,-5.052459935897436
7993,6.923104166666666,14.176685897435897,-7.253581730769231
7994,6.261729166666666,11.216708333333335,-4.954979166666669
7995,5.8341875,9.434229166666666,-3.600041666666667
7996,5.390291666666667,9.435104166666667,-4.0448125
7997,5.564208333333333,9.045208333333333,-3.481
7998,5.595416666666666,7.8823125,-2.2868958333333342
7999,5.633854166666667,6.923104166666666,-1.2892499999999991
8000,9.443104166666666,6.261729166666666,3.181375
8001,8.241791666666666,5.8341875,2.4076041666666663
8002,14.699375000000002,5.390291666666667,9.309083333333334
8003,13.206583333333333,5.564208333333333,7.6423749999999995
8004,10.751916666666665,5.595416666666666,5.1564999999999985
8005,8.661833333333334,5.633854166666667,3.0279791666666673
8006,7.221229166666667,9.443104166666666,-2.221874999999999
8007,8.7700625,8.241791666666666,0.5282708333333339
8008,7.0011875,14.699375000000002,-7.698187500000001
8009,6.317229166666667,13.206583333333333,-6.889354166666665
8010,12.145416666666668,10.751916666666665,1.393500000000003
8011,12.973104166666667,8.661833333333334,4.311270833333333
8012,9.679041666666667,7.221229166666667,2.4578124999999993
8013,7.967458333333333,8.7700625,-0.8026041666666668
8014,6.937562499999999,7.0011875,-0.06362500000000093
8015,6.917770833333333,6.317229166666667,0.6005416666666656
8016,7.937604166666667,12.145416666666668,-4.207812500000001
8017,6.2484166666666665,12.973104166666667,-6.724687500000001
8018,5.566270833333334,9.679041666666667,-4.112770833333332
8019,5.351812500000001,7.967458333333333,-2.615645833333332
8020,5.222895833333333,6.937562499999999,-1.7146666666666661
8021,4.9516875,6.917770833333333,-1.9660833333333327
8022,4.986,7.937604166666667,-2.951604166666667
8023,11.982270833333333,6.2484166666666665,5.733854166666666
8024,15.06612962962963,5.566270833333334,9.499858796296296
8025,15.521974537037037,5.351812500000001,10.170162037037036
8026,11.827520833333333,5.222895833333333,6.6046249999999995
8027,9.959208333333335,4.9516875,5.007520833333334
8028,9.165854166666668,4.986,4.179854166666668
8029,8.370354166666665,11.982270833333333,-3.6119166666666676
8030,7.095520833333333,15.06612962962963,-7.970608796296298
8031,6.557895833333333,15.521974537037037,-8.964078703703704
8032,8.161791666666666,11.827520833333333,-3.665729166666667
8033,7.226625000000001,9.959208333333335,-2.7325833333333334
8034,6.764875,9.165854166666668,-2.4009791666666676
8035,6.385979166666666,8.370354166666665,-1.9843749999999991
8036,6.072791666666666,7.095520833333333,-1.0227291666666662
8037,5.811458333333333,6.557895833333333,-0.7464374999999999
8038,6.4887500000000005,8.161791666666666,-1.6730416666666654
8039,6.6044583333333335,7.226625000000001,-0.6221666666666676
8040,6.171499999999999,6.764875,-0.5933750000000009
8041,5.946249999999999,6.385979166666666,-0.43972916666666695
8042,6.549354166666667,6.072791666666666,0.4765625000000009
8043,5.893833333333333,5.811458333333333,0.08237499999999986
8044,5.502854166666666,6.4887500000000005,-0.9858958333333341
8045,5.2576875,6.6044583333333335,-1.3467708333333333
8046,5.111625,6.171499999999999,-1.059874999999999
8047,4.80375,5.946249999999999,-1.1424999999999992
8048,4.7867291666666665,6.549354166666667,-1.7626250000000008
8049,4.798687500000001,5.893833333333333,-1.0951458333333326
8050,4.6584375,5.502854166666666,-0.8444166666666666
8051,4.462354166666667,5.2576875,-0.7953333333333337
8052,4.453270833333334,5.111625,-0.6583541666666664
8053,6.570645833333333,4.80375,1.7668958333333329
8054,5.523520833333333,4.7867291666666665,0.736791666666667
8055,7.7198125,4.798687500000001,2.921124999999999
8056,7.2605625,4.6584375,2.602125
8057,6.278291666666667,4.462354166666667,1.8159375000000004
8058,6.536791666666666,4.453270833333334,2.083520833333332
8059,6.371124999999999,6.570645833333333,-0.1995208333333336
8060,5.680583333333334,5.523520833333333,0.15706250000000033
8061,5.205604166666666,7.7198125,-2.5142083333333334
8062,4.895041666666667,7.2605625,-2.365520833333333
8063,4.643083333333333,6.278291666666667,-1.6352083333333338
8064,4.505354166666667,6.536791666666666,-2.031437499999999
8065,4.247979166666666,6.371124999999999,-2.123145833333333
8066,4.011395833333333,5.680583333333334,-1.6691875000000005
8067,3.8466666666666662,5.205604166666666,-1.3589375000000001
8068,3.667791666666666,4.895041666666667,-1.2272500000000006
8069,3.491729166666667,4.643083333333333,-1.1513541666666662
8070,3.2970208333333333,4.505354166666667,-1.2083333333333335
8071,3.1334375,4.247979166666666,-1.1145416666666663
8072,2.9748749999999995,4.011395833333333,-1.0365208333333338
8073,2.7965416666666667,3.8466666666666662,-1.0501249999999995
8074,2.7888749999999995,3.667791666666666,-0.8789166666666666
8075,2.8966875,3.491729166666667,-0.5950416666666669
8076,2.7916666666666665,3.2970208333333333,-0.5053541666666668
8077,2.6439583333333334,3.1334375,-0.48947916666666647
8078,2.5137916666666666,2.9748749999999995,-0.46108333333333285
8079,3.6066249999999997,2.7965416666666667,0.810083333333333
8080,3.516458333333334,2.7888749999999995,0.7275833333333344
8081,4.186833333333333,2.8966875,1.2901458333333333
8082,4.774687500000001,2.7916666666666665,1.9830208333333341
8083,3.82025,2.6439583333333334,1.1762916666666667
8084,3.5410000000000004,2.5137916666666666,1.0272083333333337
8085,3.359458333333333,3.6066249999999997,-0.24716666666666676
8086,3.172395833333333,3.516458333333334,-0.34406250000000105
8087,2.9522708333333334,4.186833333333333,-1.2345625
8088,3.3402083333333334,4.774687500000001,-1.4344791666666672
8089,3.7684374999999997,3.82025,-0.05181250000000048
8090,3.3336875,3.5410000000000004,-0.20731250000000045
8091,3.3389375,3.359458333333333,-0.020520833333332877
8092,3.2008541666666672,3.172395833333333,0.028458333333334362
8093,3.0760000000000005,2.9522708333333334,0.12372916666666711
8094,3.231604166666667,3.3402083333333334,-0.10860416666666639
8095,5.851416666666666,3.7684374999999997,2.0829791666666666
8096,5.137312499999999,3.3336875,1.8036249999999994
8097,4.428541666666667,3.3389375,1.0896041666666667
8098,4.080708333333333,3.2008541666666672,0.8798541666666657
8099,3.6884583333333336,3.0760000000000005,0.6124583333333331
8100,3.539333333333333,3.231604166666667,0.30772916666666594
8101,3.3733125000000004,5.851416666666666,-2.478104166666666
8102,3.1027500000000003,5.137312499999999,-2.034562499999999
8103,2.8064999999999998,4.428541666666667,-1.622041666666667
8104,2.8119791666666667,4.080708333333333,-1.2687291666666662
8105,2.7603750000000002,3.6884583333333336,-0.9280833333333334
8106,2.7314375,3.539333333333333,-0.8078958333333328
8107,2.6596875,3.3733125000000004,-0.7136250000000004
8108,2.4938541666666665,3.1027500000000003,-0.6088958333333339
8109,2.400395833333333,2.8064999999999998,-0.4061041666666667
8110,2.1443333333333334,2.8119791666666667,-0.6676458333333333
8111,2.0885000000000002,2.7603750000000002,-0.671875
8112,1.9511666666666667,2.7314375,-0.7802708333333335
8113,1.9139375,2.6596875,-0.7457499999999999
8114,1.7812291666666666,2.4938541666666665,-0.7126249999999998
8115,1.7293749999999999,2.400395833333333,-0.6710208333333332
8116,1.6089166666666668,2.1443333333333334,-0.5354166666666667
8117,1.598895833333333,2.0885000000000002,-0.4896041666666673
8118,1.587229166666667,1.9511666666666667,-0.3639374999999998
8119,1.4806875,1.9139375,-0.43325000000000014
8120,1.6423333333333334,1.7812291666666666,-0.13889583333333322
8121,1.7713124999999998,1.7293749999999999,0.04193749999999996
8122,1.8891666666666669,1.6089166666666668,0.2802500000000001
8123,1.7478541666666665,1.598895833333333,0.14895833333333353
8124,1.7911458333333332,1.587229166666667,0.2039166666666663
8125,2.057125,1.4806875,0.5764375000000002
8126,1.8027291666666665,1.6423333333333334,0.16039583333333307
8127,1.6782916666666665,1.7713124999999998,-0.09302083333333333
8128,1.6606666666666667,1.8891666666666669,-0.22850000000000015
8129,1.5845624999999999,1.7478541666666665,-0.1632916666666666
8130,1.6487291666666668,1.7911458333333332,-0.1424166666666664
8131,1.5921041666666664,2.057125,-0.46502083333333366
8132,1.5811250000000001,1.8027291666666665,-0.22160416666666638
8133,1.5080416666666665,1.6782916666666665,-0.17025
8134,1.4943125000000002,1.6606666666666667,-0.16635416666666658
8135,1.9508541666666668,1.5845624999999999,0.3662916666666669
8136,2.892875,1.6487291666666668,1.2441458333333333
8137,2.337875,1.5921041666666664,0.7457708333333335
8138,2.0705416666666667,1.5811250000000001,0.4894166666666666
8139,1.9628750000000001,1.5080416666666665,0.45483333333333364
8140,1.9137916666666668,1.4943125000000002,0.4194791666666666
8141,1.7464166666666667,1.9508541666666668,-0.20443750000000005
8142,1.5753958333333333,2.892875,-1.3174791666666668
8143,1.56975,2.337875,-0.768125
8144,2.2456666666666667,2.0705416666666667,0.17512499999999998
8145,1.9870625000000002,1.9628750000000001,0.02418750000000003
8146,1.7594583333333336,1.9137916666666668,-0.1543333333333332
8147,2.5329166666666665,1.7464166666666667,0.7864999999999998
8148,5.1544375,1.5753958333333333,3.579041666666667
8149,9.092541666666667,1.56975,7.522791666666667
8150,4.981958333333334,2.2456666666666667,2.7362916666666672
8151,3.8839166666666665,1.9870625000000002,1.8968541666666663
8152,3.893125,1.7594583333333336,2.1336666666666666
8153,5.9425,2.5329166666666665,3.4095833333333334
8154,5.0352500000000004,5.1544375,-0.11918749999999978
8155,3.8337291666666666,9.092541666666667,-5.258812500000001
8156,3.268895833333333,4.981958333333334,-1.7130625000000008
8157,2.9091875000000003,3.8839166666666665,-0.9747291666666662
8158,2.7287708333333334,3.893125,-1.1643541666666666
8159,2.3467291666666665,5.9425,-3.5957708333333334
8160,2.2501666666666664,5.0352500000000004,-2.785083333333334
8161,2.1644583333333336,3.8337291666666666,-1.669270833333333
8162,2.0630625,3.268895833333333,-1.205833333333333
8163,2.2395208333333336,2.9091875000000003,-0.6696666666666666
8164,1.962208333333333,2.7287708333333334,-0.7665625000000003
8165,1.8946041666666666,2.3467291666666665,-0.4521249999999999
8166,2.371354166666667,2.2501666666666664,0.12118750000000045
8167,4.902729166666666,2.1644583333333336,2.7382708333333325
8168,3.0564375,2.0630625,0.9933749999999999
8169,2.8506249999999995,2.2395208333333336,0.6111041666666659
8170,2.763375,1.962208333333333,0.8011666666666668
8171,2.5357291666666666,1.8946041666666666,0.641125
8172,2.3659375,2.371354166666667,-0.005416666666667069
8173,2.4077916666666668,4.902729166666666,-2.4949374999999994
8174,2.5441875,3.0564375,-0.5122499999999999
8175,2.382875,2.8506249999999995,-0.46774999999999967
8176,2.2976875,2.763375,-0.46568750000000003
8177,2.041375,2.5357291666666666,-0.49435416666666665
8178,1.8914374999999997,2.3659375,-0.47450000000000014
8179,1.7562083333333334,2.4077916666666668,-0.6515833333333334
8180,1.6115833333333331,2.5441875,-0.9326041666666669
8181,1.6373541666666667,2.382875,-0.7455208333333332
8182,1.7158750000000003,2.2976875,-0.5818124999999996
8183,1.5791458333333332,2.041375,-0.4622291666666667
8184,1.5521458333333333,1.8914374999999997,-0.3392916666666663
8185,1.4496875000000002,1.7562083333333334,-0.30652083333333313
8186,1.3836041666666665,1.6115833333333331,-0.22797916666666662
8187,1.377375,1.6373541666666667,-0.25997916666666665
8188,1.3371250000000003,1.7158750000000003,-0.3787499999999999
8189,1.321625,1.5791458333333332,-0.2575208333333332
8190,1.4686041666666665,1.5521458333333333,-0.08354166666666685
8191,1.9877916666666666,1.4496875000000002,0.5381041666666664
8192,1.9680625,1.3836041666666665,0.5844583333333335
8193,1.8792916666666668,1.377375,0.5019166666666668
8194,1.8240208333333332,1.3371250000000003,0.48689583333333286
8195,1.7297291666666668,1.321625,0.4081041666666667
8196,1.6529166666666664,1.4686041666666665,0.18431249999999988
8197,1.6155208333333333,1.9877916666666666,-0.37227083333333333
8198,1.475020833333333,1.9680625,-0.49304166666666704
8199,1.4662916666666668,1.8792916666666668,-0.41300000000000003
8200,1.325875,1.8240208333333332,-0.4981458333333333
8201,1.3046875,1.7297291666666668,-0.42504166666666676
8202,1.3666666666666665,1.6529166666666664,-0.2862499999999999
8203,1.3896666666666668,1.6155208333333333,-0.22585416666666647
8204,1.2734166666666666,1.475020833333333,-0.20160416666666636
8205,1.2686666666666666,1.4662916666666668,-0.19762500000000016
8206,1.2610208333333333,1.325875,-0.06485416666666666
8207,1.3676458333333332,1.3046875,0.06295833333333323
8208,1.3415833333333336,1.3666666666666665,-0.025083333333332902
8209,1.3162083333333332,1.3896666666666668,-0.07345833333333363
8210,1.3975833333333334,1.2734166666666666,0.12416666666666676
8211,1.297625,1.2686666666666666,0.02895833333333342
8212,1.3878541666666664,1.2610208333333333,0.12683333333333313
8213,1.554354166666667,1.3676458333333332,0.1867083333333337
8214,2.095854166666667,1.3415833333333336,0.7542708333333332
8215,3.1558333333333333,1.3162083333333332,1.839625
8216,3.0420000000000003,1.3975833333333334,1.6444166666666669
8217,2.7459166666666666,1.297625,1.4482916666666665
8218,2.4122916666666665,1.3878541666666664,1.0244375000000001
8219,2.529625,1.554354166666667,0.9752708333333329
8220,2.569875,2.095854166666667,0.47402083333333334
8221,2.2375833333333333,3.1558333333333333,-0.91825
8222,1.84575,3.0420000000000003,-1.1962500000000003
8223,1.458,2.7459166666666666,-1.2879166666666666
8224,1.379125,2.4122916666666665,-1.0331666666666666
8225,1.3068333333333335,2.529625,-1.2227916666666663
8226,1.2748333333333333,2.569875,-1.2950416666666669
8227,1.2252708333333333,2.2375833333333333,-1.0123125
8228,1.2395833333333333,1.84575,-0.6061666666666667
8229,1.2478749999999998,1.458,-0.21012500000000012
8230,1.1319375,1.379125,-0.2471874999999999
8231,1.3321249999999998,1.3068333333333335,0.025291666666666268
8232,1.9798333333333336,1.2748333333333333,0.7050000000000003
8233,2.1834583333333337,1.2252708333333333,0.9581875000000004
8234,2.5493333333333337,1.2395833333333333,1.3097500000000004
8235,2.2911458333333337,1.2478749999999998,1.0432708333333338
8236,1.9430625,1.1319375,0.8111249999999999
8237,2.36375,1.3321249999999998,1.0316250000000002
8238,3.8670625,1.9798333333333336,1.8872291666666663
8239,3.9584791666666668,2.1834583333333337,1.775020833333333
8240,3.232083333333333,2.5493333333333337,0.6827499999999995
8241,3.342020833333333,2.2911458333333337,1.0508749999999996
8242,4.0754166666666665,1.9430625,2.1323541666666666
8243,4.506687500000001,2.36375,2.142937500000001
8244,4.497354166666667,3.8670625,0.6302916666666669
8245,4.37925,3.9584791666666668,0.4207708333333331
8246,4.505,3.232083333333333,1.2729166666666667
8247,4.33825,3.342020833333333,0.9962291666666672
8248,3.967333333333333,4.0754166666666665,-0.10808333333333353
8249,3.9578333333333333,4.506687500000001,-0.5488541666666675
8250,5.178958333333333,4.497354166666667,0.6816041666666663
8251,5.428645833333333,4.37925,1.0493958333333335
8252,4.975375,4.505,0.47037499999999977
8253,4.781187500000001,4.33825,0.4429375000000002
8254,5.039770833333334,3.967333333333333,1.0724375000000008
8255,5.5523750000000005,3.9578333333333333,1.5945416666666672
8256,6.104104166666667,5.178958333333333,0.9251458333333336
8257,6.372770833333334,5.428645833333333,0.9441250000000005
8258,7.0889999999999995,4.975375,2.113625
8259,7.160270833333333,4.781187500000001,2.379083333333332
8260,7.117333333333334,5.039770833333334,2.0775625
8261,6.251291666666667,5.5523750000000005,0.6989166666666664
8262,5.996354166666667,6.104104166666667,-0.10774999999999935
8263,6.0525625000000005,6.372770833333334,-0.32020833333333343
8264,6.248875000000001,7.0889999999999995,-0.8401249999999987
8265,5.901729166666667,7.160270833333333,-1.258541666666666
8266,5.225895833333333,7.117333333333334,-1.8914375000000003
8267,4.893291666666667,6.251291666666667,-1.3579999999999997
8268,4.7370625,5.996354166666667,-1.259291666666667
8269,4.7296458333333335,6.0525625000000005,-1.322916666666667
8270,4.922645833333333,6.248875000000001,-1.3262291666666677
8271,5.1481875,5.901729166666667,-0.753541666666667
8272,5.436354166666668,5.225895833333333,0.2104583333333343
8273,5.5025625,4.893291666666667,0.6092708333333325
8274,5.2238541666666665,4.7370625,0.48679166666666607
8275,4.849,4.7296458333333335,0.11935416666666665
8276,4.627458333333333,4.922645833333333,-0.29518749999999994
8277,5.029770833333333,5.1481875,-0.11841666666666661
8278,5.566375000000001,5.436354166666668,0.13002083333333303
8279,10.095666666666666,5.5025625,4.5931041666666665
8280,9.2375,5.2238541666666665,4.013645833333334
8281,8.273,4.849,3.4239999999999995
8282,7.3008958333333345,4.627458333333333,2.6734375000000012
8283,6.973166666666667,5.029770833333333,1.9433958333333337
8284,6.782208333333334,5.566375000000001,1.2158333333333333
8285,6.128979166666667,10.095666666666666,-3.966687499999999
8286,5.431145833333333,9.2375,-3.806354166666668
8287,5.283833333333333,8.273,-2.9891666666666667
8288,5.218270833333333,7.3008958333333345,-2.082625000000001
8289,5.404083333333333,6.973166666666667,-1.5690833333333334
8290,5.398312499999999,6.782208333333334,-1.3838958333333347
8291,5.664645833333334,6.128979166666667,-0.46433333333333326
8292,5.951354166666666,5.431145833333333,0.5202083333333327
8293,6.193104166666667,5.283833333333333,0.9092708333333341
8294,6.188875,5.218270833333333,0.9706041666666669
8295,6.639583333333334,5.404083333333333,1.235500000000001
8296,7.059395833333333,5.398312499999999,1.661083333333334
8297,6.3615,5.664645833333334,0.6968541666666663
8298,6.042437499999999,5.951354166666666,0.09108333333333363
8299,5.958416666666667,6.193104166666667,-0.23468749999999972
8300,5.884333333333333,6.188875,-0.30454166666666715
8301,5.545229166666665,6.639583333333334,-1.094354166666669
8302,5.593229166666667,7.059395833333333,-1.4661666666666662
8303,5.701520833333333,6.3615,-0.659979166666667
8304,5.267083333333333,6.042437499999999,-0.7753541666666663
8305,5.1589375,5.958416666666667,-0.799479166666667
8306,5.467083333333334,5.884333333333333,-0.41724999999999923
8307,7.105604166666667,5.545229166666665,1.5603750000000014
8308,12.4555,5.593229166666667,6.8622708333333335
8309,9.35475,5.701520833333333,3.653229166666666
8310,6.9146875,5.267083333333333,1.6476041666666674
8311,6.6074166666666665,5.1589375,1.448479166666666
8312,3.066708333333333,5.467083333333334,-2.400375000000001
8313,5.483770833333334,7.105604166666667,-1.621833333333333
8314,5.788770833333333,12.4555,-6.666729166666667
8315,4.9902291666666665,9.35475,-4.364520833333333
8316,4.769541666666667,6.9146875,-2.1451458333333333
8317,10.015416666666667,6.6074166666666665,3.4080000000000004
8318,6.258416666666666,3.066708333333333,3.191708333333333
8319,4.877479166666666,5.483770833333334,-0.6062916666666673
8320,4.9391875,5.788770833333333,-0.8495833333333334
8321,4.87775,4.9902291666666665,-0.11247916666666669
8322,4.293583333333333,4.769541666666667,-0.4759583333333337
8323,4.482291666666666,10.015416666666667,-5.533125000000001
8324,5.810083333333334,6.258416666666666,-0.44833333333333236
8325,5.4856875,4.877479166666666,0.6082083333333337
8326,5.0565,4.9391875,0.11731249999999971
8327,4.659604166666667,4.87775,-0.21814583333333282
8328,5.328875,4.293583333333333,1.0352916666666667
8329,5.235520833333333,4.482291666666666,0.7532291666666673
8330,5.983937499999999,5.810083333333334,0.17385416666666487
8331,10.868458333333335,5.4856875,5.382770833333335
8332,11.734979166666667,5.0565,6.678479166666667
8333,8.676354166666666,4.659604166666667,4.016749999999999
8334,7.134354166666665,5.328875,1.8054791666666654
8335,7.3718125,5.235520833333333,2.1362916666666667
8336,7.189979166666666,5.983937499999999,1.2060416666666676
8337,6.540541666666667,10.868458333333335,-4.327916666666668
8338,6.209520833333333,11.734979166666667,-5.525458333333334
8339,5.722479166666666,8.676354166666666,-2.953875
8340,5.637270833333333,7.134354166666665,-1.4970833333333324
8341,5.1099375,7.3718125,-2.261875
8342,4.71275,7.189979166666666,-2.4772291666666666
8343,4.421708333333334,6.540541666666667,-2.118833333333333
8344,4.247520833333334,6.209520833333333,-1.9619999999999997
8345,4.089833333333334,5.722479166666666,-1.6326458333333322
8346,4.164000000000001,5.637270833333333,-1.4732708333333324
8347,4.581104166666667,5.1099375,-0.528833333333333
8348,5.490541666666666,4.71275,0.7777916666666664
8349,5.257958333333334,4.421708333333334,0.8362499999999997
8350,4.893166666666667,4.247520833333334,0.645645833333333
8351,4.663437500000001,4.089833333333334,0.5736041666666667
8352,4.3456875,4.164000000000001,0.18168749999999978
8353,4.060312499999999,4.581104166666667,-0.5207916666666677
8354,3.8103541666666665,5.490541666666666,-1.6801874999999997
8355,3.5777291666666664,5.257958333333334,-1.6802291666666673
8356,3.342625,4.893166666666667,-1.5505416666666667
8357,3.193895833333334,4.663437500000001,-1.4695416666666667
8358,3.1304374999999993,4.3456875,-1.215250000000001
8359,3.0195208333333334,4.060312499999999,-1.040791666666666
8360,2.804520833333333,3.8103541666666665,-1.0058333333333334
8361,2.679916666666667,3.5777291666666664,-0.8978124999999992
8362,2.509333333333333,3.342625,-0.8332916666666668
8363,2.4624375000000005,3.193895833333334,-0.7314583333333333
8364,2.409291666666667,3.1304374999999993,-0.7211458333333325
8365,2.3111458333333332,3.0195208333333334,-0.7083750000000002
8366,5.2583125,2.804520833333333,2.4537916666666666
8367,3.8765208333333336,2.679916666666667,1.1966041666666665
8368,3.7289374999999993,2.509333333333333,1.2196041666666662
8369,4.201145833333333,2.4624375000000005,1.7387083333333329
8370,6.169249999999999,2.409291666666667,3.759958333333332
8371,5.300833333333333,2.3111458333333332,2.9896875
8372,4.6291875,5.2583125,-0.6291250000000002
8373,4.124666666666666,3.8765208333333336,0.24814583333333262
8374,3.787479166666667,3.7289374999999993,0.0585416666666676
8375,3.4560208333333335,4.201145833333333,-0.7451249999999998
8376,3.152041666666667,6.169249999999999,-3.017208333333332
8377,2.9681458333333333,5.300833333333333,-2.3326875
8378,2.7839375000000004,4.6291875,-1.8452499999999992
8379,3.320604166666667,4.124666666666666,-0.8040624999999992
8380,3.726020833333333,3.787479166666667,-0.06145833333333384
8381,4.131104166666667,3.4560208333333335,0.6750833333333333
8382,4.837270833333333,3.152041666666667,1.6852291666666663
8383,4.299833333333334,2.9681458333333333,1.3316875000000006
8384,3.9907500000000002,2.7839375000000004,1.2068124999999998
8385,3.791604166666667,3.320604166666667,0.4710000000000001
8386,4.236291666666667,3.726020833333333,0.5102708333333341
8387,6.098208333333333,4.131104166666667,1.9671041666666662
8388,12.931979166666666,4.837270833333333,8.094708333333333
8389,9.502895833333334,4.299833333333334,5.2030625
8390,7.3344375,3.9907500000000002,3.3436874999999997
8391,6.060624999999999,3.791604166666667,2.269020833333332
8392,4.793270833333334,4.236291666666667,0.5569791666666664
8393,4.194604166666667,6.098208333333333,-1.9036041666666659
8394,4.0079375,12.931979166666666,-8.924041666666668
8395,3.530125,9.502895833333334,-5.972770833333334
8396,3.2145625,7.3344375,-4.119875
8397,3.034104166666667,6.060624999999999,-3.026520833333332
8398,2.7841875,4.793270833333334,-2.0090833333333338
8399,2.5814375,4.194604166666667,-1.6131666666666673
8400,2.440395833333333,4.0079375,-1.5675416666666666
8401,2.64425,3.530125,-0.885875
8402,2.3798958333333338,3.2145625,-0.8346666666666662
8403,2.2357708333333335,3.034104166666667,-0.7983333333333333
8404,2.549395833333333,2.7841875,-0.23479166666666673
8405,2.8101458333333333,2.5814375,0.2287083333333335
8406,2.8019374999999997,2.440395833333333,0.36154166666666665
8407,2.6557291666666667,2.64425,0.011479166666666707
8408,2.6201458333333334,2.3798958333333338,0.24024999999999963
8409,2.9222916666666663,2.2357708333333335,0.6865208333333328
8410,2.930166666666667,2.549395833333333,0.38077083333333395
8411,5.861583333333333,2.8101458333333333,3.0514374999999996
8412,4.1576875,2.8019374999999997,1.35575
8413,3.765791666666667,2.6557291666666667,1.1100625000000002
8414,3.43575,2.6201458333333334,0.8156041666666667
8415,3.2161458333333335,2.9222916666666663,0.2938541666666672
8416,2.932458333333333,2.930166666666667,0.0022916666666659147
8417,2.800479166666667,5.861583333333333,-3.061104166666666
8418,6.427229166666667,4.1576875,2.269541666666667
8419,5.322125,3.765791666666667,1.556333333333333
8420,4.203666666666666,3.43575,0.7679166666666659
8421,3.8035208333333337,3.2161458333333335,0.5873750000000002
8422,3.562791666666667,2.932458333333333,0.6303333333333341
8423,3.3710624999999994,2.800479166666667,0.5705833333333326
8424,3.205291666666667,6.427229166666667,-3.2219374999999997
8425,3.0344374999999997,5.322125,-2.2876875
8426,2.811,4.203666666666666,-1.392666666666666
8427,2.6014166666666667,3.8035208333333337,-1.202104166666667
8428,2.4418958333333336,3.562791666666667,-1.1208958333333334
8429,2.2702916666666666,3.3710624999999994,-1.1007708333333328
8430,2.2399999999999998,3.205291666666667,-0.9652916666666673
8431,2.097395833333333,3.0344374999999997,-0.9370416666666666
8432,2.0372083333333335,2.811,-0.7737916666666664
8433,2.028041666666667,2.6014166666666667,-0.5733749999999995
8434,1.873708333333333,2.4418958333333336,-0.5681875000000005
8435,1.8371666666666666,2.2702916666666666,-0.433125
8436,1.7474999999999998,2.2399999999999998,-0.49249999999999994
8437,1.6498541666666666,2.097395833333333,-0.4475416666666665
8438,1.6494791666666666,2.0372083333333335,-0.3877291666666669
8439,1.5620208333333334,2.028041666666667,-0.4660208333333338
8440,1.6008333333333333,1.873708333333333,-0.27287499999999976
8441,1.8176666666666668,1.8371666666666666,-0.01949999999999985
8442,1.756520833333333,1.7474999999999998,0.009020833333333256
8443,1.5030624999999997,1.6498541666666666,-0.14679166666666688
8444,1.712020833333333,1.6494791666666666,0.0625416666666665
8445,1.7374583333333333,1.5620208333333334,0.1754374999999999
8446,2.014583333333333,1.6008333333333333,0.4137499999999996
8447,2.645395833333333,1.8176666666666668,0.8277291666666664
8448,2.134916666666667,1.756520833333333,0.3783958333333337
8449,2.0891249999999997,1.5030624999999997,0.5860624999999999
8450,1.9613958333333334,1.712020833333333,0.24937500000000035
8451,1.893,1.7374583333333333,0.1555416666666667
8452,1.8894166666666667,2.014583333333333,-0.1251666666666662
8453,1.8087708333333332,2.645395833333333,-0.836625
8454,1.7775208333333332,2.134916666666667,-0.3573958333333336
8455,1.7028333333333334,2.0891249999999997,-0.38629166666666626
8456,1.6414583333333332,1.9613958333333334,-0.3199375000000002
8457,1.5174583333333336,1.893,-0.37554166666666644
8458,1.516125,1.8894166666666667,-0.3732916666666668
8459,1.5006458333333335,1.8087708333333332,-0.30812499999999976
8460,1.350395833333333,1.7775208333333332,-0.4271250000000002
8461,1.3295625,1.7028333333333334,-0.37327083333333344
8462,1.3326875,1.6414583333333332,-0.3087708333333332
8463,1.335604166666667,1.5174583333333336,-0.18185416666666665
8464,1.3387708333333332,1.516125,-0.1773541666666667
8465,1.3265,1.5006458333333335,-0.17414583333333344
8466,1.2323125,1.350395833333333,-0.1180833333333331
8467,1.1591666666666667,1.3295625,-0.1703958333333333
8468,1.1559375,1.3326875,-0.17674999999999996
8469,1.159,1.335604166666667,-0.1766041666666669
8470,1.1621041666666667,1.3387708333333332,-0.17666666666666653
8471,1.1405416666666666,1.3265,-0.18595833333333345
8472,1.0083958333333332,1.2323125,-0.22391666666666676
8473,1.0103958333333334,1.1591666666666667,-0.1487708333333333
8474,1.0964583333333333,1.1559375,-0.05947916666666675
8475,1.0165625,1.159,-0.1424375
8476,1.0192291666666666,1.1621041666666667,-0.14287500000000009
8477,1.0225625,1.1405416666666666,-0.11797916666666652
8478,1.0256875,1.0083958333333332,0.017291666666666927
8479,1.0286041666666665,1.0103958333333334,0.01820833333333316
8480,1.0350208333333333,1.0964583333333333,-0.061437500000000034
8481,1.4094583333333333,1.0165625,0.3928958333333332
8482,1.5520625,1.0192291666666666,0.5328333333333333
8483,1.6488333333333334,1.0225625,0.6262708333333333
8484,1.7449166666666667,1.0256875,0.7192291666666666
8485,1.5929583333333335,1.0286041666666665,0.5643541666666669
8486,1.495,1.0350208333333333,0.4599791666666668
8487,1.7173749999999999,1.4094583333333333,0.3079166666666666
8488,1.9029375000000002,1.5520625,0.35087500000000027
8489,1.6948541666666668,1.6488333333333334,0.0460208333333334
8490,1.5641874999999998,1.7449166666666667,-0.18072916666666683
8491,1.421625,1.5929583333333335,-0.17133333333333356
8492,1.3806458333333333,1.495,-0.11435416666666676
8493,1.2518541666666667,1.7173749999999999,-0.46552083333333316
8494,1.2204166666666667,1.9029375000000002,-0.6825208333333335
8495,1.1446666666666667,1.6948541666666668,-0.5501875
8496,1.0806041666666666,1.5641874999999998,-0.48358333333333325
8497,1.0833958333333333,1.421625,-0.3382291666666666
8498,1.0864375,1.3806458333333333,-0.2942083333333334
8499,1.1680833333333334,1.2518541666666667,-0.08377083333333335
8500,2.1943125,1.2204166666666667,0.9738958333333334
8501,3.800291666666667,1.1446666666666667,2.655625
8502,9.1484375,1.0806041666666666,8.067833333333333
8503,4.2281249999999995,1.0833958333333333,3.144729166666666
8504,2.7327499999999993,1.0864375,1.6463124999999994
8505,2.8359166666666664,1.1680833333333334,1.667833333333333
8506,2.947645833333333,2.1943125,0.753333333333333
8507,2.7406458333333332,3.800291666666667,-1.0596458333333336
8508,2.587666666666667,9.1484375,-6.560770833333333
8509,2.330604166666667,4.2281249999999995,-1.8975208333333327
8510,2.2285833333333334,2.7327499999999993,-0.504166666666666
8511,2.106479166666667,2.8359166666666664,-0.7294374999999995
8512,1.9886666666666664,2.947645833333333,-0.9589791666666667
8513,1.9378958333333332,2.7406458333333332,-0.8027500000000001
8514,1.874375,2.587666666666667,-0.7132916666666669
8515,1.8052083333333335,2.330604166666667,-0.5253958333333333
8516,1.7683958333333336,2.2285833333333334,-0.46018749999999975
8517,1.7329583333333334,2.106479166666667,-0.3735208333333335
8518,1.7210624999999997,1.9886666666666664,-0.26760416666666664
8519,1.6940833333333334,1.9378958333333332,-0.24381249999999977
8520,1.6484375,1.874375,-0.2259374999999999
8521,1.6354583333333335,1.8052083333333335,-0.16975000000000007
8522,1.7653958333333335,1.7683958333333336,-0.0030000000000001137
8523,2.5883541666666665,1.7329583333333334,0.8553958333333331
8524,1.9946666666666666,1.7210624999999997,0.27360416666666687
8525,1.9048958333333335,1.6940833333333334,0.21081250000000007
8526,1.8195208333333335,1.6484375,0.17108333333333348
8527,1.6880416666666669,1.6354583333333335,0.052583333333333426
8528,1.7108541666666668,1.7653958333333335,-0.05454166666666671
8529,1.6662083333333333,2.5883541666666665,-0.9221458333333332
8530,1.6514166666666668,1.9946666666666666,-0.34324999999999983
8531,1.7200208333333336,1.9048958333333335,-0.1848749999999999
8532,1.7204375,1.8195208333333335,-0.09908333333333341
8533,1.7092916666666664,1.6880416666666669,0.021249999999999547
8534,1.6410625000000003,1.7108541666666668,-0.06979166666666647
8535,1.7220416666666667,1.6662083333333333,0.0558333333333334
8536,1.7233541666666667,1.6514166666666668,0.07193749999999999
8537,1.7244583333333334,1.7200208333333336,0.004437499999999872
8538,1.669625,1.7204375,-0.05081250000000015
8539,1.5690000000000002,1.7092916666666664,-0.14029166666666626
8540,1.5325624999999998,1.6410625000000003,-0.10850000000000048
8541,1.5337916666666667,1.7220416666666667,-0.18825000000000003
8542,1.6638125000000004,1.7233541666666667,-0.05954166666666638
8543,1.6996875000000002,1.7244583333333334,-0.024770833333333186
8544,1.5459166666666668,1.669625,-0.12370833333333309
8545,1.4889791666666665,1.5690000000000002,-0.08002083333333365
8546,1.2167916666666667,1.5325624999999998,-0.3157708333333331
8547,1.2292083333333335,1.5337916666666667,-0.3045833333333332
8548,1.2489999999999999,1.6638125000000004,-0.4148125000000005
8549,1.2603333333333333,1.6996875000000002,-0.43935416666666693
8550,1.2969375,1.5459166666666668,-0.24897916666666675
8551,1.5417083333333332,1.4889791666666665,0.052729166666666716
8552,1.4225,1.2167916666666667,0.20570833333333338
8553,1.3542708333333335,1.2292083333333335,0.12506250000000008
8554,1.3574791666666666,1.2489999999999999,0.10847916666666668
8555,1.4359375000000003,1.2603333333333333,0.175604166666667
8556,1.6186458333333331,1.2969375,0.32170833333333304
8557,1.8045833333333334,1.5417083333333332,0.2628750000000002
8558,1.9781458333333333,1.4225,0.5556458333333332
8559,2.005104166666667,1.3542708333333335,0.6508333333333334
8560,2.1085416666666665,1.3574791666666666,0.7510625
8561,2.2151875000000003,1.4359375000000003,0.77925
8562,3.013125,1.6186458333333331,1.394479166666667
8563,3.300145833333333,1.8045833333333334,1.4955624999999997
8564,2.606125,1.9781458333333333,0.6279791666666668
8565,2.4613750000000003,2.005104166666667,0.4562708333333334
8566,2.7228125,2.1085416666666665,0.6142708333333333
8567,3.2503749999999996,2.2151875000000003,1.0351874999999993
8568,3.842416666666667,3.013125,0.8292916666666668
8569,3.9505208333333335,3.300145833333333,0.6503750000000004
8570,3.47575,2.606125,0.8696250000000001
8571,3.0444999999999998,2.4613750000000003,0.5831249999999994
8572,3.213270833333334,2.7228125,0.4904583333333341
8573,3.1114583333333337,3.2503749999999996,-0.1389166666666659
8574,2.8524166666666666,3.842416666666667,-0.9900000000000002
8575,3.9131249999999995,3.9505208333333335,-0.03739583333333396
8576,4.0713125,3.47575,0.5955625000000002
8577,3.521104166666667,3.0444999999999998,0.47660416666666716
8578,4.260958333333334,3.213270833333334,1.0476874999999999
8579,4.828229166666667,3.1114583333333337,1.716770833333333
8580,3.4931041666666665,2.8524166666666666,0.6406874999999999
8581,3.0023750000000002,3.9131249999999995,-0.9107499999999993
8582,2.8163750000000003,4.0713125,-1.2549375
8583,4.591354166666666,3.521104166666667,1.0702499999999993
8584,6.437604166666667,4.260958333333334,2.1766458333333327
8585,5.382333333333334,4.828229166666667,0.5541041666666677
8586,4.8073749999999995,3.4931041666666665,1.314270833333333
8587,3.6194375,3.0023750000000002,0.6170624999999998
8588,3.0952291666666674,2.8163750000000003,0.27885416666666707
8589,3.0056249999999998,4.591354166666666,-1.5857291666666664
8590,2.9738124999999997,6.437604166666667,-3.463791666666667
8591,3.434958333333333,5.382333333333334,-1.9473750000000014
8592,4.0301875,4.8073749999999995,-0.7771874999999993
8593,3.9729375,3.6194375,0.3534999999999999
8594,3.3585833333333337,3.0952291666666674,0.26335416666666633
8595,2.923395833333334,3.0056249999999998,-0.08222916666666569
8596,2.6875625000000003,2.9738124999999997,-0.28624999999999945
8597,2.7271875,3.434958333333333,-0.707770833333333
8598,3.010833333333334,4.0301875,-1.0193541666666661
8599,3.326166666666666,3.9729375,-0.646770833333334
8600,3.5356249999999996,3.3585833333333337,0.17704166666666588
8601,3.7363750000000002,2.923395833333334,0.8129791666666661
8602,3.9408958333333337,2.6875625000000003,1.2533333333333334
8603,3.8858125,2.7271875,1.1586250000000002
8604,3.5789375000000003,3.010833333333334,0.5681041666666662
8605,3.1525,3.326166666666666,-0.1736666666666662
8606,3.4282916666666665,3.5356249999999996,-0.10733333333333306
8607,4.324645833333334,3.7363750000000002,0.588270833333334
8608,4.3214375,3.9408958333333337,0.38054166666666633
8609,6.209583333333334,3.8858125,2.3237708333333336
8610,5.632458333333333,3.5789375000000003,2.053520833333333
8611,4.418395833333334,3.1525,1.2658958333333343
8612,3.7920000000000003,3.4282916666666665,0.36370833333333374
8613,3.4630000000000005,4.324645833333334,-0.8616458333333337
8614,3.1458125,4.3214375,-1.1756250000000001
8615,3.103666666666667,6.209583333333334,-3.105916666666667
8616,3.1377500000000005,5.632458333333333,-2.4947083333333326
8617,3.2609166666666667,4.418395833333334,-1.1574791666666675
8618,3.5205416666666665,3.7920000000000003,-0.2714583333333338
8619,3.7243125,3.4630000000000005,0.2613124999999994
8620,3.9134166666666665,3.1458125,0.7676041666666666
8621,4.1200624999999995,3.103666666666667,1.0163958333333327
8622,4.525166666666666,3.1377500000000005,1.3874166666666659
8623,5.185895833333333,3.2609166666666667,1.9249791666666667
8624,5.546666666666667,3.5205416666666665,2.0261250000000004
8625,5.505354166666666,3.7243125,1.781041666666666
8626,5.101666666666667,3.9134166666666665,1.18825
8627,4.750333333333333,4.1200624999999995,0.6302708333333333
8628,4.641333333333333,4.525166666666666,0.11616666666666653
8629,4.4741875,5.185895833333333,-0.7117083333333332
8630,3.952166666666667,5.546666666666667,-1.5945
8631,3.8151458333333337,5.505354166666666,-1.6902083333333322
8632,5.093166666666666,5.101666666666667,-0.008500000000000618
8633,5.341916666666667,4.750333333333333,0.5915833333333342
8634,4.847770833333333,4.641333333333333,0.20643749999999983
8635,4.381125,4.4741875,-0.09306250000000027
8636,4.381395833333333,3.952166666666667,0.42922916666666655
8637,5.0635625,3.8151458333333337,1.248416666666666
8638,5.492520833333334,5.093166666666666,0.3993541666666678
8639,4.847625,5.341916666666667,-0.49429166666666724
8640,5.643562500000001,4.847770833333333,0.795791666666668
8641,8.332583333333334,4.381125,3.951458333333334
8642,6.817854166666667,4.381395833333333,2.4364583333333334
8643,5.680666666666667,5.0635625,0.6171041666666675
8644,5.160520833333333,5.492520833333334,-0.33200000000000074
8645,4.655125,4.847625,-0.1924999999999999
8646,4.4674375,5.643562500000001,-1.1761250000000008
8647,4.410416666666666,8.332583333333334,-3.9221666666666675
8648,4.535833333333333,6.817854166666667,-2.282020833333334
8649,10.2595,5.680666666666667,4.578833333333332
8650,14.415708333333333,5.160520833333333,9.2551875
8651,10.7013125,4.655125,6.0461875
8652,8.827687500000001,4.4674375,4.3602500000000015
8653,8.155354166666667,4.410416666666666,3.7449375000000007
8654,7.755645833333333,4.535833333333333,3.2198125000000006
8655,8.506020833333332,10.2595,-1.7534791666666667
8656,8.020583333333333,14.415708333333333,-6.395125
8657,11.694791666666667,10.7013125,0.9934791666666669
8658,13.680562499999999,8.827687500000001,4.852874999999997
8659,11.652458333333334,8.155354166666667,3.4971041666666665
8660,9.256583333333333,7.755645833333333,1.5009375
8661,8.149354166666667,8.506020833333332,-0.3566666666666656
8662,8.260583333333335,8.020583333333333,0.240000000000002
8663,9.345562500000002,11.694791666666667,-2.3492291666666656
8664,11.672166666666667,13.680562499999999,-2.0083958333333314
8665,11.710625,11.652458333333334,0.0581666666666667
8666,11.276125,9.256583333333333,2.019541666666667
8667,10.652354166666667,8.149354166666667,2.503
8668,10.768583333333334,8.260583333333335,2.507999999999999
8669,9.732416666666667,9.345562500000002,0.38685416666666583
8670,9.816687499999999,11.672166666666667,-1.8554791666666688
8671,10.609020833333332,11.710625,-1.101604166666668
8672,11.13075,11.276125,-0.1453749999999996
8673,10.454041666666667,10.652354166666667,-0.1983125000000001
8674,10.258666666666668,10.768583333333334,-0.5099166666666655
8675,10.488083333333334,9.732416666666667,0.7556666666666665
8676,10.840979166666665,9.816687499999999,1.0242916666666666
8677,9.943333333333333,10.609020833333332,-0.6656874999999989
8678,9.751520833333334,11.13075,-1.3792291666666667
8679,10.306666666666667,10.454041666666667,-0.14737500000000026
8680,9.978479166666666,10.258666666666668,-0.28018750000000203
8681,10.025354166666668,10.488083333333334,-0.46272916666666575
8682,10.418979166666666,10.840979166666665,-0.4219999999999988
8683,9.697958333333334,9.943333333333333,-0.24537499999999923
8684,9.302645833333333,9.751520833333334,-0.448875000000001
8685,9.29725,10.306666666666667,-1.0094166666666666
8686,9.540541666666668,9.978479166666666,-0.43793749999999854
8687,9.530333333333333,10.025354166666668,-0.495020833333335
8688,9.573104166666665,10.418979166666666,-0.8458750000000013
8689,9.488083333333334,9.697958333333334,-0.20987500000000026
8690,9.062645833333333,9.302645833333333,-0.2400000000000002
8691,9.044604166666666,9.29725,-0.2526458333333341
8692,8.9144375,9.540541666666668,-0.6261041666666678
8693,8.6814375,9.530333333333333,-0.8488958333333336
8694,8.083416666666666,9.573104166666665,-1.4896874999999987
8695,7.551041666666666,9.488083333333334,-1.9370416666666674
8696,7.401375000000001,9.062645833333333,-1.6612708333333321
8697,7.373333333333332,9.044604166666666,-1.6712708333333337
8698,7.669645833333334,8.9144375,-1.244791666666666
8699,7.257604166666667,8.6814375,-1.4238333333333326
8700,6.551729166666667,8.083416666666666,-1.5316874999999994
8701,6.026187500000002,7.551041666666666,-1.5248541666666648
8702,6.108499999999999,7.401375000000001,-1.2928750000000013
8703,11.343062500000002,7.373333333333332,3.96972916666667
8704,8.429541666666667,7.669645833333334,0.7598958333333332
8705,7.1365625,7.257604166666667,-0.12104166666666671
8706,6.203208333333333,6.551729166666667,-0.3485208333333336
8707,5.617583333333333,6.026187500000002,-0.40860416666666843
8708,5.287916666666667,6.108499999999999,-0.8205833333333326
8709,4.9119375000000005,11.343062500000002,-6.4311250000000015
8710,4.870979166666667,8.429541666666667,-3.5585625
8711,5.720020833333334,7.1365625,-1.4165416666666664
8712,5.4019375,6.203208333333333,-0.8012708333333336
8713,5.0924375,5.617583333333333,-0.5251458333333332
8714,4.914333333333333,5.287916666666667,-0.3735833333333334
8715,4.824729166666667,4.9119375000000005,-0.08720833333333378
8716,4.608395833333334,4.870979166666667,-0.2625833333333336
8717,4.526916666666667,5.720020833333334,-1.193104166666667
8718,5.7004375,5.4019375,0.29849999999999977
8719,10.185166666666667,5.0924375,5.092729166666667
8720,7.700604166666667,4.914333333333333,2.786270833333334
8721,7.320374999999999,4.824729166666667,2.4956458333333327
8722,6.7230625,4.608395833333334,2.1146666666666665
8723,6.546979166666667,4.526916666666667,2.0200625
8724,6.46425,5.7004375,0.7638125000000002
8725,5.554812500000001,10.185166666666667,-4.630354166666667
8726,4.9934166666666675,7.700604166666667,-2.7071875
8727,7.66525,7.320374999999999,0.34487500000000093
8728,7.294395833333334,6.7230625,0.5713333333333335
8729,7.370291666666667,6.546979166666667,0.8233125000000001
8730,6.234208333333334,6.46425,-0.2300416666666658
8731,5.562395833333333,5.554812500000001,0.007583333333332831
8732,5.064979166666666,4.9934166666666675,0.07156249999999886
8733,8.221979166666666,7.66525,0.5567291666666652
8734,12.421229166666668,7.294395833333334,5.126833333333335
8735,9.0703125,7.370291666666667,1.7000208333333333
8736,7.646562500000001,6.234208333333334,1.4123541666666668
8737,7.395708333333332,5.562395833333333,1.833312499999999
8738,6.379833333333334,5.064979166666666,1.3148541666666675
8739,5.549895833333333,8.221979166666666,-2.6720833333333323
8740,5.146833333333333,12.421229166666668,-7.274395833333335
8741,5.0882499999999995,9.0703125,-3.9820625000000005
8742,9.239479166666667,7.646562500000001,1.5929166666666665
8743,7.256770833333332,7.395708333333332,-0.13893750000000082
8744,6.104541666666667,6.379833333333334,-0.27529166666666693
8745,5.622375000000001,5.549895833333333,0.07247916666666754
8746,6.066083333333332,5.146833333333333,0.919249999999999
8747,6.159041666666667,5.0882499999999995,1.0707916666666675
8748,5.594770833333333,9.239479166666667,-3.6447083333333348
8749,4.984479166666667,7.256770833333332,-2.272291666666665
8750,5.308708333333333,6.104541666666667,-0.7958333333333343
8751,4.650854166666666,5.622375000000001,-0.9715208333333347
8752,4.228875,6.066083333333332,-1.837208333333332
8753,5.3190625,6.159041666666667,-0.8399791666666667
8754,11.882208333333333,5.594770833333333,6.2874375
8755,9.709625,4.984479166666667,4.725145833333334
8756,7.3838125,5.308708333333333,2.0751041666666676
8757,6.5479375,4.650854166666666,1.8970833333333337
8758,6.691479166666667,4.228875,2.462604166666667
8759,6.635645833333332,5.3190625,1.316583333333332
8760,8.675395833333333,11.882208333333333,-3.2068125
8761,9.067166666666667,9.709625,-0.6424583333333338
8762,7.271833333333333,7.3838125,-0.11197916666666696
8763,6.3215416666666675,6.5479375,-0.22639583333333224
8764,5.599375000000001,6.691479166666667,-1.0921041666666662
8765,5.059395833333333,6.635645833333332,-1.576249999999999
8766,4.5580625,8.675395833333333,-4.117333333333333
8767,4.135208333333334,9.067166666666667,-4.931958333333333
8768,3.8654583333333328,7.271833333333333,-3.4063750000000006
8769,3.6251041666666666,6.3215416666666675,-2.696437500000001
8770,3.363666666666667,5.599375000000001,-2.235708333333334
8771,3.1972500000000004,5.059395833333333,-1.862145833333333
8772,3.0314791666666667,4.5580625,-1.5265833333333334
8773,2.8711041666666666,4.135208333333334,-1.2641041666666673
8774,2.7165624999999998,3.8654583333333328,-1.148895833333333
8775,2.6491458333333333,3.6251041666666666,-0.9759583333333333
8776,2.4910208333333332,3.363666666666667,-0.8726458333333338
8777,2.449125,3.1972500000000004,-0.7481250000000004
8778,2.4284375,3.0314791666666667,-0.6030416666666669
8779,2.4175,2.8711041666666666,-0.4536041666666666
8780,2.7116666666666673,2.7165624999999998,-0.004895833333332433
8781,2.5673333333333335,2.6491458333333333,-0.08181249999999984
8782,2.4402500000000003,2.4910208333333332,-0.05077083333333299
8783,2.3837291666666665,2.449125,-0.06539583333333354
8784,3.286270833333333,2.4284375,0.8578333333333332
8785,3.821895833333333,2.4175,1.404395833333333
8786,3.2165208333333335,2.7116666666666673,0.5048541666666662
8787,5.166,2.5673333333333335,2.598666666666667
8788,5.243520833333334,2.4402500000000003,2.803270833333334
8789,5.312416666666667,2.3837291666666665,2.9286875
8790,4.5036249999999995,3.286270833333333,1.2173541666666665
8791,4.682479166666667,3.821895833333333,0.8605833333333339
8792,5.244583333333334,3.2165208333333335,2.0280625000000003
8793,4.655291666666667,5.166,-0.5107083333333335
8794,4.254166666666666,5.243520833333334,-0.9893541666666676
8795,3.822645833333334,5.312416666666667,-1.4897708333333326
8796,3.7454375,4.5036249999999995,-0.7581874999999996
8797,3.9462291666666665,4.682479166666667,-0.7362500000000005
8798,4.59725,5.244583333333334,-0.647333333333334
8799,3.9142500000000005,4.655291666666667,-0.7410416666666664
8800,3.691645833333333,4.254166666666666,-0.5625208333333336
8801,3.536645833333333,3.822645833333334,-0.2860000000000009
8802,3.380708333333333,3.7454375,-0.36472916666666677
8803,3.307229166666667,3.9462291666666665,-0.6389999999999993
8804,3.211145833333333,4.59725,-1.3861041666666667
8805,3.0963125,3.9142500000000005,-0.8179375000000007
8806,2.9117916666666663,3.691645833333333,-0.7798541666666665
8807,2.8819374999999994,3.536645833333333,-0.6547083333333337
8808,2.713104166666666,3.380708333333333,-0.667604166666667
8809,2.6013958333333336,3.307229166666667,-0.7058333333333335
8810,2.503541666666667,3.211145833333333,-0.7076041666666661
8811,2.572625,3.0963125,-0.5236874999999999
8812,3.7377083333333334,2.9117916666666663,0.8259166666666671
8813,5.473354166666667,2.8819374999999994,2.5914166666666674
8814,3.9491875000000003,2.713104166666666,1.236083333333334
8815,3.5726875000000002,2.6013958333333336,0.9712916666666667
8816,3.406166666666666,2.503541666666667,0.9026249999999991
8817,3.420104166666667,2.572625,0.847479166666667
8818,4.389833333333333,3.7377083333333334,0.6521249999999994
8819,4.1916875000000005,5.473354166666667,-1.2816666666666663
8820,3.4976250000000007,3.9491875000000003,-0.45156249999999964
8821,3.2076875,3.5726875000000002,-0.3650000000000002
8822,2.900458333333333,3.406166666666666,-0.5057083333333332
8823,2.7005,3.420104166666667,-0.719604166666667
8824,2.510895833333333,4.389833333333333,-1.8789374999999997
8825,2.4892916666666665,4.1916875000000005,-1.702395833333334
8826,2.476291666666667,3.4976250000000007,-1.0213333333333336
8827,2.3906041666666664,3.2076875,-0.8170833333333336
8828,3.1590833333333337,2.900458333333333,0.25862500000000077
8829,3.3982500000000004,2.7005,0.6977500000000005
8830,4.2008125000000005,2.510895833333333,1.6899166666666674
8831,4.649479166666667,2.4892916666666665,2.1601875
8832,3.3419791666666665,2.476291666666667,0.8656874999999995
8833,2.9289583333333336,2.3906041666666664,0.5383541666666671
8834,2.7134375,3.1590833333333337,-0.44564583333333374
8835,2.546125,3.3982500000000004,-0.8521250000000005
8836,2.630854166666667,4.2008125000000005,-1.5699583333333336
8837,3.0790624999999996,4.649479166666667,-1.570416666666667
8838,2.802750000000001,3.3419791666666665,-0.5392291666666655
8839,2.54475,2.9289583333333336,-0.3842083333333335
8840,2.369791666666667,2.7134375,-0.343645833333333
8841,2.2893958333333333,2.546125,-0.2567291666666667
8842,2.321375,2.630854166666667,-0.30947916666666675
8843,2.2969166666666663,3.0790624999999996,-0.7821458333333333
8844,2.126875,2.802750000000001,-0.6758750000000009
8845,1.986416666666667,2.54475,-0.5583333333333331
8846,1.7326041666666667,2.369791666666667,-0.6371875000000002
8847,1.7328958333333333,2.2893958333333333,-0.5565
8848,1.6572291666666665,2.321375,-0.6641458333333337
8849,1.5717708333333331,2.2969166666666663,-0.7251458333333332
8850,1.5686875,2.126875,-0.5581875000000001
8851,1.4406041666666667,1.986416666666667,-0.5458125000000003
8852,1.5995625,1.7326041666666667,-0.13304166666666672
8853,1.893416666666667,1.7328958333333333,0.16052083333333367
8854,1.6701666666666668,1.6572291666666665,0.012937500000000268
8855,1.8943750000000001,1.5717708333333331,0.322604166666667
8856,2.083979166666667,1.5686875,0.5152916666666669
8857,1.9016041666666668,1.4406041666666667,0.4610000000000001
8858,1.8478958333333333,1.5995625,0.2483333333333333
8859,1.8623958333333335,1.893416666666667,-0.031020833333333497
8860,2.3405625000000003,1.6701666666666668,0.6703958333333335
8861,2.2151875000000003,1.8943750000000001,0.32081250000000017
8862,2.0488541666666666,2.083979166666667,-0.035125000000000295
8863,1.9533125,1.9016041666666668,0.051708333333333245
8864,2.234270833333333,1.8478958333333333,0.3863749999999997
8865,2.1876041666666666,1.8623958333333335,0.3252083333333331
8866,2.1623749999999995,2.3405625000000003,-0.17818750000000083
8867,2.2269791666666667,2.2151875000000003,0.011791666666666423
8868,2.4103333333333334,2.0488541666666666,0.3614791666666668
8869,2.365458333333333,1.9533125,0.4121458333333332
8870,2.2350208333333335,2.234270833333333,0.0007500000000004725
8871,2.26475,2.1876041666666666,0.07714583333333325
8872,2.0058124999999998,2.1623749999999995,-0.15656249999999972
8873,2.0303958333333334,2.2269791666666667,-0.19658333333333333
8874,1.9643541666666664,2.4103333333333334,-0.44597916666666704
