sample,actual,predicted,residual
0,4.535,4.4510355,0.08396435
1,4.6870003,4.5220027,0.16499758
2,4.5360003,4.5100965,0.025903702
3,4.385,4.471654,-0.08665371
4,4.477,4.533064,-0.056063652
5,4.751,4.928017,-0.17701721
6,4.692,4.872329,-0.18032932
7,4.5715,4.9044805,-0.33298063
8,4.6035,5.3178506,-0.7143507
9,5.8655,5.688056,0.17744398
10,5.898,5.7026277,0.1953721
11,5.3825,5.6102147,-0.22771454
12,5.3830004,5.630388,-0.24738741
13,5.642,5.2851157,0.35688448
14,5.6755,4.869298,0.80620193
15,5.7085,6.652146,-0.94364595
16,9.084,9.189969,-0.10596943
17,9.16,9.302331,-0.14233112
18,8.04,8.908178,-0.86817837
19,7.894,8.550567,-0.6565666
20,8.4805,8.556991,-0.0764904
21,9.0495,8.670695,0.37880516
22,9.697,10.1990185,-0.5020189
23,10.327001,11.802836,-1.4758358
24,11.531,12.174203,-0.6432028
25,11.8205,11.762837,0.057662964
26,12.356,11.215377,1.1406231
27,11.5745,10.646262,0.9282379
28,10.6875,10.045541,0.6419592
29,9.9765,9.493678,0.48282146
30,9.4375,8.918718,0.51878166
31,9.02,8.445858,0.57414246
32,8.5285,8.082569,0.44593048
33,8.418,7.833008,0.5849924
34,8.09,7.5615644,0.5284357
35,7.6525,7.2952743,0.3572259
36,7.325,7.0508566,0.27414322
37,7.2574997,6.83657,0.4209299
38,7.0215,6.64896,0.37254
39,6.787,6.3595405,0.42745972
40,6.5860004,6.384865,0.20113564
41,6.52,6.0632744,0.4567256
42,6.487,6.2367253,0.25027466
43,7.035,8.172188,-1.137188
44,9.563,10.447535,-0.88453484
45,10.148,10.37927,-0.23126984
46,9.757501,9.522393,0.23510742
47,8.957,8.696236,0.26076412
48,8.2475,8.054422,0.19307804
49,7.9565,7.5827856,0.37371445
50,7.4095,7.163739,0.24576092
51,7.137,6.869787,0.26721287
52,7.0675,6.780406,0.28709412
53,6.9680004,6.7834663,0.18453407
54,6.8335,6.6732802,0.16021967
55,6.7,6.684518,0.015481949
56,7.2060003,7.1960173,0.009983063
57,7.634,7.256876,0.37712383
58,7.6345,7.196311,0.43818903
59,7.855,8.282394,-0.4273944
60,9.846,10.247883,-0.40188313
61,10.358999,11.959737,-1.6007376
62,11.358,12.238184,-0.8801842
63,12.095501,11.561735,0.5337658
64,11.522,10.894706,0.62729454
65,10.7185,10.4131975,0.30530262
66,10.0859995,9.927575,0.15842438
67,9.773,9.466865,0.30613518
68,9.469,9.080866,0.388134
69,9.3555,8.806943,0.5485573
70,9.09,8.612698,0.47730255
71,8.825,8.433412,0.3915882
72,8.561,8.361581,0.19941902
73,8.5245,8.431363,0.09313679
74,8.4515,8.507804,-0.056303978
75,8.234,8.437652,-0.20365143
76,8.3075,8.701594,-0.39409447
77,8.868,9.453673,-0.58567333
78,9.743,10.128579,-0.3855791
79,10.0175,10.517096,-0.49959564
80,10.453,10.610403,-0.15740299
81,10.692,10.567594,0.124406815
82,10.693,10.411155,0.2818451
83,10.6925,10.232435,0.4600649
84,10.694,10.31485,0.3791504
85,11.0525,10.818669,0.23383045
86,11.254,10.606063,0.6479368
87,11.134,11.143591,-0.009591103
88,11.5435,12.910625,-1.3671255
89,13.587,13.46201,0.12498951
90,13.207,12.9231615,0.28383827
91,12.531,12.804723,-0.27372265
92,13.5485,13.509267,0.039233208
93,14.571,14.217702,0.3532982
94,14.7425,14.1560955,0.5864048
95,14.787,13.579774,1.2072258
96,13.8055,12.99022,0.81527996
97,13.3395,12.742773,0.5967274
98,13.001,12.6137,0.3873005
99,12.455,12.304876,0.1501236
100,12.085,11.961653,0.12334728
101,11.880501,11.72476,0.15574074
102,11.635,11.41007,0.22492981
103,11.348001,11.281642,0.06635857
104,11.4725,11.516401,-0.043901443
105,11.8015,11.507709,0.29379177
106,11.679501,11.213998,0.46550274
107,11.516,11.724718,-0.2087183
108,12.8395,12.5751505,0.26434994
109,13.306,12.948994,0.35700607
110,13.434999,12.640839,0.79416084
111,13.011,12.218439,0.7925606
112,12.591001,12.076819,0.51418114
113,12.549001,12.1047535,0.44424725
114,12.4255,11.963976,0.461524
115,12.097,11.654667,0.44233322
116,11.852,11.421233,0.43076706
117,11.771,11.250775,0.5202246
118,11.689,11.026305,0.66269493
119,11.3619995,10.828786,0.5332136
120,11.2415,10.71653,0.52497005
121,11.163,10.786907,0.3760929
122,11.005,10.29299,0.7120104
123,10.9635,10.351659,0.6118412
124,11.2865,10.7349205,0.5515795
125,12.769,11.69106,1.07794
126,12.7265,12.444593,0.28190613
127,13.194,14.005866,-0.8118658
128,15.452499,14.563127,0.8893728
129,15.4955,14.324061,1.1714382
130,14.771501,13.756796,1.0147047
131,14.217,13.319605,0.89739513
132,13.41,13.142992,0.26700783
133,13.2835,13.132632,0.15086746
134,13.030001,12.973078,0.056922913
135,12.9455,12.746362,0.19913864
136,12.8195,12.524316,0.29518414
137,12.693001,12.351379,0.3416214
138,12.362,12.088151,0.2738495
139,12.035,11.792285,0.24271488
140,11.707,11.529237,0.17776299
141,11.626,11.335672,0.29032803
142,11.421499,11.140444,0.28105545
143,11.381,10.888088,0.49291134
144,11.1,10.68136,0.41864014
145,11.059999,10.53715,0.5228491
146,11.061,10.382287,0.67871284
147,10.863999,10.11379,0.7502098
148,10.8255005,10.11607,0.7094307
149,11.264999,10.819262,0.44573784
150,11.715,11.339059,0.37594128
151,11.7155,11.290014,0.4254856
152,11.471,11.134436,0.33656406
153,11.636,10.971869,0.6641302
154,11.594999,10.961743,0.63325596
155,11.391,10.44713,0.9438696
156,11.2305,10.635039,0.5954609
157,11.436,12.763336,-1.3273363
158,15.347333,14.578385,0.7689476
159,15.434999,14.71844,0.7165594
160,15.007999,14.135826,0.8721733
161,14.582,13.598072,0.9839277
162,14.0275,13.429339,0.59816074
163,13.477,12.740048,0.7369518
164,13.053,12.643938,0.4090624
165,14.287,13.191736,1.0952635
166,14.842,13.569928,1.2720718
167,14.842,14.354982,0.48701763
168,15.469091,14.747568,0.7215233
169,15.556364,14.802878,0.7534857
170,15.643636,14.649206,0.9944296
171,15.730909,14.464267,1.2666426
172,15.7,14.449577,1.2504225
173,15.616,14.384483,1.2315168
174,15.104,14.079637,1.0243635
175,13.868,13.668434,0.19956589
176,13.4025,13.356864,0.045636177
177,13.445,13.361789,0.083210945
178,13.404,13.35795,0.04605007
179,13.320001,13.155016,0.1649847
180,12.9395,12.91487,0.024629593
181,12.9825,12.820021,0.1624794
182,12.9825,12.750543,0.23195744
183,12.7300005,12.569306,0.16069412
184,12.399,12.368793,0.030207634
185,12.3995,12.367685,0.031814575
186,12.441999,12.552308,-0.11030865
187,12.319,12.341798,-0.022797585
188,12.074,12.824061,-0.75006104
189,12.826,13.636842,-0.81084156
190,14.007,14.075948,-0.06894779
191,13.754,13.701843,0.05215645
192,13.5,13.791617,-0.2916174
193,14.4038,14.363842,0.039958
194,15.802001,14.5376005,1.2644005
195,15.6755,14.356991,1.3185091
196,15.6755,14.101436,1.5740643
197,15.7185,14.349618,1.3688822
198,15.827825,14.85836,0.9694643
199,15.875471,14.993535,0.8819361
200,15.923118,14.763847,1.1592703
201,15.902,14.553822,1.3481789
202,15.6825,14.355205,1.3272953
203,14.668,13.810244,0.8577566
204,13.4315,13.689376,-0.25787544
205,14.2735,13.801763,0.47173786
206,14.721001,13.697693,1.0233078
207,13.442,13.29431,0.14769077
208,12.865,12.716932,0.14806747
209,12.2895,12.525405,-0.2359047
210,12.271501,12.662605,-0.3911047
211,12.747001,12.781357,-0.034356117
212,12.753,12.840188,-0.08718777
213,13.1355,12.665748,0.4697523
214,12.7545,12.197602,0.5568981
215,12.137,11.760149,0.37685108
216,11.769,11.6797905,0.08920956
217,11.5645,11.516437,0.04806328
218,10.9625,10.819407,0.14309216
219,10.6965,11.909201,-1.2127008
220,13.316501,13.612469,-0.29596806
221,14.544,14.684753,-0.14075375
222,14.97,14.59607,0.37392998
223,15.995,14.208296,1.7867041
224,15.485001,13.624906,1.860095
225,14.675,13.130701,1.5442991
226,13.103,12.773663,0.32933712
227,12.6815,12.448698,0.23280239
228,12.106,12.054075,0.051924706
229,11.738,11.670327,0.06767273
230,11.452001,11.349908,0.10209274
231,11.412001,11.079884,0.33211708
232,11.2515,10.828597,0.42290306
233,11.132,10.453128,0.6788721
234,10.500501,9.990521,0.50997925
235,10.184999,9.711769,0.47323036
236,10.107,9.422307,0.68469334
237,9.57,9.1404705,0.4295292
238,9.267,9.034208,0.2327919
239,9.3435,9.016588,0.32691193
240,9.344501,9.054709,0.2897911
241,9.2315,9.073338,0.15816212
242,9.271,9.101847,0.16915321
243,9.2715,9.093153,0.17834663
244,9.272,9.034065,0.23793507
245,8.97,8.92126,0.048740387
246,8.969,8.78351,0.18548965
247,8.894,8.776931,0.117069244
248,8.972,8.743099,0.22890091
249,8.9345,8.664875,0.2696247
250,8.6710005,8.552588,0.11841202
251,8.635,8.561161,0.07383919
252,8.636,8.511569,0.12443066
253,8.528,8.456891,0.07110882
254,8.4555,8.511031,-0.0555315
255,8.629,8.4565735,0.17242622
256,8.655,8.672163,-0.017163277
257,8.7145,8.68013,0.034370422
258,8.544,7.9887476,0.5552521
259,8.2045,9.006787,-0.8022871
260,12.9465,12.447788,0.4987116
261,13.514,12.109607,1.4043932
262,12.955001,11.94728,1.007721
263,11.1175,10.699657,0.41784286
264,11.144,11.620386,-0.47638607
265,12.4825,13.695217,-1.212717
266,14.876,13.96599,0.91001034
267,13.809501,13.234709,0.5747919
268,13.6645,12.20916,1.4553404
269,12.3205,11.639081,0.6814194
270,11.863,11.116692,0.7463083
271,10.772,10.680196,0.091804504
272,10.106501,10.212654,-0.10615349
273,9.7664995,9.713094,0.05340576
274,9.57,9.273485,0.2965145
275,9.5529995,8.961878,0.5911217
276,9.3225,8.706473,0.6160269
277,9.021,8.485865,0.53513527
278,8.6115,8.267686,0.3438139
279,8.3255005,8.113497,0.21200371
280,8.151,7.95275,0.19824982
281,8.081,7.8435965,0.23740387
282,7.9465,7.775196,0.17130375
283,7.915,7.6373453,0.27765465
284,7.6215,7.5058293,0.11567068
285,7.5905,7.38231,0.20818996
286,7.5435,7.258816,0.28468418
287,7.2615004,7.134309,0.12719154
288,7.203,7.021906,0.18109417
289,7.09,6.962348,0.12765217
290,7.1070004,6.9664965,0.14050388
291,7.118,7.044415,0.07358503
292,7.0935,7.0468674,0.046632767
293,7.0855002,7.087332,-0.0018315315
294,7.1355,7.24428,-0.10877991
295,7.446,7.3710756,0.07492447
296,7.4210005,7.400842,0.02015829
297,7.352,7.437027,-0.08502674
298,7.3345003,7.354496,-0.01999569
299,7.3965,7.4423637,-0.04586363
300,7.641,7.619563,0.021436691
301,7.8094997,7.632143,0.17735672
302,7.488,7.525972,-0.037971973
303,7.4855003,7.50984,-0.024339676
304,7.7065,7.437497,0.2690029
305,7.701,7.274287,0.426713
306,7.3215,7.147115,0.1743846
307,7.1254997,7.012639,0.11286068
308,6.9969997,7.012284,-0.015284061
309,6.9945,6.939307,0.055192947
310,7.2440004,7.3091965,-0.06519604
311,7.7790003,7.862887,-0.08388662
312,8.214,8.040767,0.17323303
313,7.9395,8.422176,-0.4826765
314,7.5455,7.501507,0.043992996
315,7.4554996,7.515135,-0.059635162
316,7.3780003,9.221363,-1.8433628
317,10.4215,10.265781,0.1557188
318,9.6185,9.973443,-0.35494328
319,8.838,9.602892,-0.7648916
320,9.2815,9.384844,-0.10334396
321,10.039,9.315302,0.72369766
322,9.7435,9.215603,0.5278969
323,9.6525,8.969824,0.6826763
324,8.9795,8.647107,0.3323927
325,8.7705,8.378891,0.3916092
326,8.5675,8.159927,0.40757275
327,8.3985,7.936755,0.46174526
328,8.041,7.6737375,0.36726284
329,7.7685003,7.4392138,0.32928658
330,7.6095,7.225482,0.38401794
331,7.405,7.015468,0.3895321
332,7.125,6.7833023,0.3416977
333,6.8605003,6.884383,-0.023882866
334,6.8395,6.6459947,0.19350529
335,6.7885,6.774225,0.014274597
336,7.1305,7.0974407,0.03305912
337,8.334,9.02479,-0.6907902
338,8.8385,10.714106,-1.8756056
339,10.415999,10.32286,0.09313965
340,9.728001,9.479272,0.24872875
341,9.0425005,8.722717,0.3197832
342,8.491,8.134346,0.35665417
343,8.1685,7.6316504,0.5368495
344,7.553,7.2121544,0.34084558
345,7.2784996,6.8625536,0.415946
346,7.077,6.632388,0.44461203
347,6.913,6.4031944,0.5098057
348,6.6015,6.1973143,0.40418577
349,6.3125,6.080471,0.23202896
350,6.2955,5.9249787,0.37052107
351,6.041,5.8603735,0.18062639
352,5.9905,5.786975,0.20352507
353,5.9775,7.928215,-1.9507151
354,12.1115,12.333158,-0.22165775
355,15.4314995,14.905939,0.5255604
356,14.998611,15.1211605,-0.12254906
357,14.480945,14.537011,-0.056066513
358,13.963278,13.759141,0.20413685
359,15.6255,13.537814,2.0876856
360,14.812,13.789651,1.0223494
361,14.2960005,13.61141,0.68459034
362,13.52,12.996571,0.5234299
363,12.748,12.240356,0.5076437
364,11.8515,11.473479,0.3780203
365,11.1445,10.787996,0.3565035
366,10.485,10.236434,0.24856567
367,10.1205,9.7312155,0.38928413
368,9.445,9.159179,0.28582096
369,8.892,9.178421,-0.28642082
370,8.5875,7.903796,0.6837034
371,8.5885,8.212512,0.375988
372,10.249,11.545693,-1.2966938
373,14.742001,13.651137,1.0908632
374,13.4945,13.241847,0.25265312
375,12.21,12.119828,0.090171814
376,11.8265,11.31575,0.5107498
377,11.785,11.207779,0.5772209
378,11.5355,10.990218,0.5452814
379,11.123,10.411232,0.71176815
380,10.302,9.720637,0.5813627
381,9.783,9.099839,0.6831608
382,9.227,8.538664,0.6883364
383,8.722,8.111701,0.6102991
384,8.226,7.772648,0.45335197
385,7.6940002,7.4670663,0.22693396
386,7.4,7.237259,0.16274118
387,7.4014997,7.1625576,0.23894215
388,7.4034996,7.046578,0.35692167
389,7.257,6.9506936,0.30630636
390,7.111,6.8533244,0.25767565
391,7.111,6.7131615,0.3978386
392,6.8190002,6.5062976,0.31270266
393,6.5264997,6.334849,0.19165087
394,6.526,6.194575,0.3314252
395,6.359,6.0866995,0.27230072
396,6.2574997,5.938094,0.31940556
397,5.99,5.8663216,0.12367821
398,5.99,5.810422,0.17957783
399,5.991,5.6892114,0.3017888
400,5.7235003,5.653131,0.07036924
401,5.724,5.550974,0.17302608
402,5.724,5.4784846,0.24551535
403,5.457,5.36911,0.08788967
404,5.4245,5.263096,0.16140413
405,5.229,5.2045183,0.024481773
406,5.2320004,5.141114,0.090886116
407,5.2,5.101384,0.09861565
408,5.2,5.066866,0.13313389
409,5.202,4.937138,0.26486206
410,4.9445,4.8115044,0.1329956
411,4.9440002,4.638157,0.30584335
412,4.6870003,4.5382633,0.14873695
413,4.6865,4.5293975,0.15710258
414,4.493,4.594691,-0.10169077
415,4.4295,4.653018,-0.2235179
416,4.5290003,4.749202,-0.22020149
417,4.693,5.050743,-0.35774326
418,5.4475,5.2689157,0.17858458
419,5.251,5.3000894,-0.04908943
420,5.218,5.1390405,0.078959465
421,5.2535,4.966629,0.28687096
422,5.223,4.7687244,0.4542756
423,4.8655,4.4900045,0.37549543
424,4.703,4.324433,0.37856722
425,4.445,4.2280426,0.21695757
426,4.2275,4.1681466,0.05935335
427,4.197,4.1371584,0.059841633
428,4.199,4.1031423,0.09585762
429,4.263,4.071332,0.19166803
430,4.2645,4.0494385,0.21506166
431,4.2025,3.958609,0.24389076
432,3.9915001,3.8891113,0.10238886
433,3.9620001,3.812375,0.14962506
434,3.9620001,3.7082543,0.2537458
435,3.783,3.6430588,0.13994122
436,3.7525,3.5887244,0.16377568
437,3.6620002,3.5170197,0.14498043
438,3.481,3.4358554,0.045144558
439,3.4825,3.3894572,0.09304285
440,3.483,3.3505101,0.13248992
441,3.255,3.314736,-0.059735775
442,3.2555,3.2376103,0.017889738
443,3.256,3.1906972,0.06530285
444,3.2580001,3.1512709,0.10672927
445,3.101,3.117229,-0.016228914
446,3.0495,3.045148,0.0043520927
447,3.051,3.0025287,0.04847145
448,3.052,2.9421997,0.10980034
449,2.922,2.9170527,0.0049471855
450,2.895,3.219738,-0.32473803
451,2.9520001,3.3919163,-0.43991613
452,2.9265,3.385418,-0.45891786
453,2.874,3.4282005,-0.5542004
454,4.274,3.3118856,0.9621146
455,3.5080001,3.1339526,0.37404752
456,3.0655,2.9846,0.080899954
457,2.96,2.8786588,0.08134127
458,2.856,2.7712212,0.084778786
459,2.857,2.7141228,0.14287734
460,2.858,2.6758966,0.1821034
461,2.6495,2.6518953,-0.0023953915
462,2.65,2.606546,0.04345417
463,2.651,2.5656245,0.08537555
464,2.653,2.5393252,0.11367488
465,2.6280003,2.5182557,0.10974455
466,2.499,2.492859,0.0061411858
467,2.499,2.479809,0.019191027
468,2.528,2.471949,0.056051016
469,2.453,2.4675837,-0.014583588
470,2.453,2.4410737,0.011926413
471,2.455,2.3959079,0.059092045
472,2.456,2.3626127,0.093387365
473,2.457,2.3230438,0.1339562
474,2.2635002,2.167252,0.09624815
475,2.2645001,2.0789633,0.18553686
476,2.2655,2.2769847,-0.011484623
477,2.1945,2.435948,-0.24144793
478,2.5440001,2.5215158,0.022484303
479,2.7555,2.4831269,0.2723732
480,2.521,2.5074806,0.013519287
481,2.299,2.5794034,-0.28040338
482,2.5245001,2.6896257,-0.16512561
483,2.8425002,2.74226,0.10024023
484,2.686,2.7390087,-0.053008556
485,2.686,2.7177038,-0.03170371
486,2.687,2.7015438,-0.014543772
487,2.6890001,2.6951377,-0.0061376095
488,2.6905003,2.6953256,-0.0048253536
489,2.6920002,2.6946306,-0.0026304722
490,2.6940002,2.616734,0.07726622
491,2.6955001,2.5712652,0.124234915
492,2.698,2.5337336,0.16426635
493,2.568,2.501463,0.06653714
494,2.4910002,2.4374743,0.053525925
495,2.4925,2.3987646,0.09373546
496,2.4935,2.369566,0.12393403
497,2.301,2.3190258,-0.018025637
498,2.301,2.2643323,0.036667824
499,2.303,2.2272692,0.0757308
500,2.2790003,2.201251,0.07774925
501,2.111,2.1866956,-0.075695515
502,2.111,2.1487863,-0.037786245
503,2.112,2.1010094,0.01099062
504,2.1145,2.0662162,0.048283815
505,2.1155,2.0362437,0.079256296
506,1.922,1.976388,-0.054387927
507,1.922,1.9253246,-0.0033245087
508,1.9240001,1.8903193,0.033680797
509,1.8535001,1.8674512,-0.013951063
510,1.733,1.8556588,-0.12265873
511,1.7340002,1.8520064,-0.11800623
512,1.7360001,1.8369296,-0.1009295
513,1.7370002,1.793663,-0.056662798
514,1.7385001,1.756942,-0.018441916
515,1.7390001,1.6827626,0.05623746
516,1.5780001,1.6276605,-0.049660444
517,1.5780001,1.6216085,-0.043608427
518,1.4575,1.6146698,-0.15716982
519,1.417,1.5964241,-0.17942405
520,1.4384999,1.5862732,-0.14777327
521,1.523,1.6079805,-0.08498049
522,1.4220002,1.5395818,-0.117581606
523,1.4230001,1.4417081,-0.01870799
524,1.4250002,1.5104353,-0.08543515
525,1.5495002,1.9024522,-0.352952
526,1.806,2.2341547,-0.4281547
527,2.5435,2.273899,0.26960087
528,2.4465,2.1686454,0.27785468
529,2.1535,2.0296743,0.12382579
530,1.9585,1.8224335,0.13606656
531,1.7895,2.1156209,-0.32612085
532,2.0365,2.5817723,-0.54527235
533,2.2335,3.2663567,-1.0328567
534,3.1615,5.0678015,-1.9063015
535,5.999,6.1500754,-0.15107536
536,5.8640003,6.0992928,-0.23529243
537,5.4015,5.824667,-0.42316675
538,5.401,5.5764084,-0.17540836
539,5.4035,5.37581,0.027689934
540,5.4049997,5.2700496,0.13495016
541,5.4065,5.2724733,0.13402653
542,5.407,5.170338,0.23666191
543,5.3120003,5.0306053,0.28139496
544,5.152,4.910074,0.24192572
545,5.0225,4.7459555,0.27654457
546,4.8615,4.61693,0.24456978
547,4.636,4.528767,0.10723305
548,4.636,4.443278,0.19272232
549,4.5750003,4.424184,0.15081644
550,4.578,4.3415575,0.23644257
551,4.423,4.2629347,0.16006517
552,4.3925,4.165782,0.22671795
553,4.393,4.067237,0.32576323
554,4.153,4.0086584,0.14434147
555,4.152,3.9201283,0.2318716
556,3.9120002,3.8242166,0.087783575
557,3.9125001,3.7721932,0.14030695
558,3.9125001,3.727338,0.18516207
559,3.733,3.6458347,0.087165356
560,3.674,3.5915413,0.082458735
561,3.674,3.550003,0.12399697
562,3.589,3.5074143,0.081585646
563,3.447,3.4721088,-0.025108814
564,3.448,3.4233348,0.024665117
565,3.4485002,3.380815,0.06768513
566,3.398,3.3482718,0.049728155
567,3.3465,3.321465,0.025034904
568,3.243,3.305528,-0.062527895
569,3.2435,3.273493,-0.029993057
570,3.2450001,3.2163718,0.02862835
571,3.246,3.1732905,0.07270956
572,3.2210002,3.1346288,0.08637142
573,3.0900002,3.106871,-0.016870737
574,3.039,3.0940242,-0.055024147
575,3.04,3.0923946,-0.05239463
576,3.0415,3.0958996,-0.05439949
577,3.0440001,3.0999823,-0.055982113
578,3.045,3.0941339,-0.049133778
579,3.046,3.080078,-0.034077883
580,3.048,3.0483966,-0.0003964901
581,3.049,2.9872644,0.06173563
582,2.9980001,2.9426055,0.05539465
583,2.9985,2.9046853,0.09381485
584,2.8685002,2.6710048,0.19749546
585,2.8435001,2.6952353,0.14826488
586,2.9780002,3.0092,-0.031199932
587,3.0855002,3.230157,-0.14465666
588,3.2740002,3.3157187,-0.041718483
589,3.2745001,3.279163,-0.004662752
590,3.196,3.1851785,0.010821581
591,3.066,3.0587616,0.007238388
592,3.066,3.0206323,0.045367718
593,3.0685,3.0639439,0.004556179
594,3.0700002,3.1073194,-0.037319183
595,3.0185,3.131258,-0.11275792
596,3.02,3.1396523,-0.11965227
597,3.075,3.1406317,-0.06563163
598,3.0765002,3.1288605,-0.052360296
599,3.078,3.0864923,-0.008492231
600,3.0795002,3.0528126,0.026687622
601,3.081,3.0107257,0.07027435
602,2.9765,3.008036,-0.031535864
603,2.9265,3.0459394,-0.11943936
604,2.9275,3.0777454,-0.15024543
605,2.902,3.1129344,-0.2109344
606,3.089,3.1350827,-0.046082735
607,3.091,3.137317,-0.046316862
608,3.092,3.0901206,0.0018794537
609,3.093,2.9405842,0.15241575
610,3.0435,2.9305499,0.11295009
611,3.071,3.0419483,0.02905178
612,3.0985,3.1473234,-0.048823357
613,3.1,3.1989636,-0.09896374
614,3.102,3.2024064,-0.10040641
615,3.1035001,3.1712606,-0.06776047
616,3.105,3.0314145,0.07358551
617,3.106,2.9113848,0.19461513
618,3.107,2.809718,0.29728222
619,2.8460002,2.7365005,0.10949969
620,2.7405,2.6976256,0.042874336
621,2.6915002,2.6407685,0.05073166
622,2.693,2.5904799,0.10252023
623,2.6945,2.628317,0.06618285
624,2.6965,2.6828673,0.013632774
625,2.698,2.6817436,0.016256332
626,2.699,2.658669,0.040330887
627,2.7,2.617733,0.082267046
628,2.6775002,2.5715494,0.10595083
629,2.606,2.5416303,0.06436968
630,2.6065001,2.5222626,0.084237576
631,2.512,2.5136385,-0.0016384125
632,2.512,2.511406,0.0005941391
633,2.514,2.5127485,0.0012514591
634,2.5155,2.520248,-0.0047478676
635,2.5170002,2.5209022,-0.0039019585
636,2.5185,2.522469,-0.003968954
637,2.5215,2.5233574,-0.0018572807
638,2.5230002,2.5236654,-0.00066518784
639,2.5240002,2.5241122,-0.00011205673
640,2.525,2.525134,-0.00013399124
641,2.5265002,2.526491,9.298325e-06
642,2.528,2.5280375,-3.7431717e-05
643,2.5295,2.5295687,-6.866455e-05
644,2.5310001,2.5310998,-9.9658966e-05
645,2.533,2.530517,0.002482891
646,2.534,2.4603195,0.0736804
647,2.5360003,2.3423555,0.19364476
648,2.5375001,2.3981338,0.13936639
649,2.5405002,2.5548267,-0.014326572
650,2.5655,2.7247243,-0.15922427
651,2.7385,2.8052053,-0.06670523
652,2.7410002,2.812046,-0.071045876
653,2.742,2.7917106,-0.049710512
654,2.7425,2.7732124,-0.030712366
655,2.7450001,2.7640014,-0.019001245
656,2.7450001,2.7588253,-0.013825178
657,2.7475,2.7328806,0.01461935
658,2.7485,2.6672866,0.081213474
659,2.75,2.6172905,0.1327095
660,2.7280002,2.5864081,0.14159203
661,2.6065001,2.5654206,0.04107952
662,2.56,2.5561948,0.0038051605
663,2.5615,2.5552416,0.0062584877
664,2.5630002,2.5579169,0.0050833225
665,2.5640001,2.5611415,0.0028586388
666,2.566,2.563873,0.0021269321
667,2.5675,2.5658932,0.0016069412
668,2.569,2.567519,0.0014810562
669,2.5705,2.5689394,0.0015604496
670,2.572,2.5626922,0.009307861
671,2.574,2.5487719,0.025228024
672,2.5755,2.5330396,0.04246044
673,2.5760002,2.4948983,0.081101894
674,2.5300002,2.4633946,0.06660557
675,2.5310001,2.4406056,0.0903945
676,2.4830003,2.435173,0.047827244
677,2.388,2.4366941,-0.048694134
678,2.3885002,2.509677,-0.12117672
679,2.4645,2.7921968,-0.3276968
680,2.6875,3.1515198,-0.46401978
681,3.3400002,3.4325097,-0.09250951
682,3.3405,3.6797295,-0.33922935
683,3.556,3.7257805,-0.1697805
684,3.5310001,3.6907394,-0.15973926
685,3.7540002,3.5819001,0.17210007
686,3.841,3.4700933,0.37090683
687,3.5815,3.3020697,0.2794304
688,3.325,3.1820502,0.14294982
689,3.22,3.1078324,0.1121676
690,3.089,3.0687962,0.020203829
691,3.0110002,3.056047,-0.045046806
692,3.012,3.0578556,-0.045855522
693,3.0140002,3.064256,-0.050255775
694,3.0155,3.0699973,-0.054497242
695,3.017,3.0738072,-0.05680728
696,3.019,3.075898,-0.05689788
697,3.02,3.0567675,-0.036767483
698,3.022,2.996934,0.025066137
699,3.0230002,2.942672,0.080328226
700,3.0240002,2.8977408,0.12625933
701,2.8960001,2.8654695,0.030530691
702,2.8200002,2.8497863,-0.02978611
703,2.821,2.8464975,-0.025497437
704,2.822,2.8306012,-0.008601189
705,2.8240001,2.7893915,0.034608603
706,2.825,2.7315345,0.09346557
707,2.8035002,2.68462,0.11888027
708,2.7335,2.6501281,0.08337188
709,2.6585002,2.605062,0.053438187
710,2.6355,2.5190783,0.1164217
711,2.637,2.5259748,0.11102533
712,2.638,2.5830646,0.054935455
713,2.641,2.587184,0.05381608
714,2.6420002,2.5564797,0.085520506
715,2.6430001,2.5195744,0.12342572
716,2.5715,2.4929814,0.07851863
717,2.4510002,2.5017207,-0.050720453
718,2.4520001,2.4996052,-0.047605038
719,2.453,2.4921842,-0.039184093
720,2.5040002,2.4893956,0.0146045685
721,2.578,2.4824443,0.09555578
722,2.459,2.3608744,0.098125696
723,2.4595,2.088626,0.37087417
724,2.461,2.1709783,0.29002166
725,2.4625,2.3808599,0.08164024
726,2.6605,3.0199661,-0.35946608
727,3.499,3.4536629,0.0453372
728,3.6325002,3.4301448,0.20235538
729,3.177,3.2263334,-0.049333334
730,3.0455,3.0065541,0.038945913
731,2.8660002,2.827049,0.03895116
732,2.8660002,2.734868,0.13113213
733,2.867,2.691103,0.17589712
734,2.7225,2.6672082,0.05529189
735,2.6750002,2.6177745,0.057225704
736,2.676,2.5758488,0.1001513
737,2.677,2.5389738,0.13802624
738,2.63,2.5152512,0.114748955
739,2.5095,2.4578052,0.05169487
740,2.487,2.4323654,0.05463457
741,2.4880002,2.3835785,0.104421616
742,2.4895,2.3300261,0.1594739
743,2.4910002,2.3666956,0.12430453
744,2.566,2.5401258,0.025874138
745,2.6420002,2.7102265,-0.06822634
746,2.667,2.7421858,-0.075185776
747,2.6925,2.653511,0.038989067
748,2.6950002,2.5564227,0.13857746
749,2.697,2.5414128,0.1555872
750,2.697,2.5345263,0.16247368
751,2.5295,2.524104,0.0053958893
752,2.505,2.5151515,-0.010151386
753,2.5065,2.5101252,-0.0036251545
754,2.508,2.4986072,0.009392738
755,2.5100002,2.4876695,0.022330761
756,2.5110002,2.468477,0.042523146
757,2.512,2.4425325,0.069467545
758,2.4650002,2.4098504,0.055149794
759,2.4425,2.387147,0.055353165
760,2.3955002,2.3718731,0.023627043
761,2.324,2.3663547,-0.042354822
762,2.3245,2.3806882,-0.056188107
763,2.3265002,2.4038913,-0.07739115
764,2.328,2.5231743,-0.19517422
765,2.3535,2.8459573,-0.4924574
766,2.5025,3.2116416,-0.7091415
767,3.0525,3.71434,-0.66183996
768,3.9735,4.2916865,-0.31818652
769,4.7325,4.580203,0.15229702
770,4.7335,4.398841,0.3346591
771,4.492,4.097787,0.3942132
772,4.2495003,3.8617806,0.38771963
773,4.009,3.6549096,0.3540902
774,3.7785,3.5252564,0.25324368
775,3.5945,3.448104,0.14639616
776,3.4105,3.3851433,0.02535677
777,3.3590002,3.313788,0.04521227
778,3.3600001,3.3290415,0.030958652
779,3.362,3.3533828,0.008617163
780,3.365,3.3700628,-0.0050628185
781,3.3660002,3.3602989,0.0057013035
782,3.3140001,3.3094797,0.0045204163
783,3.2625,3.271849,-0.009348869
784,3.264,3.2438393,0.020160675
785,3.186,3.2850442,-0.099044085
786,3.161,3.323319,-0.16231894
787,3.1625,3.3779747,-0.21547484
788,3.1905,3.4432578,-0.2527578
789,3.378,3.4764178,-0.09841776
790,3.3795002,3.4807637,-0.10126352
791,3.486,3.4786782,0.0073218346
792,3.4880002,3.4653716,0.022628546
793,3.4105,3.4504278,-0.03992772
794,3.385,3.424334,-0.03933406
795,3.387,3.360847,0.026153088
796,3.3885002,3.3219516,0.066548586
797,3.3895001,3.283816,0.10568404
798,3.181,3.2460654,-0.065065384
799,3.181,3.1800876,0.0009124279
800,3.183,3.1246147,0.058385372
801,3.1835,3.0830684,0.10043168
802,3.107,3.0505488,0.05645132
803,2.979,3.023991,-0.044991016
804,2.98,2.956653,0.023346901
805,2.981,2.9046087,0.07639122
806,2.983,2.863019,0.11998105
807,2.8385,2.8321533,0.0063467026
808,2.7905002,2.8163981,-0.02589798
809,2.792,2.813025,-0.021024942
810,2.7930002,2.8155422,-0.022542
811,2.7940001,2.8198042,-0.025804043
812,2.796,2.8234227,-0.027422667
813,2.797,2.812391,-0.015391111
814,2.798,2.7681909,0.029809237
815,2.801,2.6686692,0.1323309
816,2.8015,2.5809472,0.22055292
817,2.706,2.5249333,0.18106675
818,2.5845,2.4960377,0.08846235
819,2.468,2.4798346,-0.011834621
820,2.4650002,2.4744,-0.009399891
821,2.4655,2.4744596,-0.008959532
822,2.4925,2.4639742,0.02852583
823,2.4700003,2.4571667,0.012833595
824,2.4700003,2.451223,0.01877737
825,2.4250002,2.4469714,-0.021971226
826,2.426,2.4452987,-0.019298553
827,2.4275002,2.445636,-0.018135786
828,2.429,2.4469492,-0.017949343
829,2.4300003,2.4485912,-0.018590927
830,2.4315,2.4499226,-0.018422604
831,2.433,2.4511862,-0.018186092
832,2.435,2.4526677,-0.01766777
833,2.4359999,2.4540634,-0.018063545
834,2.437,2.4552543,-0.01825428
835,2.4390001,2.4564989,-0.017498732
836,2.442,2.4578424,-0.015842438
837,2.4425,2.4591284,-0.016628265
838,2.4435,2.4306014,0.012898684
839,2.446,2.3872128,0.058787346
840,2.448,2.3536663,0.09433365
841,2.448,2.3266046,0.12139535
842,2.2555,2.3101583,-0.054658175
843,2.255,2.3039703,-0.048970222
844,2.2580001,2.3041615,-0.046161413
845,2.2590003,2.3056295,-0.04662919
846,2.2605,2.287303,-0.026803017
847,2.262,2.2742255,-0.0122253895
848,2.2635002,2.2723064,-0.008806229
849,2.224,2.262081,-0.03808093
850,2.1820002,2.2452223,-0.06322217
851,2.206,2.2236261,-0.017626047
852,2.2270002,2.2051172,0.02188301
853,2.167,2.1914217,-0.024421692
854,2.1455002,2.1755748,-0.030074596
855,2.107,2.1341462,-0.027146101
856,2.1080003,2.097066,0.010934353
857,2.1090002,2.089137,0.019863129
858,1.9850001,2.1020713,-0.11707115
859,1.945,2.1069827,-0.16198266
860,1.9460001,2.098143,-0.152143
861,2.0735002,2.0830946,-0.00959444
862,2.0740001,2.0688987,0.0051014423
863,1.9925001,2.061912,-0.06941199
864,1.9530001,2.1005547,-0.14755464
865,1.9530001,2.1330576,-0.18005753
866,1.9550002,2.1628501,-0.20784998
867,2.0830002,2.161635,-0.07863474
868,2.1269999,2.2022438,-0.07524395
869,2.1280003,2.2596416,-0.13164139
870,2.1085,2.3176785,-0.20917845
871,2.173,2.396317,-0.22331691
872,2.3015,2.4455419,-0.14404178
873,2.303,2.4804752,-0.17747521
874,2.501,2.491895,0.009104967
875,2.502,2.477716,0.024284124
876,2.5040002,2.4625955,0.041404724
877,2.5040002,2.4434114,0.060588837
878,2.4099998,2.3886337,0.02136612
879,2.4115,2.32371,0.08779001
880,2.4120002,2.2795799,0.1324203
881,2.3470001,2.262011,0.08498907
882,2.1495001,2.241312,-0.091811895
883,2.15,2.2322788,-0.08227873
884,2.2154999,2.2512846,-0.03578472
885,2.2165,2.2582273,-0.041727304
886,2.1550002,2.2503495,-0.09534931
887,2.219,2.2442565,-0.025256395
888,2.242,2.237186,0.004814148
889,2.1810002,2.2312078,-0.050207615
890,2.1620002,2.228149,-0.06614876
891,2.1620002,2.227715,-0.065714836
892,2.164,2.2288022,-0.06480217
893,2.166,2.2305017,-0.06450176
894,2.167,2.2238517,-0.056851625
895,2.1685,2.170421,-0.0019209385
896,2.17,2.1937537,-0.023753643
897,2.172,2.2240767,-0.052076817
898,2.1735,2.2419105,-0.0684104
899,2.1745,2.2405138,-0.06601381
900,2.1765,2.2133093,-0.036809206
901,2.178,2.196167,-0.018167019
902,2.179,2.182387,-0.0033872128
903,2.098,2.1638055,-0.065805435
904,2.098,2.148899,-0.05089903
905,2.1000001,2.1327882,-0.03278804
906,2.0805001,2.1244044,-0.043904305
907,2.0605001,2.1630344,-0.102534294
908,2.021,2.1929483,-0.17194843
909,2.022,2.219141,-0.19714093
910,2.15,2.2325952,-0.08259511
911,2.193,2.2376935,-0.04469347
912,2.1940002,2.2350378,-0.04103756
913,2.196,2.2303448,-0.034344673
914,2.1775002,2.223475,-0.04597473
915,2.1585002,2.2105036,-0.052003384
916,2.16,2.20263,-0.042629957
917,2.161,2.1972413,-0.036241293
918,2.1215,2.1940258,-0.07252574
919,2.1205,2.1983685,-0.07786846
920,2.125,2.2157152,-0.09071517
921,2.125,2.235467,-0.11046696
922,2.1475,2.2458053,-0.098305225
923,2.17,2.2364535,-0.06645346
924,2.2140002,2.2348979,-0.020897627
925,2.2145002,2.2462738,-0.031773567
926,2.154,2.2150779,-0.061077833
927,2.135,2.2284064,-0.09340644
928,2.1995,2.245461,-0.045960903
929,2.2220001,2.2248015,-0.0028014183
930,2.224,2.2039208,0.020079136
931,2.184,2.1880145,-0.004014492
932,2.1620002,2.1757097,-0.013709545
933,2.0384998,2.1719122,-0.13341236
934,2.1035,2.167829,-0.06432915
935,2.104,2.1605153,-0.056515217
936,2.1065001,2.163666,-0.05716586
937,2.1065001,2.169158,-0.06265783
938,2.0675,2.1741915,-0.10669136
939,2.0690002,2.169293,-0.10029268
940,2.112,2.164517,-0.052516937
941,2.1139998,2.1598363,-0.04583645
942,2.094,2.1559565,-0.061956406
943,2.075,2.1540117,-0.07901168
944,2.0760002,2.1538796,-0.07787943
945,2.0774999,2.1547947,-0.07729483
946,2.079,2.1564314,-0.07743144
947,2.08,2.1568766,-0.07687664
948,2.0815,2.137503,-0.056002855
949,2.0830002,2.1300337,-0.04703355
950,2.085,2.1207411,-0.03574109
951,2.065,2.0983162,-0.033316135
952,2.0245001,2.081399,-0.056898832
953,2.047,2.0657425,-0.018742561
954,1.9860002,1.9774303,0.008569837
955,1.9665,1.9589814,0.007518649
956,1.9665,1.9825337,-0.01603365
957,1.9280001,2.009427,-0.08142698
958,1.9285002,2.0229115,-0.09441137
959,1.888,2.0265088,-0.1385088
960,1.888,2.0278702,-0.13987017
961,1.932,1.939868,-0.007867932
962,1.9340001,1.7396936,0.1943065
963,1.9355,1.6991997,0.23630035
964,1.9385,1.8531289,0.08537114
965,1.9810002,1.8805509,0.10044932
966,1.9410001,1.8552346,0.08576548
967,1.9410001,1.954983,-0.013982892
968,1.9440001,2.0453496,-0.10134947
969,1.945,2.0371807,-0.09218061
970,1.9470001,1.9960564,-0.04905629
971,1.9470001,1.9665365,-0.019536376
972,1.823,1.9653534,-0.14235342
973,1.7820001,1.982645,-0.20064497
974,1.812,1.9077761,-0.09577608
975,1.8775,1.7046936,0.1728065
976,1.9325,1.6346042,0.2978958
977,1.9575001,1.7323179,0.22518218
978,1.9590001,1.9453562,0.013643861
979,1.9600002,2.0675519,-0.107551694
980,1.9615,2.0824504,-0.12095034
981,1.9215,2.0558028,-0.13430285
982,1.8805001,2.0439548,-0.16345477
983,1.9020001,2.0497155,-0.14771545
984,1.8840001,2.0598083,-0.17580819
985,1.927,2.0648148,-0.13781476
986,2.0135002,2.068796,-0.055295706
987,2.014,2.0698113,-0.055811405
988,1.9750001,2.068983,-0.093982935
989,1.976,2.0591664,-0.08316648
990,1.9780002,1.9026194,0.0753808
991,1.979,1.8304343,0.14856565
992,1.979,1.9638965,0.015103459
993,1.9780002,2.0864873,-0.10848713
994,1.9360001,2.1498752,-0.21387506
995,1.9780002,2.1595993,-0.18159914
996,2.0630002,2.0888472,-0.025846958
997,2.0835,2.1252294,-0.04172945
998,2.105,2.1665895,-0.06158948
999,2.1255002,2.1120558,0.013444424
1000,2.104,1.8651166,0.2388835
1001,2.104,1.7018516,0.4021485
1002,2.104,1.8705658,0.23343432
1003,2.0395002,2.0637465,-0.024246216
1004,2.0180001,2.1355262,-0.117526054
1005,1.997,2.1237226,-0.12672257
1006,1.976,2.036359,-0.06035912
1007,1.9750001,2.0153003,-0.04030013
1008,1.9750001,1.9983778,-0.023377657
1009,1.932,1.9365323,-0.004532218
1010,1.9750001,1.8643663,0.11063385
1011,1.8900001,1.8397794,0.050220728
1012,1.8040001,1.868268,-0.064267874
1013,1.7860003,1.8797748,-0.09377456
1014,1.7860003,1.8657181,-0.079717875
1015,1.7860003,1.8454978,-0.059497595
1016,1.7670002,1.8341074,-0.0671072
1017,1.694,1.8338652,-0.13986516
1018,1.694,1.8195965,-0.12559652
1019,1.694,1.806397,-0.112396955
1020,1.7295,1.796849,-0.06734896
1021,1.7114999,1.7894263,-0.0779264
1022,1.6560001,1.7846372,-0.12863708
1023,1.6560001,1.7822459,-0.12624574
1024,1.6560001,1.788209,-0.13220882
1025,1.6560001,1.7966058,-0.14060569
1026,1.655,1.7927933,-0.1377933
1027,1.655,1.7900336,-0.13503361
1028,1.6920002,1.8034816,-0.11148143
1029,1.655,1.8399403,-0.18494034
1030,1.6545,1.848942,-0.19444203
1031,1.654,1.8324211,-0.17842102
1032,1.8,1.8170857,-0.01708579
1033,1.8,1.8015501,-0.0015501976
1034,1.6715002,1.7892926,-0.11779237
1035,1.6530001,1.7822573,-0.1292572
1036,1.6530001,1.7791612,-0.1261611
1037,1.6530001,1.7784007,-0.12540054
1038,1.6530001,1.7785294,-0.12552929
1039,1.6525002,1.7762306,-0.12373042
1040,1.652,1.7760875,-0.12408757
1041,1.652,1.776633,-0.124633074
1042,1.652,1.7435732,-0.09157324
1043,1.6340001,1.5506046,0.08339548
1044,1.6510003,1.2800086,0.3709917
1045,1.6510003,1.1324875,0.5185127
1046,1.296,1.0840416,0.21195841
1047,0.6470003,1.097512,-0.4505117
1048,0.67149997,1.1500275,-0.47852755
1049,0.78550005,1.2261374,-0.44063735
1050,0.8985002,1.3159893,-0.41748905
1051,1.0115001,1.4161799,-0.40467978
1052,1.1235001,1.5441096,-0.42060947
1053,1.2355001,1.6444728,-0.40897274
1054,1.3470001,1.7122622,-0.36526203
1055,1.5385001,1.7613537,-0.22285366
1056,1.6510003,1.8180413,-0.16704106
1057,1.6510003,1.842627,-0.19162679
1058,1.6510003,1.8440909,-0.19309068
1059,1.723,1.8369312,-0.11393118
1060,1.796,1.816025,-0.020025015
1061,1.7405,1.7872512,-0.04675126
1062,1.6860001,1.7568038,-0.07080364
1063,1.6489999,1.719533,-0.07053304
1064,1.6485002,1.6867809,-0.038280725
1065,1.5780001,1.6617877,-0.08378768
1066,1.5600002,1.5610802,-0.0010800362
1067,1.507,1.5593202,-0.052320242
1068,1.506,1.5295568,-0.02355671
1069,1.506,1.4725382,0.03346181
1070,1.576,1.5642846,0.011715412
1071,1.6465001,1.9429864,-0.29648626
1072,1.7945001,2.3133852,-0.51888514
1073,2.5205002,2.4509227,0.069577456
1074,2.4710002,2.4259682,0.045032024
1075,2.2795,2.329584,-0.050083876
1076,2.173,2.2553961,-0.08239603
1077,2.237,2.250568,-0.0135679245
1078,2.1935,2.2658195,-0.07231951
1079,2.1090002,2.2711592,-0.16215897
1080,2.13,2.2825518,-0.15255165
1081,2.299,2.3074708,-0.008470774
1082,2.256,2.3339968,-0.07799673
1083,2.193,2.319551,-0.12655091
1084,2.2770002,2.3308597,-0.053859472
1085,2.3615,2.3399634,0.021536589
1086,2.3615,2.322813,0.03868699
1087,2.2975001,2.311706,-0.014205933
1088,2.297,2.2839022,0.013097763
1089,2.254,2.2359242,0.018075705
1090,2.2330003,2.1101806,0.12281966
1091,2.2115002,1.9770874,0.23441279
1092,2.1260002,1.91994,0.20606017
1093,2.041,1.9893429,0.05165696
1094,1.998,2.0390897,-0.041089654
1095,1.9560001,2.0394213,-0.08342123
1096,1.9550002,2.027712,-0.072711945
1097,1.9550002,2.0110095,-0.056009293
1098,1.87,1.9786388,-0.10863876
1099,1.87,1.9018089,-0.031808853
1100,1.9120001,1.8876505,0.02434957
1101,1.8475001,1.8932091,-0.045709014
1102,1.7835002,1.8975279,-0.11402774
1103,1.7830002,1.8977253,-0.11472511
1104,1.7830002,1.8963773,-0.113377094
1105,1.7855,1.8950601,-0.10956001
1106,1.7820001,1.8853631,-0.10336304
1107,1.7820001,1.8632836,-0.08128357
1108,1.7820001,1.8481295,-0.066129446
1109,1.7810001,1.8384271,-0.05742693
1110,1.7080002,1.8420861,-0.1340859
1111,1.7080002,1.8731604,-0.16516018
1112,1.7114999,1.9071614,-0.19566143
1113,1.7110002,1.9115425,-0.20054233
1114,1.7800002,1.9091102,-0.12910998
1115,1.865,1.8942142,-0.029214144
1116,1.8245001,1.8740302,-0.04953015
1117,1.779,1.8516707,-0.0726707
1118,1.7420001,1.854888,-0.11288786
1119,1.7420001,1.8537321,-0.111732006
1120,1.6690001,1.8456161,-0.17661595
1121,1.7415001,1.881426,-0.13992584
1122,1.7625,1.9122266,-0.14972651
1123,1.704,1.9169903,-0.21299028
1124,1.7835002,1.9266766,-0.14317644
1125,1.883,1.9557168,-0.07271683
1126,1.819,1.9688998,-0.14989984
1127,1.776,1.9814775,-0.20547748
1128,1.8820001,1.974786,-0.092785954
1129,1.9025002,1.9562336,-0.053733468
1130,1.881,1.9434866,-0.06248653
1131,1.881,1.9380492,-0.057049155
1132,1.8165002,1.9286641,-0.1121639
1133,1.816,1.9501313,-0.13413131
1134,1.8375001,1.9789884,-0.14148831
1135,1.816,1.9884683,-0.1724683
1136,1.858,1.7917523,0.0662477
1137,1.9215,1.6522999,0.2692001
1138,1.9430001,1.8433099,0.0996902
1139,1.9845,1.97866,0.005840063
1140,1.9420002,2.0263734,-0.084373236
1141,1.8785001,2.0129614,-0.13446128
1142,1.8564999,1.9800231,-0.123523235
1143,1.8985001,1.9528291,-0.054329038
1144,1.8560002,1.9298631,-0.07386291
1145,1.8140001,1.9217016,-0.10770142
1146,1.813,1.9295231,-0.11652315
1147,1.812,1.9438536,-0.13185358
1148,1.812,1.9593382,-0.14733815
1149,1.8330002,1.9752905,-0.14229035
1150,1.8540001,1.9870282,-0.13302815
1151,1.875,1.9247206,-0.049720645
1152,1.896,1.7739677,0.122032285
1153,1.896,1.8461723,0.049827695
1154,1.896,2.1738725,-0.27787244
1155,1.9380001,2.7584414,-0.82044137
1156,2.7165,3.3931313,-0.6766312
1157,3.5475001,3.7508562,-0.20335603
1158,3.6795,3.7542777,-0.0747776
1159,3.415,3.5782282,-0.16322827
1160,3.467,3.4127107,0.05428934
1161,3.599,3.3968654,0.20213461
1162,3.3875,3.38002,0.0074801445
1163,3.1075,3.392056,-0.2845559
1164,3.2335,3.3955977,-0.16209769
1165,3.4395,3.3038857,0.1356144
1166,3.4385002,3.1616383,0.2768619
1167,3.4125001,2.975383,0.4371171
1168,3.1055,2.8037748,0.30172515
1169,2.884,2.629643,0.2543571
1170,2.786,2.5338717,0.25212836
1171,2.638,2.4877357,0.15026426
1172,2.54,2.4618592,0.078140736
1173,2.442,2.4485435,-0.0065436363
1174,2.441,2.4355154,0.005484581
1175,2.441,2.4168367,0.024163246
1176,2.44,2.39264,0.047359943
1177,2.3980002,2.3851013,0.012898922
1178,2.3980002,2.3910375,0.006962776
1179,2.312,2.3975196,-0.08551955
1180,2.312,2.398046,-0.08604598
1181,2.3960001,2.4156032,-0.019603014
1182,2.3960001,2.4276814,-0.0316813
1183,2.375,2.413589,-0.038589
1184,2.375,2.399878,-0.024878025
1185,2.4380002,2.388615,0.04938531
1186,2.3945,2.3700895,0.024410486
1187,2.3520002,2.3308175,0.021182775
1188,2.31,2.317123,-0.0071229935
1189,2.3305001,2.3763628,-0.045862675
1190,2.267,2.414235,-0.14723516
1191,2.3295,2.422429,-0.092929125
1192,2.5335002,2.3985386,0.1349616
1193,2.435,2.3655672,0.069432735
1194,2.371,2.3499975,0.021002531
1195,2.2865,2.3837802,-0.097280264
1196,2.2649999,2.435033,-0.17003322
1197,2.2855,2.57542,-0.28991985
1198,2.4165,2.7140632,-0.29756308
1199,2.532,2.7953486,-0.26334858
1200,2.6785002,2.8039088,-0.12540865
1201,2.9485002,2.7816,0.16690016
1202,2.825,2.7315457,0.09345436
1203,2.8005,2.643276,0.15722394
1204,2.677,2.5564163,0.12058377
1205,2.6525002,2.5061228,0.14637733
1206,2.6275,2.1231675,0.50433254
1207,2.48,1.9551265,0.5248735
1208,2.431,2.127901,0.30309892
1209,2.431,2.337449,0.09355092
1210,2.4300003,2.4162817,0.013718605
1211,2.4300003,2.4203525,0.009647846
1212,2.4300003,2.3831062,0.046894073
1213,2.2600002,2.3186393,-0.05863905
1214,2.2590003,2.0397477,0.21925259
1215,2.2380002,2.0214274,0.21657276
1216,2.2590003,2.5739033,-0.31490302
1217,2.28,3.2148833,-0.93488336
1218,3.0655,4.793935,-1.7284348
1219,9.538,9.695106,-0.15710545
1220,11.717999,11.378331,0.33966827
1221,11.5945,9.882589,1.7119102
1222,9.269,8.146714,1.1222858
1223,7.3485003,6.955223,0.39327717
1224,6.3009996,5.8824263,0.41857338
1225,5.459,4.881921,0.5770793
1226,4.7125,4.155051,0.55744886
1227,4.288,3.7599046,0.5280955
1228,4.0065002,3.5672045,0.43929577
1229,3.8175,3.450426,0.367074
1230,3.6315,3.363384,0.268116
1231,3.4190001,3.25788,0.16112018
1232,3.3660002,3.1529617,0.21303844
1233,3.2350001,3.057974,0.17702603
1234,3.111,2.9687607,0.14223933
1235,2.9875002,2.8768349,0.11066532
1236,2.9135,2.7856104,0.12788963
1237,2.864,2.7392273,0.12477279
1238,2.8140001,2.7065263,0.10747385
1239,2.6665,2.6637115,0.0027885437
1240,2.6905003,2.6367834,0.053716898
1241,2.7155,2.64216,0.07334018
1242,2.6660001,2.634709,0.031291246
1243,2.6160002,2.622939,-0.0069389343
1244,2.6160002,2.6186578,-0.002657652
1245,2.6895,2.6740851,0.015414953
1246,2.6150002,2.7183146,-0.1033144
1247,2.6150002,2.704458,-0.08945775
1248,2.664,2.6966205,-0.03262043
1249,2.811,2.7985067,0.012493372
1250,2.713,2.8893936,-0.17639351
1251,2.6385002,2.9527574,-0.31425714
1252,2.7610002,2.9742,-0.21319985
1253,3.0310001,3.0244102,0.0065898895
1254,3.006,3.0441127,-0.03811264
1255,3.006,3.2661016,-0.26010156
1256,3.6765,3.4978611,0.17863894
1257,3.8625,4.272188,-0.40968823
1258,4.4305,5.40012,-0.96961975
1259,6.2585,5.874147,0.38435316
1260,6.1605,5.452429,0.70807123
1261,5.385,4.8106523,0.574348
1262,4.5805,4.296487,0.28401327
1263,4.248,3.9586399,0.28936028
1264,4.046,3.77574,0.2702601
1265,4.046,3.7186134,0.32738662
1266,3.833,3.6779764,0.15502357
1267,3.6465,3.617424,0.0290761
1268,3.6200001,3.6231651,-0.0031650066
1269,3.6995,3.7047567,-0.005256653
1270,3.832,3.832882,-0.0008819103
1271,4.073,3.8698895,0.20311046
1272,4.017,3.8325377,0.18446255
1273,3.884,3.787708,0.09629202
1274,3.831,3.7161129,0.11488724
1275,3.618,3.6499424,-0.031942368
1276,3.618,3.5853674,0.03263259
1277,3.724,3.553304,0.17069602
1278,3.617,3.5088947,0.10810542
1279,3.4305,3.47368,-0.04317999
1280,3.404,3.455222,-0.051221848
1281,3.4305,3.4494023,-0.018902302
1282,3.403,3.4494748,-0.046474695
1283,3.403,3.44631,-0.043309927
1284,3.403,3.4061565,-0.0031564236
1285,3.403,3.373659,0.02934122
1286,3.402,3.327824,0.074175835
1287,3.3240001,3.2658193,0.05818081
1288,3.2450001,3.2154782,0.029521942
1289,3.218,3.1679945,0.050005436
1290,3.1915002,3.1350758,0.05642438
1291,3.093,3.099563,-0.006562948
1292,3.0685,3.0732653,-0.004765272
1293,3.068,3.05783,0.010169983
1294,3.043,3.047496,-0.0044960976
1295,2.969,3.0079806,-0.038980484
1296,2.993,2.9619575,0.031042576
1297,2.993,2.9268975,0.066102505
1298,2.9925,2.9022715,0.09022856
1299,2.845,2.8647354,-0.019735336
1300,2.844,2.8432584,0.0007417202
1301,2.869,2.8496604,0.019339561
1302,2.8195,2.8523974,-0.032897472
1303,2.795,2.8409982,-0.045998096
1304,2.8185,2.8355024,-0.017002344
1305,2.8675,2.8540537,0.013446331
1306,2.7940001,2.872662,-0.07866192
1307,2.7935,2.8581467,-0.06464672
1308,2.8175,2.8494415,-0.031941414
1309,2.891,2.8383694,0.052630663
1310,2.817,2.8258848,-0.008884907
1311,2.792,2.8171816,-0.025181532
1312,2.792,2.7981083,-0.006108284
1313,2.792,2.782214,0.009786129
1314,2.791,2.7701654,0.020834446
1315,2.791,2.760744,0.030255795
1316,2.7415,2.7553804,-0.013880491
1317,2.7415,2.7529655,-0.0114655495
1318,2.7410002,2.7283292,0.012670994
1319,2.7410002,2.7763486,-0.035348415
1320,2.7649999,2.904601,-0.13960123
1321,2.888,3.0057137,-0.11771369
1322,2.9850001,2.9999352,-0.014935017
1323,2.9850001,2.948053,0.03694725
1324,2.9850001,2.8862228,0.098777294
1325,2.8865001,2.8049138,0.08158636
1326,2.788,2.74606,0.041940212
1327,2.7870002,2.6666484,0.12035179
1328,2.738,2.617765,0.12023497
1329,2.6880002,2.6060991,0.08190107
1330,2.6880002,2.6083498,0.0796504
1331,2.7125,2.59354,0.11896014
1332,2.5890002,2.5242724,0.06472778
1333,2.5890002,2.4823015,0.10669875
1334,2.5890002,2.448619,0.14038134
1335,2.4655,2.4242468,0.04125333
1336,2.3920002,2.4087527,-0.016752481
1337,2.3920002,2.4070308,-0.0150306225
1338,2.3910003,2.4129605,-0.021960258
1339,2.349,2.4120252,-0.063025236
1340,2.3910003,2.413177,-0.022176743
1341,2.394,2.429883,-0.03588295
1342,2.3905,2.4315805,-0.041080475
1343,2.3725,2.4277244,-0.05522442
1344,2.39,2.4156098,-0.025609732
1345,2.463,2.4282007,0.034799337
1346,2.389,2.4661374,-0.07713747
1347,2.389,2.5050035,-0.11600351
1348,2.3460002,2.585309,-0.23930883
1349,2.4965,2.5732646,-0.07676458
1350,2.637,2.5891914,0.047808647
1351,2.7800002,2.565177,0.21482325
1352,2.5935001,2.5186899,0.07481027
1353,2.4850001,2.4958797,-0.010879517
1354,2.5335002,2.474298,0.059202194
1355,2.4840002,2.4478946,0.036105633
1356,2.4595,2.431936,0.027564049
1357,2.4595,2.4200094,0.0394907
1358,2.3860002,2.4122496,-0.026249409
1359,2.3850002,2.4086475,-0.023647308
1360,2.3850002,2.4069552,-0.021955013
1361,2.3850002,2.3974981,-0.012497902
1362,2.384,2.3817887,0.0022113323
1363,2.384,2.3534393,0.030560732
1364,2.363,2.3202345,0.04276538
1365,2.3200002,2.2919054,0.028094769
1366,2.2770002,2.1640296,0.11297059
1367,2.2140002,2.009034,0.2049663
1368,2.213,1.9993148,0.21368527
1369,2.361,2.3099523,0.051047802
1370,2.6025,2.7163992,-0.11389923
1371,2.7740002,3.326079,-0.5520787
1372,3.272,3.6287513,-0.3567512
1373,3.482,3.7221406,-0.24014044
1374,3.068,3.6095767,-0.5415766
1375,3.068,3.4732857,-0.4052856
1376,3.3225,3.4614062,-0.13890624
1377,3.8255,3.408772,0.41672802
1378,3.7725,3.316175,0.45632505
1379,3.56,3.2501984,0.30980158
1380,3.427,3.2103763,0.21662378
1381,3.2955,3.163239,0.13226104
1382,3.2685,3.1426873,0.12581277
1383,3.164,3.1379666,0.026033401
1384,3.163,3.1009278,0.062072277
1385,3.0395,3.0332048,0.006295204
1386,2.966,2.9273167,0.038683414
1387,2.917,2.8417726,0.0752275
1388,2.917,2.8185663,0.09843373
1389,2.7935,2.9200108,-0.12651086
1390,2.7435002,3.0108056,-0.26730537
1391,2.7435002,3.0354142,-0.291914
1392,2.9395,3.1249166,-0.18541646
1393,3.16,3.4267187,-0.26671863
1394,3.0375001,3.4933972,-0.4558971
1395,2.9635,3.6037111,-0.6402111
1396,3.714,3.8952973,-0.1812973
1397,4.5095,4.242524,0.26697588
1398,4.5395,4.277648,0.26185226
1399,4.2070003,4.1309433,0.07605696
1400,4.2660003,4.0792456,0.1867547
1401,4.2655,4.3556466,-0.09014654
1402,3.9775,4.2757735,-0.29827356
1403,3.8005002,4.3798714,-0.5793712
1404,4.574,4.9048114,-0.3308115
1405,5.2925,5.283151,0.009348869
1406,5.1085,5.205324,-0.09682417
1407,4.8405,5.1473227,-0.30682278
1408,5.406,4.9921026,0.4138975
1409,5.701,4.9669533,0.73404694
1410,5.42,4.9303756,0.4896245
1411,4.992,5.1768017,-0.18480158
1412,5.498,5.343002,0.1549983
1413,5.679,5.178698,0.50030184
1414,5.285,4.9583325,0.3266673
1415,4.789,4.713927,0.07507324
1416,4.789,4.663642,0.1253581
1417,5.1184998,4.595279,0.52322054
1418,5.0675,4.550785,0.51671505
1419,4.689,4.379963,0.3090372
1420,4.507,4.413893,0.09310675
1421,4.292,4.5599813,-0.26798153
1422,4.1495,4.4145927,-0.26509285
1423,4.102,4.645171,-0.5431709
1424,5.385,5.0475736,0.33742666
1425,5.4395,5.3034196,0.13608027
1426,5.009,5.1064773,-0.097477436
1427,4.7665,5.10383,-0.33732986
1428,5.314,5.358683,-0.04468298
1429,5.6725,5.031739,0.6407609
1430,5.3355,5.0583787,0.27712107
1431,5.0345,5.223176,-0.18867588
1432,5.874,5.4236126,0.45038748
1433,5.929,5.49794,0.43105984
1434,5.422,5.4934926,-0.07149267
1435,5.335,5.5711846,-0.2361846
1436,5.768,5.695247,0.07275295
1437,5.8525,5.791477,0.06102276
1438,5.7365003,5.689474,0.047026157
1439,5.5620003,5.66123,-0.09922981
1440,5.5620003,5.743064,-0.18106365
1441,5.9370003,5.8429203,0.09407997
1442,5.8855,5.8063,0.07919979
1443,5.8459997,5.952197,-0.10619736
1444,6.1064997,6.093065,0.013434887
1445,6.438,6.193877,0.24412298
1446,6.37,6.1385937,0.23140621
1447,6.2025003,5.973933,0.22856712
1448,5.974,5.869525,0.10447502
1449,5.974,5.743059,0.23094082
1450,5.8760004,5.6424356,0.23356485
1451,5.65,5.6134205,0.03657961
1452,5.682,5.7666225,-0.08462238
1453,6.2685003,6.2021346,0.06636572
1454,6.772,6.4733753,0.29862452
1455,6.738,6.4469695,0.2910304
1456,6.402,6.254901,0.14709902
1457,6.3,6.039446,0.2605543
1458,6.102,5.8901587,0.21184158
1459,5.9709997,5.79077,0.18022966
1460,6.2,6.311987,-0.111987114
1461,7.436,7.282354,0.15364599
1462,8.005,7.7256517,0.27934837
1463,7.7840004,7.4653654,0.318635
1464,7.1555,7.0250387,0.13046122
1465,6.8025,6.59016,0.21233988
1466,6.3640003,6.221988,0.14201212
1467,6.1965,5.974738,0.2217617
1468,6.164,5.9165306,0.24746943
1469,6.1965,5.960264,0.23623562
1470,6.1305,5.915941,0.2145586
1471,5.967,5.955591,0.011408806
1472,6.0975,6.1408043,-0.043304443
1473,6.4300003,6.2899065,0.1400938
1474,6.328,6.249572,0.07842827
1475,6.162,6.228057,-0.06605673
1476,6.227,6.4002705,-0.17327023
1477,6.7650003,6.575696,0.18930435
1478,6.7650003,6.5927444,0.172256
1479,6.5620003,6.6020927,-0.04009247
1480,6.5620003,6.6335735,-0.07157326
1481,6.764,6.8914027,-0.12740278
1482,6.8305,6.758569,0.07193136
1483,6.8305,6.809163,0.021337032
1484,6.965,7.640348,-0.6753478
1485,8.4355,8.459905,-0.024404526
1486,8.472,8.607362,-0.13536167
1487,8.179,8.347612,-0.16861248
1488,7.887,8.137098,-0.25009823
1489,8.178,8.011511,0.1664896
1490,8.032,7.8754406,0.15655899
1491,7.8859997,7.734377,0.15162277
1492,7.776,7.7237186,0.05228138
1493,7.885,7.799529,0.08547115
1494,7.885,7.743939,0.1410613
1495,7.592,7.708949,-0.11694908
1496,7.665,7.8500104,-0.18501043
1497,8.1395,8.026647,0.11285305
1498,7.957,8.075752,-0.11875248
1499,7.9195004,8.100262,-0.18076134
1500,8.029,8.206602,-0.17760181
1501,8.248,8.479257,-0.23125648
1502,8.321,8.473329,-0.15232849
1503,8.357,8.60752,-0.25051975
1504,8.466,8.953737,-0.48773766
1505,9.377,9.250249,0.12675095
1506,9.377,9.2708,0.10620022
1507,9.2630005,8.975344,0.28765678
1508,9.0720005,8.694182,0.3778181
1509,8.768,8.416281,0.3517189
1510,8.465,8.176042,0.28895855
1511,8.172,7.90666,0.26533985
1512,7.8789997,7.758237,0.120762825
1513,7.8789997,7.633894,0.24510574
1514,7.6965,7.490145,0.20635462
1515,7.5860004,7.425829,0.16017151
1516,7.5495,7.3767157,0.17278433
1517,7.5495,7.30151,0.24799013
1518,7.293,7.2332325,0.059767723
1519,7.293,7.208378,0.08462238
1520,7.293,7.2361403,0.05685997
1521,7.292,7.217988,0.0740118
1522,7.292,7.4779043,-0.1859045
1523,7.4745,7.6027217,-0.12822151
1524,7.6219997,7.572874,0.04912567
1525,8.2925,8.783553,-0.49105358
1526,9.1795,10.435246,-1.2557468
1527,10.1655,10.853722,-0.68822193
1528,10.0695,10.519015,-0.44951534
1529,10.063499,10.12119,-0.05769062
1530,9.979,9.808353,0.17064667
1531,9.956,9.520823,0.4351778
1532,9.807,9.343911,0.463089
1533,9.766,9.212211,0.55378914
1534,9.679999,9.0593195,0.62067986
1535,9.21,8.849526,0.36047363
1536,8.979,8.708651,0.2703495
1537,8.8055,8.614217,0.19128323
1538,8.739,8.565901,0.17309952
1539,8.6515,8.558299,0.09320068
1540,8.645,8.5952425,0.049757957
1541,8.6515,8.620321,0.031178474
1542,8.6625,8.720493,-0.057992935
1543,8.712,8.74486,-0.032859802
1544,8.758,8.836833,-0.07883263
1545,8.9095,9.0446205,-0.13512039
1546,9.061,9.032262,0.028738022
1547,9.061,9.143492,-0.082491875
1548,9.289,9.2208805,0.06811905
1549,9.555,9.242671,0.3123293
1550,9.4405,9.066202,0.3742981
1551,9.174,8.84465,0.32934952
1552,8.793,8.553162,0.2398386
1553,8.5655,8.456045,0.10945511
1554,8.452,8.321932,0.13006783
1555,8.3425,8.215949,0.12655067
1556,8.232,8.345178,-0.1131773
1557,8.678,8.512251,0.16574955
1558,8.64,8.528544,0.11145592
1559,8.45,8.463114,-0.0131139755
1560,8.488,8.436657,0.051342964
1561,8.564,8.353012,0.21098804
1562,8.45,8.166385,0.2836151
1563,8.0475,7.979007,0.06849289
1564,8.084,7.932478,0.15152168
1565,8.0105,7.8553987,0.1551013
1566,7.864,7.699957,0.16404295
1567,8.1925,7.984088,0.20841217
1568,8.448,8.482917,-0.034916878
1569,8.75,8.849155,-0.099155426
1570,8.485,8.746112,-0.2611122
1571,8.447,8.786685,-0.33968544
1572,8.447,9.050609,-0.6036091
1573,9.0529995,9.061615,-0.008615494
1574,8.787,9.136182,-0.34918213
1575,10.2535,10.942284,-0.68878365
1576,11.13,12.895528,-1.7655277
1577,12.863501,12.859122,0.004378319
1578,12.6075,11.959347,0.6481533
1579,11.904,11.20403,0.69997025
1580,11.328,10.687841,0.64015865
1581,10.684999,10.203163,0.48183632
1582,10.289,9.73768,0.5513191
1583,9.972,9.291516,0.6804838
1584,9.5075,8.894184,0.6133156
1585,9.05,8.562602,0.48739815
1586,8.745,8.365993,0.37900734
1587,8.518,8.208586,0.3094139
1588,8.369,8.092526,0.276474
1589,8.149,8.012755,0.13624477
1590,8.149,7.9924297,0.15657043
1591,8.076,7.947487,0.12851334
1592,7.9655,7.883834,0.08166599
1593,7.856,7.832468,0.023531914
1594,7.8555,7.809591,0.045909405
1595,7.855,7.7672887,0.087711334
1596,7.855,7.704637,0.15036297
1597,7.855,7.6788187,0.17618132
1598,7.854,7.5500593,0.30394077
1599,7.2715,7.3557453,-0.084245205
1600,7.269,7.2411747,0.027825356
1601,7.3050003,7.2505536,0.054446697
1602,7.414,7.3092914,0.10470867
1603,7.414,7.400614,0.01338625
1604,7.4505,7.4855404,-0.03504038
1605,7.5600004,7.609194,-0.049193382
1606,7.6695,7.6857677,-0.016267776
1607,7.742,7.728088,0.013912201
1608,7.742,7.6840057,0.057994366
1609,7.705,7.5938725,0.11112738
1610,7.558,7.496896,0.061104298
1611,7.558,7.4675646,0.090435505
1612,7.4849997,7.445923,0.039076805
1613,7.521,7.4240055,0.0969944
1614,7.557,7.4994116,0.057588577
1615,7.703,7.510586,0.19241428
1616,7.63,7.5119934,0.118006706
1617,7.556,7.395841,0.16015911
1618,7.4830003,7.243744,0.23925638
1619,7.263,7.0906777,0.17232227
1620,7.263,6.9440126,0.31898737
1621,6.992,6.7593803,0.23261976
1622,6.924,6.634455,0.28954458
1623,6.789,6.491474,0.29752588
1624,6.6210003,6.324934,0.29606628
1625,6.4519997,6.2560883,0.19591141
1626,6.4519997,6.2063055,0.24569416
1627,6.451,6.139444,0.31155634
1628,6.182,6.085501,0.096498966
1629,6.1809998,6.074584,0.10641575
1630,6.1809998,6.080076,0.10092354
1631,6.1809998,6.0935216,0.08747816
1632,6.1815,6.161562,0.019937992
1633,6.3485003,6.2604504,0.08804989
1634,6.449,6.3318467,0.11715317
1635,6.449,6.3411145,0.10788536
1636,6.449,6.316968,0.13203192
1637,6.448,6.2919483,0.15605164
1638,6.448,6.2122726,0.23572731
1639,6.313,6.121767,0.19123316
1640,6.1780005,6.058271,0.11972952
1641,6.1780005,6.024042,0.15395832
1642,6.1780005,6.027487,0.15051365
1643,6.112,6.0010033,0.11099672
1644,6.079,5.975878,0.103122234
1645,6.046,5.994113,0.051887035
1646,6.1759996,6.00001,0.17598963
1647,6.1759996,5.5884757,0.58752394
1648,6.013,5.7112265,0.30177355
1649,5.979,5.804846,0.17415428
1650,5.979,5.7167063,0.26229382
1651,6.2085,5.823946,0.3845539
1652,6.175,5.9631195,0.21188068
1653,6.174,5.980525,0.19347477
1654,5.978,5.7905107,0.18748951
1655,5.9119997,5.8364263,0.075573444
1656,5.9119997,5.797875,0.114124775
1657,5.9119997,5.862563,0.04943657
1658,6.1730003,6.0148783,0.15812206
1659,6.24,6.2120934,0.027906418
1660,6.374,6.341075,0.03292513
1661,6.441,6.32353,0.11746979
1662,6.374,6.296419,0.07758093
1663,6.34,6.2259283,0.114071846
1664,6.373,6.1396585,0.2333417
1665,6.2045,6.112956,0.09154415
1666,6.1705,6.0662203,0.10427952
1667,6.17,6.0328245,0.13717556
1668,6.17,6.36989,-0.19989014
1669,7.2145004,6.840996,0.37350464
1670,7.248,6.9461155,0.30188465
1671,6.977,6.838911,0.13808918
1672,6.7075,6.583622,0.123878
1673,6.606,6.3641925,0.24180746
1674,6.4375,6.199479,0.2380209
1675,6.336,6.0729566,0.2630434
1676,6.201,5.982305,0.21869516
1677,6.167,5.9742785,0.19272137
1678,6.167,5.84323,0.32377005
1679,6.101,5.7561035,0.34489632
1680,5.9375,5.856022,0.08147812
1681,5.9049997,5.7895145,0.11548519
1682,6.1005,6.00194,0.09856033
1683,6.4350004,6.4169025,0.018097878
1684,6.839,6.6402683,0.1987319
1685,6.7040005,6.717349,-0.013348579
1686,6.703,6.5831184,0.11988163
1687,6.703,6.4267507,0.2762494
1688,6.4329996,6.2505627,0.18243694
1689,6.3995,6.075556,0.3239441
1690,6.163,5.9889407,0.17405939
1691,6.163,5.885562,0.27743816
1692,5.9995003,5.804993,0.19450712
1693,5.901,5.743123,0.15787697
1694,5.8684998,5.6368637,0.23163605
1695,5.642,5.5927677,0.049232483
1696,5.642,5.5152435,0.12675667
1697,5.576,5.4273067,0.14869356
1698,5.382,5.240844,0.1411562
1699,5.382,5.276864,0.10513592
1700,5.382,5.2524242,0.12957573
1701,5.3815002,5.299427,0.08207321
1702,5.5105,5.3406854,0.16981459
1703,5.381,5.3005943,0.08040571
1704,5.2845,5.268702,0.015798092
1705,5.251,5.237498,0.013502121
1706,5.186,5.1840353,0.001964569
1707,5.1210003,5.161828,-0.04082775
1708,5.1855,5.2091656,-0.023665428
1709,5.249,5.125004,0.12399626
1710,5.217,4.9620695,0.2549305
1711,5.186,4.641529,0.5444708
1712,5.281,5.9622717,-0.68127155
1713,8.186501,7.6280813,0.5584192
1714,7.8935003,7.7860703,0.10742998
1715,6.9305,7.544758,-0.6142578
1716,6.6949997,7.3193054,-0.6243057
1717,7.527,7.1466484,0.38035154
1718,7.234,6.9761753,0.2578249
1719,7.2,7.066655,0.13334465
1720,6.9295,6.6133094,0.31619072
1721,6.693,6.66894,0.024059772
1722,7.8184996,7.870206,-0.051706314
1723,8.972,8.53438,0.43762016
1724,8.5164995,8.394579,0.121920586
1725,7.8535004,8.10191,-0.24840927
1726,7.524,7.7708893,-0.24688911
1727,7.2320004,7.4485135,-0.21651316
1728,7.8529997,7.770667,0.08233261
1729,9.1605,9.0055485,0.1549511
1730,9.813,10.802975,-0.989975
1731,10.801,11.145975,-0.34497547
1732,10.88,10.50539,0.37460995
1733,10.285501,9.760986,0.5245142
1734,9.615999,9.091073,0.5249262
1735,9.007,8.541995,0.46500492
1736,8.626,8.111147,0.5148535
1737,8.1425,7.689699,0.45280075
1738,7.8129997,7.3950567,0.417943
1739,7.521,7.1471634,0.37383652
1740,7.3375,6.932409,0.4050913
1741,7.0245,6.7323694,0.29213047
1742,6.9560003,6.5862722,0.3697281
1743,6.6870003,6.4577656,0.2292347
1744,6.6525,6.3385754,0.3139248
1745,6.552,6.2613297,0.2906704
1746,6.4160004,6.1959133,0.22008705
1747,6.3485003,6.124159,0.22434139
1748,6.2139997,6.1324587,0.08154106
1749,6.2130003,6.083004,0.1299963
1750,6.2130003,6.051848,0.16115236
1751,6.1485,6.1367965,0.011703491
1752,6.448,6.158993,0.2890072
1753,6.313,6.077854,0.23514605
1754,6.1125,5.9749136,0.1375866
1755,6.046,5.8661156,0.17988443
1756,5.9805,5.7683086,0.21219158
1757,5.882,5.681917,0.20008278
1758,5.752,5.633875,0.11812496
1759,5.6879997,5.5499477,0.13805199
1760,5.526,5.473626,0.052373886
1761,5.493,5.447599,0.045401096
1762,5.557,5.4589605,0.09803963
1763,5.492,5.0775895,0.4144106
1764,5.4275002,5.008494,0.41900635
1765,5.362,5.2907467,0.0712533
1766,5.6855,5.169943,0.5155573
1767,6.2775,6.1122417,0.16525841
1768,7.658,6.809881,0.8481188
1769,7.804,8.01499,-0.21098995
1770,7.7675,10.877034,-3.1095343
1771,11.48,10.249061,1.2309389
1772,11.48,9.616826,1.8631735
1773,10.2745,9.16992,1.1045799
1774,10.235,11.076907,-0.8419075
1775,12.0130005,13.473344,-1.4603434
1776,14.812,14.713587,0.09841347
1777,15.698077,14.6247425,1.0733347
1778,15.618692,13.976869,1.6418238
1779,14.0825,12.8544655,1.228035
1780,13.486,12.281126,1.204874
1781,12.425,11.925294,0.49970627
1782,11.929,11.575567,0.35343266
1783,11.2715,11.100593,0.17090702
1784,10.7865,10.530972,0.25552845
1785,10.2705,10.103501,0.16699886
1786,9.7965,9.809425,-0.012925148
1787,9.524,9.29141,0.23258972
1788,8.9915,9.070939,-0.07943916
1789,9.5605,9.078063,0.48243713
1790,9.676001,9.176145,0.499856
1791,9.368,9.19481,0.17319012
1792,9.33,9.107949,0.22205067
1793,9.215,9.026865,0.18813515
1794,9.2715,8.925399,0.3461008
1795,9.2165,8.72956,0.48694038
1796,8.951,8.458879,0.49212074
1797,8.646,8.152542,0.4934578
1798,8.271,7.8360605,0.43493938
1799,7.9420004,7.5397334,0.40226698
1800,7.649,7.279162,0.36983824
1801,7.4655,7.020899,0.44460106
1802,7.2095003,6.7773037,0.43219662
1803,6.9379997,6.60784,0.33015966
1804,6.6685,6.3932447,0.2752552
1805,6.668,6.2661223,0.40187788
1806,6.398,6.1431456,0.2548542
1807,6.3645,6.005385,0.35911512
1808,6.1280003,5.936989,0.19101143
1809,6.1280003,5.8577347,0.27026558
1810,6.0625,5.7753696,0.28713036
1811,5.866,5.651478,0.21452236
1812,5.736,5.579188,0.15681219
1813,5.607,5.4713955,0.13560438
1814,5.509,5.3010635,0.20793629
1815,5.347,5.1492167,0.19778347
1816,5.347,4.959109,0.3878913
1817,5.282,5.1109443,0.1710558
1818,5.2165003,5.108074,0.108426094
1819,5.5080004,5.37942,0.12858057
1820,5.863,5.6644297,0.19857025
1821,5.863,5.676219,0.18678093
1822,5.539,5.6389985,-0.099998474
1823,5.604,5.6046543,-0.0006542206
1824,5.636,5.5127764,0.12322378
1825,5.409,5.5740175,-0.1650176
1826,5.344,5.4272084,-0.08320856
1827,5.344,4.956418,0.38758183
1828,5.3435,5.374838,-0.031337738
1829,7.359,8.979304,-1.6203041
1830,10.262,11.145848,-0.8838482
1831,10.3765,10.414443,-0.037942886
1832,9.017,9.454097,-0.4370966
1833,8.371,8.871129,-0.50012875
1834,8.078,8.905444,-0.8274441
1835,7.785,7.7501016,0.03489828
1836,7.785,8.368326,-0.58332634
1837,10.162,10.917783,-0.7557831
1838,14.898778,14.225715,0.6730633
1839,14.8795,14.883444,-0.0039434433
1840,14.6655,14.507463,0.15803623
1841,14.0225,13.587087,0.43541336
1842,13.7235,12.814309,0.90919113
1843,13.3835,12.608618,0.7748823
1844,13.0,12.463486,0.5365143
1845,12.241,11.864092,0.3769083
1846,11.582,11.100971,0.48102856
1847,10.848001,10.471961,0.3760395
1848,10.2525,9.822298,0.43020153
1849,9.583,9.216109,0.3668909
1850,9.24,8.646607,0.5933924
1851,8.783,8.149298,0.6337023
1852,8.3285,7.7598143,0.56868553
1853,7.9630003,7.4363556,0.5266447
1854,7.5235,7.6267266,-0.10322666
1855,7.1940002,6.687284,0.50671625
1856,6.923,6.8730364,0.049963474
1857,6.923,8.391194,-1.4681945
1858,9.815001,9.065897,0.74910355
1859,8.895,8.621947,0.27305317
1860,8.2895,8.028933,0.26056767
1861,7.741,7.482889,0.258111
1862,7.375,6.9910173,0.38398266
1863,6.9890003,6.6399484,0.34905195
1864,6.758,6.3843946,0.37360525
1865,6.6505003,6.2100677,0.44043255
1866,6.381,5.8881583,0.49284172
1867,6.313,6.628066,-0.31506586
1868,6.144,5.689617,0.4543829
1869,6.4135,6.088678,0.32482195
1870,6.8885,8.168667,-1.2801666
1871,14.614,11.921436,2.692564
1872,14.614,14.3403425,0.2736578
1873,14.614,14.560746,0.053254128
1874,14.442,13.801097,0.6409035
1875,13.332001,12.738617,0.5933838
1876,12.066501,11.720345,0.34615612
1877,11.162001,10.893525,0.26847553
1878,10.403,10.243757,0.15924263
1879,9.8085,9.609613,0.19888687
1880,9.269,8.958712,0.31028843
1881,8.736,8.392631,0.34336948
1882,8.357,7.9289083,0.428092
1883,8.064,7.5663357,0.49766445
1884,7.6610003,7.2721386,0.38886166
1885,7.478,7.007925,0.47007513
1886,7.185,6.777495,0.40750504
1887,6.914,6.5830417,0.33095837
1888,6.745,6.3940306,0.3509693
1889,6.643,6.850734,-0.20773411
1890,6.374,5.861859,0.5121412
1891,6.1375,5.153942,0.9835577
1892,6.104,7.494115,-1.3901148
1893,10.279,9.101136,1.1778641
1894,9.113,8.627865,0.48513508
1895,7.841,7.8315525,0.009447575
1896,7.1140003,7.1101284,0.0038719177
1897,6.641,6.5441566,0.09684324
1898,6.506,6.128379,0.37762117
1899,6.3710003,5.866045,0.5049553
1900,6.101,5.7078214,0.39317846
1901,5.8389997,5.5918093,0.24719048
1902,5.774,5.4989176,0.2750826
1903,5.58,5.436363,0.1436367
1904,5.4825,5.391653,0.090847015
1905,5.32,5.281426,0.03857422
1906,5.19,5.2579427,-0.06794262
1907,5.32,5.3236127,-0.0036125183
1908,5.4815,5.363011,0.118489265
1909,5.448,5.3164988,0.1315012
1910,5.3190002,5.2415514,0.077448845
1911,5.254,5.1251726,0.12882757
1912,5.189,5.0508466,0.13815355
1913,5.059,4.9744024,0.08459759
1914,4.966,4.872336,0.09366417
1915,4.9040003,4.736126,0.16787434
1916,5.027,4.6959867,0.3310132
1917,4.84,4.5289283,0.31107187
1918,4.7775,4.425376,0.3521242
1919,4.4425,4.660398,-0.21789789
1920,4.5945,5.0679665,-0.4734664
1921,6.4365,6.4163,0.020200253
1922,9.333,9.454403,-0.12140274
1923,10.353,11.201905,-0.84890556
1924,14.514,12.26263,2.2513695
1925,13.8715,11.31405,2.5574503
1926,13.743,11.258187,2.4848127
1927,15.795,12.555974,3.239026
1928,15.813666,13.783673,2.029993
1929,15.832333,13.973634,1.8586988
1930,15.851,14.060121,1.7908792
1931,15.869667,14.052481,1.8171864
1932,15.538,13.712086,1.8259144
1933,14.34,13.100617,1.2393827
1934,13.0175,12.421498,0.5960016
1935,12.009001,11.719107,0.2898941
1936,10.957,11.161491,-0.20449162
1937,10.544499,10.9115925,-0.3670931
1938,10.1075,10.549547,-0.44204712
1939,9.714,9.856046,-0.14204597
1940,9.557,9.575568,-0.018568039
1941,10.3845005,9.316257,1.068243
1942,10.226,8.982577,1.2434225
1943,8.9470005,8.681129,0.26587105
1944,8.642,8.439868,0.20213223
1945,8.603499,8.306344,0.29715538
1946,8.641,8.213493,0.42750645
1947,8.603,8.03853,0.56446934
1948,8.338,7.752385,0.58561516
1949,7.752,7.389797,0.36220264
1950,7.4589996,7.0237427,0.43525696
1951,7.1660004,6.685584,0.4804163
1952,6.8605003,6.40545,0.45505047
1953,6.4895,5.982463,0.50703716
1954,6.186,5.8157377,0.37026215
1955,6.085,6.189307,-0.104307175
1956,6.5994997,6.650079,-0.05057907
1957,7.5664997,7.290029,0.27647066
1958,8.2245,8.117179,0.107320786
1959,8.334,8.367395,-0.033395767
1960,8.2245,8.144613,0.07988644
1961,7.8215,7.688633,0.13286686
1962,7.455,7.278294,0.17670584
1963,7.1619997,6.9376535,0.22434616
1964,7.0264997,6.72197,0.30452967
1965,6.8910003,6.5432243,0.34777594
1966,6.6879997,6.456622,0.2313776
1967,6.6545,6.500517,0.15398312
1968,6.8900003,6.5202346,0.36976576
1969,6.6870003,6.4424844,0.2445159
1970,6.451,6.255002,0.19599819
1971,6.35,6.1467085,0.20329142
1972,6.349,6.1116524,0.2373476
1973,6.2139997,5.9686136,0.24538612
1974,5.818,5.8052096,0.012790203
1975,5.818,5.8862953,-0.06829548
1976,6.382,6.012268,0.3697319
1977,6.348,5.933737,0.41426325
1978,6.045,5.4344234,0.6105766
1979,5.816,5.1519756,0.66402435
1980,5.7515,5.632248,0.119252205
1981,5.557,5.408257,0.14874315
1982,5.718,5.5840783,0.13392162
1983,6.6835003,6.1591835,0.5243168
1984,7.156,6.641494,0.51450634
1985,6.7165003,6.5519714,0.16452885
1986,6.615,6.4043303,0.21066952
1987,6.6140003,6.377987,0.23601341
1988,6.6140003,6.3261185,0.28788185
1989,6.58,6.2461166,0.3338833
1990,6.344,6.078704,0.26529598
1991,6.1415,5.9421854,0.1993146
1992,6.0740004,5.753722,0.32027817
1993,5.943,5.654453,0.28854704
1994,5.8120003,5.6567464,0.15525389
1995,5.8120003,5.747472,0.064528465
1996,6.0725,5.814807,0.2576933
1997,6.072,6.1449566,-0.07295656
1998,6.7124996,6.445113,0.26738644
1999,6.814,6.476781,0.33721924
2000,6.476,6.2884793,0.1875205
2001,6.3075,6.0760155,0.23148441
2002,6.071,5.8442364,0.22676373
2003,5.809,5.7107944,0.09820557
2004,5.809,5.594771,0.2142291
2005,5.679,5.5103164,0.16868353
2006,5.549,5.455412,0.093587875
2007,5.549,5.3982797,0.15072012
2008,5.4515,5.374455,0.077044964
2009,5.418,5.322528,0.095472336
2010,5.3215,5.2604713,0.06102848
2011,5.224,5.22594,-0.0019402504
2012,5.224,5.1618576,0.062142372
2013,5.1905003,5.120911,0.06958914
2014,5.1905003,5.072855,0.11764526
2015,5.1915,4.984799,0.20670128
2016,5.028,4.9012723,0.12672758
2017,4.9345,4.8168364,0.11766386
2018,4.84,4.7177334,0.12226677
2019,4.778,4.6883802,0.08961964
2020,4.777,4.7459307,0.031069279
2021,4.777,4.718222,0.05877781
2022,4.6555,4.728365,-0.07286501
2023,4.7455,4.782571,-0.03707075
2024,4.901,4.8020644,0.098935604
2025,4.8380003,4.7926564,0.045343876
2026,4.776,4.7687383,0.007261753
2027,4.8380003,4.715708,0.12229252
2028,4.775,4.6901135,0.08488655
2029,4.774,4.631831,0.142169
2030,4.7435,4.57747,0.1660304
2031,4.652,4.521046,0.13095379
2032,4.652,4.4803615,0.17163849
2033,4.53,4.422295,0.107705116
2034,4.4995003,4.375087,0.12441349
2035,4.469,4.3377466,0.13125324
2036,4.468,4.2997117,0.16828823
2037,4.3775,4.1646166,0.21288347
2038,4.347,4.134225,0.21277523
2039,4.2855,3.872502,0.41299796
2040,4.3155003,4.4564233,-0.14092302
2041,5.2825003,5.5809617,-0.29846144
2042,6.5305,6.6074467,-0.076946735
2043,6.9355,6.7530007,0.18249941
2044,6.598,6.441778,0.15622187
2045,6.2605,6.0207477,0.2397523
2046,5.796,5.5767565,0.21924353
2047,5.5045,5.4235854,0.0809145
2048,5.343,5.590336,-0.24733591
2049,5.277,4.3968983,0.8801017
2050,5.212,5.215501,-0.0035009384
2051,7.2535,8.991468,-1.7379684
2052,10.234,9.706985,0.52701473
2053,8.534,8.851155,-0.31715488
2054,7.721,7.9989166,-0.27791643
2055,7.33,7.2843275,0.045672417
2056,6.886,6.7187004,0.16729975
2057,6.784,6.2912984,0.49270153
2058,6.5480003,5.9642363,0.5837641
2059,6.3455,5.970025,0.37547493
2060,6.076,5.7601633,0.3158369
2061,6.076,5.7421923,0.33380795
2062,6.783,6.15475,0.6282501
2063,6.6140003,6.243517,0.3704834
2064,6.344,6.198118,0.14588165
2065,6.344,6.2155595,0.12844038
2066,6.5455,6.1818957,0.36360407
2067,6.343,6.163875,0.17912483
2068,6.343,5.909527,0.4334731
2069,6.073,5.819548,0.25345182
2070,5.81,5.6236424,0.1863575
2071,5.81,5.485274,0.3247261
2072,5.551,5.354742,0.19625807
2073,5.4855,5.258354,0.22714567
2074,5.291,5.1672335,0.12376642
2075,5.27,5.072679,0.19732094
2076,5.08,4.989409,0.090590954
2077,5.0435,4.902319,0.14118099
2078,4.9165,4.818454,0.0980463
2079,4.8845,4.7088914,0.17560863
2080,4.884,4.690565,0.19343472
2081,4.8225,4.6573167,0.16518354
2082,4.637,4.6021013,0.034898758
2083,4.5755,4.533518,0.041982174
2084,4.636,4.507048,0.12895203
2085,4.7275,4.4952555,0.23224449
2086,4.6975,4.407134,0.29036617
2087,4.453,4.330571,0.122428894
2088,4.392,4.261272,0.13072824
2089,4.27,4.1920724,0.07792759
2090,4.27,4.1274176,0.14258242
2091,4.2695003,4.0953937,0.1741066
2092,4.269,4.0597806,0.20921946
2093,4.1175003,4.0125685,0.10493183
2094,4.026,3.964963,0.061037064
2095,4.025,3.9342,0.09080005
2096,3.967,3.8868613,0.08013868
2097,3.9390001,3.8426042,0.09639597
2098,3.908,3.8076375,0.10036254
2099,3.908,3.767888,0.14011192
2100,3.793,3.7221937,0.070806265
2101,3.739,3.6915956,0.047404528
2102,3.7125,3.657331,0.055169106
2103,3.686,3.6239064,0.062093735
2104,3.632,3.5889015,0.04309845
2105,3.579,3.539814,0.039186
2106,3.578,3.495396,0.08260417
2107,3.525,3.4552555,0.06974459
2108,3.4720001,3.4050832,0.06691694
2109,3.365,3.3599591,0.005040884
2110,3.365,3.3177295,0.047270536
2111,3.3115,3.2723758,0.03912425
2112,3.2315001,3.240769,-0.009268761
2113,3.205,3.2021222,0.0028777122
2114,3.151,3.149126,0.00187397
2115,3.151,3.1054902,0.045509815
2116,3.072,3.0561287,0.015871286
2117,3.0195,3.0326474,-0.013147354
2118,2.9945002,2.999001,-0.004500866
2119,2.9675,2.925046,0.042454004
2120,2.9675,2.8635898,0.10391021
2121,2.94,2.8318763,0.10812378
2122,2.792,2.7960286,-0.0040285587
2123,2.743,2.6617455,0.08125448
2124,2.769,2.6450346,0.1239655
2125,2.792,2.7082787,0.0837214
2126,2.792,2.6981087,0.09389138
2127,2.8400002,2.5865586,0.25344157
2128,2.7410002,2.577262,0.16373825
2129,2.79,2.7178545,0.07214546
2130,2.839,2.8267784,0.012221575
2131,2.9365,2.925356,0.011144161
2132,2.936,2.9340515,0.001948595
2133,2.936,2.8773413,0.05865884
2134,2.8885,2.7974534,0.09104657
2135,2.788,2.7149255,0.07307458
2136,2.739,2.6620088,0.07699132
2137,2.7145,2.6352172,0.07928276
2138,2.64,2.6111696,0.028830528
2139,2.6155,2.5825133,0.03298664
2140,2.64,2.5481353,0.091864824
2141,2.639,2.5155773,0.12342262
2142,2.5410001,2.5018475,0.039152622
2143,2.516,2.5019512,0.014048815
2144,2.4665,2.6807737,-0.21427369
2145,2.4910002,3.0083053,-0.51730514
2146,2.4910002,3.1563263,-0.6653261
2147,2.5635002,3.605215,-1.0417149
2148,5.151,3.9461854,1.2048147
2149,4.8955,3.8562276,1.0392725
2150,3.6445,3.6516514,-0.0071513653
2151,3.4850001,3.5211902,-0.036190033
2152,3.405,3.546787,-0.14178705
2153,3.3245,3.6398804,-0.31538033
2154,3.404,3.683189,-0.27918887
2155,3.5905,4.140857,-0.5503571
2156,4.7375,4.8721666,-0.13466644
2157,5.504,5.0869546,0.4170456
2158,5.0835,4.7512417,0.33225822
2159,4.7985,4.384931,0.41356897
2160,4.644,4.097479,0.5465212
2161,4.3395,3.893124,0.44637585
2162,3.9185,3.7477338,0.17076612
2163,3.8025,3.6703088,0.13219118
2164,3.773,3.618396,0.15460396
2165,3.6935,3.5821023,0.11139774
2166,3.6130002,3.539408,0.073592186
2167,3.5335,3.4862309,0.047269106
2168,3.507,3.4508085,0.056191444
2169,3.453,3.4234977,0.029502392
2170,3.3735,3.3826356,-0.009135485
2171,3.3460002,3.3356905,0.010309696
2172,3.3460002,3.286335,0.059665203
2173,3.3455,3.2455678,0.099932194
2174,3.239,3.1982362,0.040763855
2175,3.1595001,3.1252756,0.03422451
2176,3.132,3.065361,0.06663895
2177,3.132,3.0064347,0.12556529
2178,3.0015001,2.9674869,0.03401327
2179,2.9485002,2.943314,0.005186081
2180,2.922,2.9308214,-0.008821487
2181,2.897,3.0003078,-0.103307724
2182,2.897,2.889237,0.0077631474
2183,2.8475,3.169508,-0.3220079
2184,3.345,3.6724298,-0.32742977
2185,4.4235,3.9521425,0.47135758
2186,4.0285,3.9111824,0.11731768
2187,3.713,3.736335,-0.02333498
2188,3.66,3.5439136,0.11608648
2189,3.394,3.42915,-0.03515005
2190,3.341,3.3745253,-0.03352523
2191,3.3400002,3.3638825,-0.023882389
2192,3.3135,3.3739364,-0.060436487
2193,3.3400002,3.3862045,-0.04620433
2194,3.339,3.3934078,-0.054407835
2195,3.339,3.3638752,-0.024875164
2196,3.339,3.3200555,0.018944502
2197,3.338,3.2710152,0.06698489
2198,3.3115,3.2266011,0.08489895
2199,3.181,3.196723,-0.01572299
2200,3.125,3.1787968,-0.05379677
2201,3.0995002,3.1293519,-0.029851675
2202,3.124,3.047353,0.07664704
2203,3.124,2.9825532,0.14144683
2204,3.046,2.9778302,0.06816983
2205,2.966,2.9394836,0.026516438
2206,3.0970001,2.969921,0.12707901
2207,3.2025,3.0705,0.13200021
2208,3.229,3.244102,-0.01510191
2209,3.6560001,4.4355235,-0.7795234
2210,5.9119997,5.6840553,0.22794437
2211,6.144,5.998608,0.14539194
2212,6.0435,5.915691,0.12780905
2213,5.9105,5.7030377,0.20746231
2214,5.4225,5.2726912,0.14980888
2215,5.0985003,4.8410516,0.25744867
2216,5.001,4.5745153,0.42648458
2217,4.7815,4.404969,0.37653065
2218,4.6265,4.281868,0.34463215
2219,4.4435,4.1624026,0.2810974
2220,4.292,4.113002,0.178998
2221,4.23,4.0547996,0.17520046
2222,4.1080003,3.9638462,0.14415407
2223,4.078,3.8867626,0.19123745
2224,4.078,3.8152912,0.2627089
2225,3.9295,3.7372174,0.19228268
2226,3.7540002,3.6627877,0.09121251
2227,3.701,3.6187406,0.08225942
2228,3.65,3.5900757,0.059924364
2229,3.5410001,3.5749946,-0.033994436
2230,3.5410001,3.5571423,-0.01614213
2231,3.5405002,3.5204897,0.020010471
2232,3.54,3.4781916,0.061808348
2233,3.54,3.4428,0.09719992
2234,3.4865,3.3957279,0.09077215
2235,3.3270001,3.3353255,-0.008325338
2236,3.3270001,3.1553168,0.17168331
2237,3.3260002,3.0566049,0.26939535
2238,3.2465,3.0108962,0.23560381
2239,3.167,2.9792624,0.1877377
2240,3.016,2.9307973,0.085202694
2241,2.9035,2.8541331,0.04936695
2242,2.854,2.7890167,0.06498337
2243,2.829,2.752428,0.07657194
2244,2.755,2.7763515,-0.021351337
2245,2.706,2.836886,-0.13088584
2246,2.706,2.8771858,-0.17118573
2247,2.7540002,2.875787,-0.12178683
2248,2.927,2.83609,0.09090996
2249,2.901,2.791819,0.10918093
2250,2.8765001,2.7718987,0.10460138
2251,2.7285001,2.7672288,-0.038728714
2252,2.704,2.7582564,-0.05425644
2253,2.704,2.7319062,-0.02790618
2254,2.7765002,2.7015681,0.0749321
2255,2.752,2.6981096,0.053890467
2256,2.703,2.6889544,0.014045715
2257,2.604,2.6548626,-0.05086255
2258,2.7020001,2.6088688,0.093131304
2259,2.7020001,2.5589294,0.1430707
2260,2.6525002,2.5207465,0.13175368
2261,2.5785,2.5051236,0.07337642
2262,2.5040002,2.4976552,0.0063450336
2263,2.4305,2.4513865,-0.020886421
2264,2.5040002,2.4026918,0.101308346
2265,2.5035,2.3940716,0.109428406
2266,2.503,2.3832831,0.11971688
2267,2.4785001,2.323151,0.15534902
2268,2.306,2.2657878,0.040212154
2269,2.306,2.2174993,0.08850074
2270,2.257,2.1802711,0.07672882
2271,2.1095,2.1673856,-0.057885647
2272,2.1090002,2.1652472,-0.056246996
2273,2.088,2.164784,-0.076783895
2274,2.0875,2.134544,-0.0470438
2275,2.1080003,2.0996752,0.0083251
2276,2.1080003,2.0320795,0.07592082
2277,2.0240002,1.8283644,0.1956358
2278,1.94,1.6926208,0.2473793
2279,1.94,1.7241552,0.21584487
2280,1.94,1.9271815,0.012818575
2281,1.9600002,2.0404017,-0.08040154
2282,1.9390001,2.0488808,-0.109880686
2283,1.9380001,1.9953352,-0.05733514
2284,1.917,1.944139,-0.027138948
2285,1.8540001,1.9088112,-0.05481112
2286,1.7910001,1.8870786,-0.096078515
2287,1.7700002,1.8772322,-0.107231975
2288,1.7700002,1.8690736,-0.09907341
2289,1.769,1.848947,-0.079946995
2290,1.769,1.8201947,-0.051194668
2291,1.7475,1.7876885,-0.04018855
2292,1.7475,1.7640555,-0.016555548
2293,1.6430001,1.7470567,-0.1040566
2294,1.6215,1.7372792,-0.11577916
2295,1.6000001,1.7328899,-0.13288975
2296,1.6000001,1.7316947,-0.13169456
2297,1.5995,1.6558783,-0.056378365
2298,1.5990002,1.5149515,0.08404875
2299,1.5990002,1.523802,0.07519817
2300,1.5990002,1.6640759,-0.065075636
2301,1.598,1.7343264,-0.13632631
2302,1.598,1.7307596,-0.13275957
2303,1.598,1.7023013,-0.104301214
2304,1.598,1.6645606,-0.06656051
2305,1.5550001,1.6342304,-0.07923031
2306,1.5340002,1.6136229,-0.079622746
2307,1.4920001,1.6170285,-0.12502837
2308,1.45,1.705787,-0.2557869
2309,1.45,1.7685881,-0.31858802
2310,1.4495001,1.8188069,-0.3693068
2311,1.7625,1.8545134,-0.09201336
2312,1.7620001,1.8731761,-0.111176014
2313,1.7620001,1.8498108,-0.087810755
2314,1.7620001,1.859698,-0.09769797
2315,1.7620001,1.8050103,-0.043010235
2316,1.7615001,1.875214,-0.11371386
2317,1.803,1.9541358,-0.1511358
2318,1.886,1.9777305,-0.091730475
2319,1.927,1.9538511,-0.026851058
2320,1.9065,1.9181134,-0.011613369
2321,1.8440001,1.8820568,-0.03805673
2322,1.7595,1.8560979,-0.09659791
2323,1.7590001,1.8510315,-0.09203148
2324,1.7380002,1.8548017,-0.1168015
2325,1.717,1.8965861,-0.17958605
2326,1.7165,1.9522982,-0.23579812
2327,1.7579999,1.9087561,-0.15075624
2328,1.8,1.8779153,-0.07791531
2329,1.9250001,1.903495,0.021505117
2330,2.0500002,1.9995942,0.05040598
2331,2.091,2.061795,0.029205084
2332,2.091,2.0356178,0.05538225
2333,1.9860002,1.9670444,0.018955827
2334,1.9020001,1.8885399,0.013460159
2335,1.7980001,1.8362732,-0.038273096
2336,1.7550001,1.7911506,-0.036150455
2337,1.6720002,1.7216873,-0.049687147
2338,1.6500001,1.5852966,0.064703465
2339,1.6700001,1.5105946,0.15940547
2340,1.691,1.6665988,0.024401188
2341,1.7120001,1.7767465,-0.06474638
2342,1.7114999,1.7998881,-0.088388205
2343,1.6905,1.7777727,-0.087272644
2344,1.6065001,1.7507718,-0.14427161
2345,1.6060002,1.7261548,-0.12015462
2346,1.585,1.5815184,0.0034816265
2347,1.585,1.4645495,0.1204505
2348,1.5840001,1.3965869,0.18741322
2349,1.5840001,1.5716007,0.012399435
2350,1.5840001,1.7632873,-0.1792872
2351,1.6460001,1.8173707,-0.1713705
2352,1.7084999,1.7988269,-0.090327024
2353,1.6660001,1.7643752,-0.09837508
2354,1.6040001,1.7386441,-0.13464403
2355,1.5830002,1.7237144,-0.14071417
2356,1.582,1.71715,-0.13514996
2357,1.582,1.7151756,-0.13317561
2358,1.5815,1.715276,-0.13377595
2359,1.5810001,1.6838646,-0.102864504
2360,1.5810001,1.6654842,-0.0844841
2361,1.5805001,1.6501515,-0.069651365
2362,1.5800002,1.6436524,-0.06365228
2363,1.4970002,1.6260784,-0.12907815
2364,1.4550002,1.6036973,-0.14869714
2365,1.496,1.6139946,-0.11799455
2366,1.4950001,1.4891386,0.005861521
2367,1.4120002,1.5620325,-0.15003228
2368,1.4749999,1.6827772,-0.20777726
2369,1.6615002,1.7617235,-0.1002233
2370,1.641,2.0591316,-0.4181316
2371,1.5990002,2.3891668,-0.7901666
2372,1.7865,2.7802265,-0.9937265
2373,3.2585,2.973603,0.2848971
2374,3.2585,2.8755376,0.38296247
2375,2.863,2.6409116,0.22208834
2376,2.6660001,2.4782295,0.1877706
2377,2.5925002,2.3867188,0.20578146
2378,2.469,2.3086004,0.16039968
2379,2.2725,2.2386384,0.033861637
2380,2.2720003,2.1963067,0.07569361
2381,2.2720003,2.153194,0.11880636
2382,2.1005,2.1217618,-0.021261692
2383,2.0760002,2.100977,-0.02497673
2384,2.054,2.0816731,-0.027673244
2385,2.0125,2.0521336,-0.039633512
2386,1.9905001,2.0317135,-0.041213393
2387,1.9905001,2.0168715,-0.02637136
2388,1.9280001,2.017176,-0.08917582
2389,1.9070001,2.0150237,-0.10802364
2390,1.906,1.9871341,-0.08113408
2391,1.906,1.9591762,-0.053176165
2392,1.9480001,1.9044266,0.0435735
2393,1.8635001,1.812706,0.050794125
2394,1.8425002,1.7972155,0.045284748
2395,1.7590001,1.7763035,-0.017303467
2396,1.6954999,1.7520335,-0.056533575
2397,1.6745002,1.7166035,-0.04210329
2398,1.6120002,1.7044003,-0.092400074
2399,1.569,1.6992776,-0.13027763
2400,1.527,1.6873846,-0.16038465
2401,1.5480001,1.585181,-0.0371809
2402,1.5680001,1.5947435,-0.026743412
2403,1.5680001,1.8887932,-0.32079315
2404,1.4840002,2.1238637,-0.6398635
2405,1.631,2.2550836,-0.6240835
2406,2.4120002,2.2754798,0.13652039
2407,2.2885,2.2437801,0.044719934
2408,2.2640002,2.1676013,0.09639883
2409,2.068,2.091689,-0.023689032
2410,2.067,2.0393724,0.027627468
2411,2.046,1.9542277,0.09177232
2412,1.9000001,1.8734896,0.026510477
2413,1.899,1.8566139,0.042386174
2414,1.7945001,1.8526008,-0.0581007
2415,1.7320001,1.8418667,-0.10986662
2416,1.7310002,1.9585239,-0.22752368
2417,1.7310002,2.3025148,-0.5715146
2418,1.7310002,2.5375385,-0.80653834
2419,1.7310002,2.929725,-1.1987247
2420,3.724,3.1220183,0.60198164
2421,3.6155,3.2941518,0.3213482
2422,3.27,3.0695133,0.20048666
2423,3.0575001,4.138948,-1.0814478
2424,3.4315,7.2634907,-3.8319907
2425,12.712501,10.89559,1.8169107
2426,11.705999,10.181879,1.5241203
2427,9.575,8.419765,1.1552343
2428,7.217,7.1324086,0.08459139
2429,6.3824997,6.141098,0.24140167
2430,5.7475,5.2123704,0.53512955
2431,5.066,4.4465065,0.6194935
2432,4.4725,3.9958377,0.47666216
2433,4.2285,3.803113,0.4253869
2434,4.166,3.7278726,0.43812728
2435,3.8930001,3.6978016,0.19519854
2436,3.691,3.706246,-0.015245914
2437,3.691,3.8997428,-0.20874286
2438,3.69,3.9690905,-0.2790904
2439,3.69,4.4026375,-0.7126374
2440,3.9515,4.641443,-0.68994284
2441,4.407,4.502734,-0.09573412
2442,4.5285,5.3524027,-0.8239026
2443,6.886,6.345419,0.5405812
2444,7.021,6.241284,0.779716
2445,6.209,5.735018,0.47398233
2446,5.4505,5.1426516,0.30784845
2447,5.1585,4.519875,0.63862514
2448,4.649,4.111364,0.5376363
2449,4.405,3.8243682,0.580632
2450,4.1610003,3.6480227,0.5129776
2451,3.8885,3.5091476,0.37935233
2452,3.5795002,3.4060235,0.1734767
2453,3.42,3.336996,0.083004
2454,3.3400002,3.2410574,0.09894276
2455,3.26,3.1600945,0.09990549
2456,3.26,3.0451374,0.21486259
2457,3.0735002,2.963441,0.11005926
2458,3.047,2.902402,0.144598
2459,2.8370001,2.8443983,-0.0073981285
2460,2.8370001,2.7874043,0.049595833
2461,2.8370001,2.7400188,0.09698129
2462,2.7875,2.6340413,0.1534586
2463,2.7135,2.5421891,0.1713109
2464,2.7135,2.4706748,0.24282527
2465,2.639,2.3935695,0.24543047
2466,2.443,2.3418612,0.10113883
2467,2.3685,2.3094692,0.05903077
2468,2.2705002,2.2811036,-0.010603428
2469,2.2435,2.0833647,0.16013527
2470,2.242,1.9627783,0.27922177
2471,2.2395,1.8643963,0.3751037
2472,2.2395,1.93103,0.30847
2473,2.3105001,2.1579208,0.15257931
2474,2.237,2.2612343,-0.024234295
2475,2.2345,2.253252,-0.018752098
2476,2.0855,2.2003307,-0.11483073
2477,2.034,2.168988,-0.13498807
2478,2.0335002,2.0813031,-0.047802925
2479,2.032,1.9381405,0.09385955
2480,2.0560002,1.8759984,0.18000185
2481,2.2015002,2.1115,0.09000015
2482,2.321,2.2301326,0.09086752
2483,2.2460003,2.2001855,0.045814753
2484,2.2200003,2.1399546,0.0800457
2485,2.0900002,2.079774,0.01022625
2486,2.021,1.8170094,0.20399046
2487,1.9570001,1.6976378,0.25936234
2488,1.8920001,1.4228015,0.46919858
2489,1.932,1.6765268,0.25547326
2490,1.9715,1.9355904,0.035909653
2491,1.889,1.8201964,0.06880367
2492,1.845,1.6367459,0.2082541
2493,1.8425002,1.8255119,0.016988277
2494,1.8405001,2.2505927,-0.4100926
2495,1.8395002,2.649598,-0.8100977
2496,1.881,3.8028986,-1.9218986
2497,5.2225,5.309049,-0.08654928
2498,5.954,5.079788,0.8742118
2499,5.1365,4.2060485,0.9304514
2500,4.0795,3.6228123,0.45668793
2501,3.9565,3.1994972,0.75700283
2502,3.3085,2.9300163,0.37848377
2503,2.9880002,2.799722,0.1882782
2504,2.9105,2.8081255,0.10237455
2505,2.7775002,2.8564773,-0.07897711
2506,2.7740002,2.896202,-0.12220192
2507,2.7665,2.879707,-0.1132071
2508,2.9535,2.8568664,0.09663367
2509,2.9265,2.8023453,0.124154806
2510,2.7940001,2.7219443,0.07205582
2511,2.7660003,2.6405463,0.12545395
2512,2.7165,2.589739,0.12676096
2513,2.665,2.5382452,0.12675476
2514,2.5655,2.490646,0.074854136
2515,2.5640001,2.4489284,0.11507177
2516,2.5135002,2.4199228,0.093577385
2517,2.4620001,2.4000232,0.06197691
2518,2.3635,2.3891227,-0.025622606
2519,2.3615,2.3848882,-0.023388147
2520,2.3590002,2.3842244,-0.025224209
2521,2.358,2.4273162,-0.06931615
2522,2.3565001,2.4654117,-0.108911514
2523,2.355,2.4965014,-0.14150143
2524,2.3785,2.522965,-0.14446497
2525,2.5479999,2.5393977,0.008602142
2526,2.5465002,2.5363114,0.010188818
2527,2.545,2.4936395,0.051360607
2528,2.542,2.4510717,0.090928316
2529,2.5410001,2.4164276,0.124572515
2530,2.4665,2.3897352,0.07676482
2531,2.342,2.374177,-0.03217697
2532,2.341,2.3644247,-0.023424625
2533,2.3390002,2.27521,0.06379032
2534,2.338,2.2301335,0.107866526
2535,2.3355002,2.2267287,0.10877156
2536,2.3095002,2.1927512,0.11674905
2537,2.1365001,2.1369286,-0.0004284382
2538,2.135,2.0888495,0.046150446
2539,2.0605001,2.0530174,0.007482767
2540,1.9850001,2.0230079,-0.038007736
2541,1.9350001,1.9910239,-0.056023836
2542,1.9330001,1.9517419,-0.018741846
2543,1.9110001,1.9192861,-0.008285999
2544,1.889,1.8959248,-0.0069247484
2545,1.8040001,1.8806778,-0.07667768
2546,1.7610002,1.850656,-0.089655876
2547,1.7590001,1.8042421,-0.04524207
2548,1.7575002,1.7763066,-0.018806458
2549,1.7355001,1.7563989,-0.020898819
2550,1.6090002,1.7368746,-0.12787437
2551,1.588,1.7260942,-0.13809419
2552,1.6259999,1.7229226,-0.096922636
2553,1.5840001,1.7673163,-0.18331623
2554,1.582,1.8006911,-0.21869111
2555,1.5810001,1.8273127,-0.24631262
2556,1.7240002,1.8428159,-0.11881566
2557,1.7435,1.836421,-0.09292102
2558,1.7420001,1.8094566,-0.067456484
2559,1.7405,1.7760642,-0.035564184
2560,1.6980002,1.7451992,-0.04719901
2561,1.654,1.723438,-0.06943798
2562,1.6110001,1.7100644,-0.09906435
2563,1.5680001,1.7032251,-0.13522506
2564,1.5670002,1.6998546,-0.13285446
2565,1.565,1.6914291,-0.12642908
2566,1.5640001,1.6797643,-0.11576414
2567,1.5615001,1.6606712,-0.09917116
2568,1.54,1.6337101,-0.093710184
2569,1.5180001,1.5978374,-0.07983732
2570,1.5150001,1.5702868,-0.055286646
2571,1.4720001,1.5528903,-0.08089018
2572,1.4095001,1.5428653,-0.13336515
2573,1.3870001,1.5683427,-0.1813426
2574,1.3855002,1.4058561,-0.02035594
2575,1.3840001,1.2812004,0.102799654
2576,1.382,1.3457255,0.036274433
2577,1.381,1.4798489,-0.09884882
2578,1.379,1.5491672,-0.17016721
2579,1.378,1.5575907,-0.1795907
2580,1.3759999,1.5438125,-0.16781259
2581,1.3745,1.5128915,-0.1383915
2582,1.3730001,1.4556322,-0.082632065
2583,1.3705001,1.4170091,-0.046509027
2584,1.3650002,1.4521444,-0.08714414
2585,1.2025001,1.497823,-0.2953229
2586,1.2010002,1.529022,-0.32802176
2587,1.283,1.5588617,-0.27586174
2588,1.4290001,1.5871065,-0.15810633
2589,1.4160001,1.4357278,-0.019727707
2590,1.4320002,1.3005843,0.13141584
2591,1.4560001,1.3206923,0.13530779
2592,1.4879999,1.4600785,0.027921438
2593,1.5245001,1.7107532,-0.18625307
2594,1.6920002,2.1592596,-0.4672594
2595,2.1025,2.2948923,-0.19239235
2596,2.1315002,2.25602,-0.124519825
2597,2.1315002,2.1182537,0.013246536
2598,2.0070002,1.9057773,0.10122287
2599,1.997,1.8300936,0.16690636
2600,1.9200001,1.9020103,0.017989755
2601,1.8630002,1.9634353,-0.10043514
2602,1.8775,1.9759834,-0.098483324
2603,1.9095001,1.9666022,-0.057102084
2604,1.9035,1.9524148,-0.04891479
2605,1.8175001,1.9407552,-0.12325513
2606,1.81,1.9303299,-0.120329976
2607,1.8300002,1.9135817,-0.08358157
2608,1.8295002,1.8884747,-0.058974504
2609,1.8270001,1.8178279,0.009172201
2610,1.825,1.7536912,0.07130885
2611,1.7425001,1.7631307,-0.020630598
2612,1.6590002,1.7784457,-0.11944556
2613,1.6570001,1.7844517,-0.12745166
2614,1.655,1.7834611,-0.12846112
2615,1.6530001,1.780277,-0.1272769
2616,1.6515,1.774262,-0.122761965
2617,1.6500001,1.7520926,-0.102092505
2618,1.6485002,1.7085781,-0.060077906
2619,1.6465001,1.6699586,-0.02345848
2620,1.605,1.64399,-0.03899002
2621,1.519,1.6285832,-0.10958314
2622,1.4770002,1.6208112,-0.14381099
2623,1.4749999,1.6175444,-0.14254451
2624,1.4740002,1.6162143,-0.14221406
2625,1.4720001,1.615444,-0.14344382
2626,1.4710002,1.5969114,-0.12591124
2627,1.4690001,1.5612736,-0.092273474
2628,1.4680002,1.5179865,-0.049986362
2629,1.4455001,1.4884768,-0.042976618
2630,1.382,1.4701183,-0.088118315
2631,1.2980001,1.4600751,-0.16207504
2632,1.2965,1.4583168,-0.16181684
2633,1.2950001,1.4646254,-0.16962528
2634,1.293,1.4758081,-0.18280816
2635,1.2945001,1.489594,-0.19509387
2636,1.3115001,1.5047789,-0.19327879
2637,1.3285,1.5204432,-0.19194317
2638,1.3455,1.5363181,-0.19081807
2639,1.3625002,1.5521255,-0.18962526
2640,1.3795002,1.565603,-0.18610287
2641,1.3965001,1.5474057,-0.15090561
2642,1.4135001,1.5058844,-0.09238434
2643,1.4275002,1.4757309,-0.048230648
2644,1.417,1.4555619,-0.03856182
2645,1.2765002,1.4435308,-0.16703057
2646,1.2755,1.4370873,-0.16158724
2647,1.2740002,1.4339781,-0.15997791
2648,1.273,1.4325955,-0.15959549
2649,1.27,1.4339144,-0.16391444
2650,1.2685001,1.4322476,-0.16374755
2651,1.2674999,1.4306383,-0.16313839
2652,1.267,1.4288945,-0.16189456
2653,1.2640002,1.4271457,-0.16314554
2654,1.263,1.432956,-0.16995597
2655,1.2620001,1.4506936,-0.18869352
2656,1.2590001,1.4887042,-0.22970414
2657,1.2590001,1.5236917,-0.2646916
2658,1.3180001,1.5461233,-0.22812319
2659,1.338,1.5569837,-0.21898365
2660,1.4175003,1.5229483,-0.10544801
2661,1.417,1.4940567,-0.07705665
2662,1.415,1.4710984,-0.05609846
2663,1.309,1.4436867,-0.13468671
2664,1.2880001,1.4447453,-0.1567452
2665,1.3070002,1.4844799,-0.17747974
2666,1.2450001,1.5146544,-0.26965427
2667,1.244,1.5349002,-0.29090023
2668,1.4045002,1.5466063,-0.14210606
2669,1.4045002,1.5518119,-0.14731169
2670,1.402,1.5279996,-0.12599969
2671,1.4000001,1.4791653,-0.07916522
2672,1.3990002,1.445195,-0.04619479
2673,1.378,1.4724839,-0.09448385
2674,1.2520001,1.4987724,-0.24677229
2675,1.2305002,1.5184634,-0.28796315
2676,1.372,1.5314462,-0.15944624
2677,1.392,1.5383685,-0.1463685
2678,1.3900001,1.5406084,-0.1506083
2679,1.3875,1.5432632,-0.15576315
2680,1.3870001,1.5889263,-0.20192623
2681,1.3855002,1.6821256,-0.29662538
2682,1.3845,1.7996383,-0.41513824
2683,1.4650002,1.8860663,-0.42106616
2684,1.628,1.9509145,-0.32291448
2685,1.9030001,2.1417418,-0.23874164
2686,1.9025002,2.3523939,-0.4498937
2687,1.901,2.5472093,-0.64620924
2688,2.0465,2.8255963,-0.77909636
2689,2.696,3.15772,-0.46172
2690,2.8790002,3.3526158,-0.47361565
2691,3.0645,3.3782828,-0.3137827
2692,3.328,3.233036,0.09496403
2693,3.5885,3.132576,0.45592403
2694,3.4120002,3.0156727,0.3963275
2695,2.8985,2.8887844,0.009715557
2696,2.712,2.7927918,-0.08079195
2697,2.895,2.7392583,0.15574169
2698,2.8935,2.6831856,0.21031451
2699,2.732,2.5780008,0.15399933
2700,2.6790001,2.4964914,0.1825087
2701,2.676,2.4380503,0.23794985
2702,2.492,2.4060137,0.085986376
2703,2.3660002,2.4109097,-0.044909477
2704,2.3195,2.4359546,-0.1164546
2705,2.363,2.5152621,-0.15226221
2706,2.4105,2.5782356,-0.16773558
2707,2.4575,2.5726652,-0.11516523
2708,2.613,2.5497937,0.063206196
2709,2.717,2.5617645,0.15523553
2710,2.6620002,2.5024524,0.1595478
2711,2.4515,2.4469805,0.0045194626
2712,2.5545,2.3940146,0.1604855
2713,2.6575,2.3063474,0.35115266
2714,2.473,2.1703944,0.30260563
2715,2.249,2.026945,0.22205496
2716,2.1495001,1.8536553,0.2958448
2717,1.9275,1.7651508,0.16234922
2718,1.8035002,1.7231429,0.08035731
2719,1.8385,1.6689198,0.16958022
2720,1.8740001,1.6570661,0.21693397
2721,1.848,1.639091,0.20890903
2722,1.4660001,1.5986357,-0.1326356
2723,1.4230001,1.5747266,-0.15172648
2724,1.4215002,1.5641818,-0.1426816
2725,1.3990002,1.534749,-0.13574886
2726,1.3990002,1.5068336,-0.107833385
2727,1.4365001,1.4888296,-0.05232954
2728,1.3745,1.4773607,-0.10286069
2729,1.3110001,1.4692678,-0.15826774
2730,1.3100002,1.4664559,-0.15645576
2731,1.3080001,1.4164643,-0.10846424
2732,1.3065,1.3893201,-0.08282018
2733,1.3040001,1.4170475,-0.11304736
2734,1.3030002,1.412729,-0.10972881
2735,1.3010001,1.391424,-0.09042382
2736,1.2590001,1.3849308,-0.12593079
2737,1.2179999,1.4069746,-0.18897462
2738,1.174,1.4256613,-0.2516613
2739,1.1735001,1.4168825,-0.24338245
2740,1.2735002,1.3985333,-0.12503314
2741,1.292,1.405021,-0.1130209
2742,1.2705002,1.420301,-0.14980078
2743,1.167,1.4316132,-0.26461315
2744,1.247,1.434052,-0.18705201
2745,1.2855,1.4131963,-0.12769628
2746,1.2845001,1.3874364,-0.10293627
2747,1.283,1.3176653,-0.034665346
2748,1.2409999,1.3042808,-0.06328082
2749,1.1575003,1.3121815,-0.1546812
2750,1.1155002,1.3516748,-0.23617458
2751,1.1140001,1.2260375,-0.11203742
2752,1.1525002,1.2851732,-0.13267303
2753,1.131,1.4567754,-0.32577538
2754,1.2105,1.5763276,-0.36582756
2755,1.231,1.6574538,-0.42645383
2756,1.4250002,1.7707481,-0.34574795
2757,1.595,1.9025329,-0.3075329
2758,1.7645001,2.0752988,-0.31079865
2759,1.9845,2.151147,-0.16664684
2760,2.178,2.186492,-0.008491993
2761,2.178,2.2844148,-0.106414795
2762,2.0279999,2.3685384,-0.3405385
2763,1.9775001,2.3933349,-0.41583478
2764,2.2275,2.3863306,-0.15883064
2765,2.5495,2.4326851,0.11681485
2766,2.5735002,2.4766827,0.09681749
2767,2.52,2.4736505,0.046349525
2768,2.545,2.435028,0.109972
2769,2.5700002,2.3659601,0.20404005
2770,2.3590002,2.278305,0.08069515
2771,2.3075001,2.1704516,0.13704848
2772,2.257,2.0830646,0.17393541
2773,2.1575003,2.0467484,0.11075187
2774,1.9600002,2.030921,-0.070920825
2775,1.8610001,2.028193,-0.16719294
2776,1.9095001,2.0631514,-0.15365124
2777,1.9800001,2.364902,-0.38490188
2778,1.9540001,2.6186767,-0.66467655
2779,1.9530001,2.8983245,-0.9453244
2780,2.553,3.2738032,-0.72080326
2781,3.3325,3.82296,-0.49045992
2782,3.2150002,3.8527737,-0.6377735
2783,3.1875,3.9730673,-0.7855673
2784,4.533,4.144732,0.388268
2785,4.9855003,4.1036143,0.881886
2786,4.3655,3.917113,0.4483869
2787,3.8385,3.624255,0.21424508
2788,3.653,3.3828766,0.27012348
2789,3.6525002,3.2969677,0.3555324
2790,3.4055,3.2304013,0.17509866
2791,3.0125,3.137556,-0.12505603
2792,3.038,3.1318624,-0.093862295
2793,3.231,3.3844872,-0.1534872
2794,3.0875,3.4886189,-0.40111876
2795,2.9545,3.5583103,-0.6038103
2796,3.579,3.7043352,-0.12533522
2797,3.9135,4.104812,-0.19131207
2798,3.76,4.0834107,-0.32341075
2799,3.575,4.149991,-0.574991
2800,4.3485003,4.389235,-0.040734768
2801,4.896,4.6068926,0.28910732
2802,4.633,4.4910955,0.14190435
2803,4.3385,4.3398943,-0.0013942719
2804,4.275,4.3686748,-0.09367466
2805,4.6280003,4.497544,0.13045645
2806,4.366,4.4133034,-0.0473032
2807,4.177,4.357253,-0.18025303
2808,4.692,4.4156876,0.27631235
2809,4.883,4.4603047,0.42269516
2810,4.6210003,4.3590984,0.26190186
2811,4.2005,4.2432203,-0.042720318
2812,4.2000003,4.2855296,-0.08552933
2813,4.3545,4.4175034,-0.06300354
2814,4.2905,4.401572,-0.11107206
2815,4.2585,4.4098854,-0.1513853
2816,4.807,4.4626856,0.34431458
2817,4.8710003,4.416772,0.4542284
2818,4.608,4.260724,0.34727573
2819,4.283,4.0755796,0.20742035
2820,4.1605,3.9756148,0.18488526
2821,4.1225,3.986298,0.13620186
2822,4.028,3.9510436,0.07695627
2823,3.8425,3.8866937,-0.044193745
2824,3.872,3.8972917,-0.025291681
2825,4.084,3.9601543,0.123845816
2826,3.9915001,3.951788,0.03971219
2827,3.8370001,3.958738,-0.12173796
2828,3.8975,4.0019064,-0.10440636
2829,4.11,4.47677,-0.3667698
2830,4.7200003,5.0090356,-0.28903532
2831,5.3075,5.350914,-0.043414116
2832,5.34,5.6387463,-0.2987461
2833,5.7755003,5.709711,0.06578922
2834,5.6740003,5.553726,0.12027407
2835,5.3015003,5.2665973,0.03490305
2836,5.235,5.1408906,0.094109535
2837,5.3640003,5.0748897,0.28911066
2838,5.099,4.889797,0.20920277
2839,4.8035,4.727641,0.07585907
2840,4.8675,4.714629,0.15287066
2841,4.9975,4.8417087,0.15579128
2842,4.8320003,4.7589793,0.073020935
2843,4.537,4.715221,-0.17822075
2844,4.7635,4.855709,-0.09220886
2845,5.0885,5.08498,0.003520012
2846,5.0215,5.0517344,-0.030234337
2847,4.8245,5.089388,-0.2648878
2848,5.019,5.2224417,-0.20344162
2849,5.38,5.481986,-0.10198593
2850,5.344,5.433385,-0.08938503
2851,5.342,5.5155153,-0.17351532
2852,5.5105,5.8233037,-0.31280375
2853,6.1520004,6.046501,0.10549927
2854,6.151,6.0133333,0.1376667
2855,5.8785,6.008315,-0.1298151
2856,6.1134996,6.153405,-0.039905548
2857,6.4185,6.280342,0.13815784
2858,6.417,6.276891,0.14010859
2859,6.143,6.2343326,-0.091332436
2860,6.2105,6.4476395,-0.2371397
2861,6.8925,6.8019886,0.09051132
2862,7.0015,6.991567,0.009932995
2863,7.0,7.089756,-0.08975601
2864,7.1099997,7.195361,-0.08536148
2865,7.2935,7.2553678,0.03813219
2866,7.2915,7.0879993,0.20350075
2867,6.9940004,7.0018864,-0.007885933
2868,6.9940004,7.0340633,-0.040062904
2869,7.2869997,6.955497,0.3315029
2870,7.2860003,6.9396133,0.3463869
2871,7.2840004,6.834599,0.44940138
2872,6.9865,6.6257505,0.36074924
2873,6.69,6.3941755,0.29582453
2874,6.3925,6.1660404,0.2264595
2875,6.1185,5.964613,0.15388727
2876,6.117,5.9100046,0.20699549
2877,6.1155,5.9178095,0.19769049
2878,6.1140003,5.8482056,0.26579475
2879,5.8415003,5.812622,0.028878212
2880,5.9084997,5.9070516,0.0014481544
2881,6.109,5.992982,0.116018295
2882,6.0735,5.9120827,0.16141748
2883,5.8355,5.9359293,-0.100429535
2884,6.0369997,6.0644693,-0.027469635
2885,6.375,6.2003803,0.17461967
2886,6.374,6.2042723,0.1697278
2887,6.236,6.139626,0.096374035
2888,6.1365004,6.035962,0.100538254
2889,6.1654997,5.9352703,0.23022938
2890,6.13,5.8430147,0.2869854
2891,6.06,5.7030935,0.3569064
2892,5.7875,5.538253,0.24924707
2893,5.5485,5.349542,0.19895792
2894,5.3780003,5.184466,0.19353437
2895,5.275,5.082321,0.19267893
2896,5.108,4.9543033,0.15369654
2897,5.0745,4.8977633,0.17673683
2898,5.0065002,4.8487487,0.15775156
2899,5.005,4.7738113,0.23118877
2900,4.742,4.713348,0.028652191
2901,4.7415,4.684071,0.057428837
2902,4.739,4.678248,0.060751915
2903,4.7375,4.654633,0.082867146
2904,4.736,4.665541,0.07045889
2905,4.734,4.713179,0.020821095
2906,4.732,4.7237115,0.0082883835
2907,4.634,4.712246,-0.07824612
2908,4.7295,4.798819,-0.06931925
2909,4.9235,4.897382,0.026118279
2910,4.9230003,4.9240837,-0.001083374
2911,4.824,4.94508,-0.12107992
2912,4.952,5.035404,-0.083404064
2913,5.0495,5.115633,-0.06613302
2914,5.0805,5.170301,-0.089800835
2915,5.047,5.193011,-0.14601088
2916,5.2415,5.3022385,-0.060738564
2917,5.3765,5.38748,-0.010979652
2918,5.4415,5.418425,0.023075104
2919,5.34,5.449947,-0.10994673
2920,5.473,5.476774,-0.003774166
2921,5.506,5.490341,0.015658855
2922,5.5045,5.4809146,0.02358532
2923,5.5030003,5.4325976,0.07040262
2924,5.5015,5.439028,0.062472343
2925,5.5,5.3387375,0.16126251
2926,5.397,5.2072086,0.1897912
2927,5.226,5.1081643,0.11783552
2928,5.1255,4.9899745,0.1355257
2929,5.025,4.835531,0.18946886
2930,4.957,4.7541714,0.2028284
2931,4.956,4.673505,0.28249502
2932,4.791,4.5960627,0.19493723
2933,4.5935,4.586452,0.00704813
2934,4.5575,4.6290054,-0.07150555
2935,4.5565,4.628818,-0.07231808
2936,4.622,4.836106,-0.2141056
2937,4.8155003,4.9348946,-0.1193943
2938,4.946,5.003267,-0.057266712
2939,4.912,5.104712,-0.19271183
2940,5.2045,5.1889687,0.01553154
2941,5.204,4.926088,0.27791214
2942,5.2025,4.761693,0.44080687
2943,5.201,4.2090654,0.9919348
2944,5.3695,5.790087,-0.42058706
2945,7.024,9.936792,-2.9127922
2946,9.844501,12.082811,-2.2383108
2947,9.804,11.634033,-1.8300333
2948,10.6189995,10.518651,0.10034847
2949,10.783,9.841833,0.9411669
2950,9.519501,9.316761,0.20273972
2951,8.999001,8.908108,0.09089279
2952,8.9595,8.628319,0.33118153
2953,9.077,8.475609,0.60139084
2954,8.7585,8.230032,0.52846813
2955,8.371,7.9217234,0.44927692
2956,7.9090004,7.655343,0.25365734
2957,7.756,7.4331675,0.32283258
2958,7.524,7.1872215,0.33677864
2959,7.2245,6.9480276,0.27647257
2960,7.149,6.886607,0.262393
2961,7.1105003,6.840831,0.26966953
2962,6.887,6.589816,0.297184
2963,6.5525,6.7045755,-0.15207577
2964,7.4395,6.95076,0.48873997
2965,7.4755,6.9931116,0.4823885
2966,7.066,6.806593,0.25940704
2967,6.6945,6.572707,0.12179279
2968,6.62,6.335509,0.28449106
2969,6.5435,6.170006,0.37349415
2970,6.3199997,5.9855824,0.33441734
2971,6.1759996,5.8191276,0.35687208
2972,5.9700003,5.6793137,0.2906866
2973,5.901,5.6468434,0.2541566
2974,5.696,5.4427853,0.25321484
2975,5.2535,5.263213,-0.009713173
2976,5.152,5.228264,-0.076263905
2977,5.419,5.3100586,0.108941555
2978,5.3505,5.2185416,0.13195848
2979,5.1465,5.210283,-0.06378269
2980,5.146,5.2569165,-0.110916615
2981,5.4135,5.3042955,0.10920429
2982,5.2085,5.255607,-0.04710722
2983,5.1395,5.2236443,-0.084144115
2984,5.139,5.275151,-0.13615084
2985,5.4065,5.348143,0.058356762
2986,5.406,5.396806,0.009194374
2987,5.4045,5.4134903,-0.008990288
2988,5.403,5.4098434,-0.006843567
2989,5.4015,5.3996887,0.0018115044
2990,5.4,5.432471,-0.032470703
2991,5.399,5.4203796,-0.02137947
2992,5.397,5.432685,-0.035685062
2993,5.396,5.53574,-0.13973999
2994,5.6305,5.64167,-0.011170387
2995,5.663,5.689577,-0.026576996
2996,5.663,5.731684,-0.0686841
2997,5.796,5.823065,-0.0270648
2998,5.965,5.9327784,0.032221794
2999,5.9965,5.9247055,0.07179451
3000,5.927,5.957625,-0.030624866
3001,5.9605,6.026472,-0.06597233
3002,6.1965,6.0847254,0.111774445
3003,6.1955004,6.1117315,0.083768845
3004,6.193,6.113364,0.07963562
3005,6.192,6.1030164,0.088983536
3006,6.191,6.0954514,0.09554863
3007,6.189,6.127244,0.061756134
3008,6.1879997,6.1031847,0.084815025
3009,6.186,6.2973843,-0.11138439
3010,6.259,6.2818527,-0.022852898
3011,6.479,6.497736,-0.018735886
3012,6.479,6.966031,-0.48703098
3013,7.365,7.1635604,0.20143938
3014,7.2524996,7.143509,0.10899067
3015,7.066,6.9639816,0.10201836
3016,6.9905,6.7040854,0.28641462
3017,6.7665,6.4723883,0.29411173
3018,6.5425,6.2660704,0.27642965
3019,6.467,6.111655,0.35534477
3020,6.1695004,5.970167,0.19933319
3021,6.1000004,5.927987,0.17201328
3022,6.0995,5.939316,0.16018438
3023,6.1645,5.903475,0.26102543
3024,5.8905,5.876196,0.014304161
3025,5.89,5.8293457,0.060654163
3026,5.889,5.816489,0.07251072
3027,5.887,5.8585215,0.028478622
3028,6.054,5.9007196,0.15328026
3029,6.02,5.8848577,0.13514233
3030,5.9485,5.8132677,0.13523245
3031,5.8805,5.7353106,0.14518929
3032,5.879,5.7249956,0.15400457
3033,5.7445,5.5637693,0.18073082
3034,5.6385,5.4599094,0.17859077
3035,5.3985,5.40573,-0.007229805
3036,5.6,5.4297605,0.17023945
3037,5.565,5.5931134,-0.028113365
3038,5.4615,5.4729595,-0.011459351
3039,5.392,5.498536,-0.10653591
3040,5.4255,5.7350655,-0.30956554
3041,6.1365004,5.8206544,0.31584597
3042,6.0334997,5.762232,0.2712679
3043,5.624,5.629437,-0.0054368973
3044,5.5885,5.4337564,0.15474367
3045,5.3835,5.2962465,0.08725357
3046,5.3145,5.266695,0.047804832
3047,5.3125,5.208232,0.104268074
3048,5.1755,5.1613126,0.014187336
3049,5.2405,5.1847553,0.055744648
3050,5.3075,5.198303,0.10919666
3051,5.1705,5.136214,0.034286022
3052,5.0335,5.1821904,-0.14869022
3053,5.033,5.2615294,-0.22852945
3054,5.1660004,5.2427015,-0.076701164
3055,5.1660004,5.4703064,-0.30430603
3056,5.7075,5.787772,-0.0802722
3057,6.078,6.7058916,-0.62789154
3058,5.9744997,4.718648,1.2558517
3059,5.9049997,5.343543,0.5614567
3060,5.836,7.843308,-2.007308
3061,11.374499,10.114188,1.2603111
3062,10.7435,13.116428,-2.3729286
3063,10.788,13.402755,-2.6147547
3064,15.156,12.401364,2.7546358
3065,13.515,11.166181,2.3488197
3066,12.132,9.879255,2.2527447
3067,8.8265,9.011212,-0.18471241
3068,7.9335003,8.252314,-0.31881332
3069,7.4725,7.623396,-0.15089607
3070,7.0945,7.1563063,-0.061806202
3071,6.981,6.756152,0.2248478
3072,6.6835003,6.521866,0.16163445
3073,6.9035,6.459024,0.44447613
3074,6.977,6.219038,0.7579622
3075,6.7159996,5.4579654,1.2580342
3076,6.4545,4.001516,2.4529843
3077,5.946,3.0470133,2.8989868
3078,4.435,2.8559802,1.5790198
3079,2.5355,3.0659904,-0.5304904
3080,2.0545,3.5043545,-1.4498544
3081,2.3700001,3.5707312,-1.200731
3082,3.842,4.8149705,-0.9729705
3083,6.2965,6.41033,-0.11382961
3084,6.7395,6.6839504,0.05554962
3085,6.367,6.405816,-0.038815975
3086,6.0685,6.040264,0.028235912
3087,5.862,5.680255,0.18174505
3088,5.521,5.308593,0.21240711
3089,5.384,5.0211973,0.3628025
3090,5.2805,4.836519,0.44398117
3091,5.143,4.687483,0.4555173
3092,4.8065,4.594099,0.21240091
3093,4.6400003,4.5353403,0.104660034
3094,4.5735,5.351327,-0.7778268
3095,4.6045,4.32919,0.27531004
3096,4.6355,4.236003,0.39949703
3097,5.3035,7.9165564,-2.6130562
3098,12.472,10.989612,1.4823885
3099,10.857,10.024089,0.8329115
3100,8.2695,8.59469,-0.32519054
3101,7.616,7.5253444,0.0906558
3102,6.86,6.7293386,0.13066149
3103,6.3389997,6.030952,0.30804777
3104,5.973,5.441582,0.53141785
3105,5.358,4.907468,0.45053196
3106,5.256,4.548795,0.7072048
3107,4.9485,4.3463225,0.6021776
3108,4.551,4.389421,0.16157913
3109,4.419,4.332352,0.08664799
3110,4.418,4.605984,-0.18798399
3111,5.013,5.0010843,0.011915684
3112,5.3495,5.176125,0.17337513
3113,5.211,5.0894394,0.12156057
3114,5.1415,4.8954916,0.2460084
3115,5.004,4.6080084,0.3959918
3116,4.67,4.396926,0.27307415
3117,4.537,4.278147,0.25885296
3118,4.405,4.1848965,0.22010374
3119,4.2720003,4.1086283,0.16337204
3120,4.206,4.080237,0.12576294
3121,4.203,4.102975,0.10002518
3122,4.2000003,4.1873302,0.01267004
3123,4.2335,4.469902,-0.23640203
3124,4.494,4.877474,-0.38347387
3125,5.2945004,5.4667387,-0.17223835
3126,5.768,5.8814764,-0.11347628
3127,5.9750004,5.9499216,0.025078773
3128,5.8675003,5.8343234,0.0331769
3129,5.7980003,5.689378,0.10862255
3130,5.66,5.534281,0.12571907
3131,5.5565,5.37471,0.18178988
3132,5.318,5.173687,0.14431286
3133,5.2485,5.0876493,0.16085052
3134,5.179,5.0032077,0.17579222
3135,5.177,4.8869524,0.29004765
3136,4.9040003,4.7586064,0.14539385
3137,4.902,4.6604753,0.2415247
3138,4.835,4.5761695,0.25883055
3139,4.6345,4.500683,0.1338172
3140,4.535,4.945237,-0.4102373
3141,4.5,4.682805,-0.18280506
3142,4.498,4.804045,-0.30604506
3143,4.498,5.4574556,-0.9594555
3144,6.3505,5.828871,0.52162933
3145,6.0895004,5.722139,0.36736155
3146,5.568,5.4012575,0.16674232
3147,5.2945004,4.9738836,0.32061672
3148,5.021,4.6592855,0.36171436
3149,4.785,5.2909226,-0.5059228
3150,4.585,3.9891856,0.59581447
3151,4.419,4.359564,0.05943632
3152,5.5559998,7.122344,-1.5663443
3153,9.705,9.09028,0.61472034
3154,8.6575,10.296235,-1.6387348
3155,8.776999,12.7247,-3.9477005
3156,13.4715,13.574368,-0.10286713
3157,12.9925,12.87533,0.117170334
3158,12.2995,11.753207,0.54629326
3159,12.126,11.125029,1.0009718
3160,11.6945,10.504095,1.1904049
3161,10.099501,9.744004,0.3554964
3162,9.165,8.898107,0.2668934
3163,8.804,8.320853,0.48314667
3164,8.5635,7.828944,0.7345562
3165,7.6345,7.354945,0.27955484
3166,7.139,6.9944954,0.14450455
3167,7.1755,7.0011377,0.17436218
3168,7.132,6.8441234,0.2878766
3169,6.9069996,6.7143354,0.19266415
3170,6.7209997,7.049678,-0.32867813
3171,7.8205,7.497757,0.32274294
3172,7.7395,7.5085535,0.23094654
3173,7.4305,7.458794,-0.028294086
3174,7.5055,7.293001,0.21249866
3175,7.5045004,6.9993424,0.50515795
3176,6.8215,6.7162333,0.10526657
3177,6.8199997,6.5453835,0.27461624
3178,6.8199997,6.383972,0.43602753
3179,6.5205,6.2533712,0.26712894
3180,6.3710003,6.1538925,0.21710777
3181,6.295,6.088862,0.20613813
3182,6.2200003,6.035927,0.18407345
3183,6.219,5.988879,0.23012066
3184,6.215,5.9455853,0.2694149
3185,6.177,5.8590355,0.31796455
3186,5.99,5.741648,0.24835157
3187,5.6400003,5.6201353,0.019865036
3188,5.571,5.528098,0.042901993
3189,5.5690002,5.5310235,0.03797674
3190,5.6365,5.5658894,0.07061052
3191,5.6695,5.54229,0.12720966
3192,5.633,5.4378624,0.1951375
3193,5.6315002,5.351596,0.27990437
3194,5.528,5.131704,0.39629602
3195,4.881,4.903145,-0.022144794
3196,4.8115,4.7352014,0.07629871
3197,4.81,4.6196933,0.19030666
3198,4.809,4.602076,0.20692396
3199,4.7745,4.561568,0.21293211
3200,4.6400003,4.448901,0.19109917
3201,4.539,4.398253,0.14074707
3202,4.5375,4.337282,0.20021772
3203,4.4700003,4.2768035,0.19319677
3204,4.2715,4.236184,0.03531599
3205,4.3355002,4.1911926,0.14430761
3206,4.269,4.1747713,0.094228745
3207,4.267,4.136879,0.13012123
3208,4.2000003,4.09891,0.10109043
3209,4.198,4.0614986,0.13650131
3210,4.197,4.0286217,0.16837835
3211,4.064,3.9835796,0.080420494
3212,4.03,3.9686065,0.061393738
3213,3.9955,4.0576725,-0.062172413
3214,3.9945002,4.1871705,-0.19267035
3215,4.09,4.2661586,-0.17615843
3216,4.1215,4.393777,-0.27227688
3217,4.646,4.376683,0.26931667
3218,4.6775002,4.402236,0.27526426
3219,4.544,4.466672,0.077328205
3220,4.51,4.4062185,0.1037817
3221,4.5085,4.731434,-0.22293377
3222,5.316,5.321698,-0.005698204
3223,5.859,5.687487,0.17151308
3224,5.6195,5.683298,-0.06379795
3225,5.4125,5.497608,-0.08510828
3226,5.31,5.309476,0.00052404404
3227,5.308,5.153971,0.15402889
3228,5.2720003,4.979935,0.29206514
3229,5.067,4.9290295,0.13797045
3230,5.031,4.8638225,0.16717768
3231,4.8945003,4.7556562,0.13884401
3232,4.756,4.6888013,0.06719875
3233,4.8895,4.63835,0.25115013
3234,4.821,4.5820394,0.23896074
3235,4.6855,4.511026,0.17447424
3236,4.55,4.3682895,0.18171072
3237,4.4835,4.30952,0.17398024
3238,4.482,4.2580357,0.22396421
3239,4.414,4.1804147,0.23358536
3240,4.216,4.0765896,0.1394105
3241,4.214,4.0391884,0.17481184
3242,4.2130003,3.9997356,0.2132647
3243,4.08,3.9577856,0.12221432
3244,3.947,3.8564565,0.09054351
3245,3.9455001,3.8048182,0.14068198
3246,3.944,3.7654855,0.17851448
3247,3.8760002,3.72364,0.1523602
3248,3.678,3.6732836,0.0047163963
3249,3.676,3.6028595,0.07314062
3250,3.6745,3.558983,0.1155169
3251,3.6415,3.5178685,0.12363148
3252,3.4815001,3.4635754,0.017924786
3253,3.417,3.3962169,0.020783186
3254,3.4155002,3.3552651,0.060235023
3255,3.4135,3.3200653,0.09343481
3256,3.26,3.2762983,-0.016298294
3257,3.23,3.2526696,-0.022669554
3258,3.23,3.2388074,-0.008807421
3259,3.17,3.2129648,-0.042964697
3260,3.17,3.1842155,-0.014215469
3261,3.171,3.185827,-0.014827013
3262,3.141,3.2125099,-0.07150984
3263,3.111,3.1878247,-0.076824665
3264,3.0500002,3.1287959,-0.07879567
3265,3.2365,3.0748072,0.16169286
3266,3.1750002,3.0205393,0.1544609
3267,2.9915001,2.971859,0.019641161
3268,2.93,2.8979044,0.03209567
3269,2.8700001,2.818068,0.051932096
3270,2.9310002,2.761869,0.16913128
3271,2.871,2.719646,0.15135407
3272,2.6880002,2.6949067,-0.0069065094
3273,2.6880002,2.6800275,0.007972717
3274,2.6890001,2.640902,0.048098087
3275,2.6890001,2.6067605,0.08223963
3276,2.69,2.5541415,0.13585854
3277,2.633,2.5155425,0.11745739
3278,2.5745,2.491002,0.083498
3279,2.5170002,2.4757667,0.04123354
3280,2.46,2.4693751,-0.009375095
3281,2.461,2.4685755,-0.007575512
3282,2.4620001,2.4634347,-0.0014345646
3283,2.4620001,2.4532611,0.008738995
3284,2.463,2.4456482,0.017351866
3285,2.4635,2.4360318,0.027468204
3286,2.4120002,2.4178162,-0.005815983
3287,2.4120002,2.3885772,0.023422956
3288,2.4135,2.3562858,0.05721426
3289,2.3615,2.3326197,0.028880358
3290,2.335,2.5480304,-0.21303034
3291,2.257,2.7504973,-0.49349737
3292,2.257,2.9291825,-0.67218256
3293,2.4575,3.425569,-0.9680691
3294,4.387,5.107287,-0.72028685
3295,6.5465,5.5030007,1.0434995
3296,5.6385,4.8393126,0.79918766
3297,4.3555,4.2606325,0.09486771
3298,3.9620001,3.9248497,0.037150383
3299,3.8645,3.7376914,0.12680864
3300,3.766,3.6817951,0.08420491
3301,3.767,3.689318,0.07768202
3302,3.7675002,3.723547,0.04395318
3303,3.703,3.7191577,-0.016157627
3304,3.703,3.7160997,-0.01309967
3305,3.7375,4.1388664,-0.40136647
3306,3.7380002,4.322893,-0.584893
3307,3.6750002,4.5200806,-0.8450804
3308,4.4035,4.950629,-0.54712915
3309,5.44,5.831587,-0.39158678
3310,6.483,6.2751346,0.20786524
3311,6.446,6.217133,0.22886705
3312,6.1499996,5.9675713,0.18242836
3313,5.853,5.6613903,0.19160986
3314,5.58,5.2861643,0.29383564
3315,5.309,5.0103135,0.2986865
3316,5.072,4.738242,0.33375788
3317,4.9370003,4.6142864,0.32271385
3318,4.768,4.4508543,0.31714582
3319,4.702,4.3658066,0.33619356
3320,4.504,4.219094,0.2849064
3321,4.4715,4.11688,0.35461998
3322,4.243,4.0564966,0.18650341
3323,4.2105002,3.948466,0.26203418
3324,3.982,3.8662438,0.11575627
3325,3.982,3.7958515,0.18614864
3326,3.982,3.7211268,0.26087332
3327,3.7865,3.642088,0.14441204
3328,3.721,3.5849102,0.1360898
3329,3.628,3.5139658,0.114034176
3330,3.533,3.4384859,0.09451413
3331,3.47,3.3716717,0.09832835
3332,3.4405,3.302651,0.13784909
3333,3.349,3.228641,0.120358944
3334,3.227,3.1481867,0.078813314
3335,3.1660001,3.0944247,0.0715754
3336,3.1055,3.0576987,0.047801256
3337,3.0140002,3.0186467,-0.0046465397
3338,2.9840002,2.9799733,0.00402689
3339,2.9845,2.926582,0.057917833
3340,2.9850001,2.8642592,0.12074089
3341,2.924,2.814683,0.109317064
3342,2.863,2.77954,0.083459854
3343,2.772,2.7514167,0.020583391
3344,2.7425,2.805928,-0.063427925
3345,2.743,3.3060331,-0.5630331
3346,2.743,3.4335387,-0.69053864
3347,2.7155,3.5993705,-0.88387036
3348,4.296,3.7504156,0.54558444
3349,4.3615003,3.8426821,0.51881814
3350,3.9685001,3.7610435,0.20745659
3351,3.5175002,3.644237,-0.12673688
3352,3.426,3.6948512,-0.26885104
3353,3.9375,3.8017845,0.13571548
3354,4.037,3.8901436,0.14685655
3355,4.005,4.0265975,-0.021597385
3356,4.0715,4.294974,-0.22347403
3357,4.598,4.6529913,-0.054991245
3358,5.0690002,4.874486,0.19451427
3359,5.0695,4.7116723,0.35782766
3360,4.733,4.519924,0.21307564
3361,4.535,4.323132,0.21186781
3362,4.4700003,4.1705866,0.29941368
3363,4.274,4.0841994,0.18980074
3364,4.209,4.03921,0.16979027
3365,4.1435,3.9719336,0.17156625
3366,4.046,3.9173365,0.12866354
3367,4.014,3.867179,0.14682102
3368,3.9815001,3.822369,0.15913105
3369,3.851,3.792573,0.058427095
3370,3.819,3.8599498,-0.04094982
3371,3.7545002,3.8361278,-0.08162761
3372,3.723,3.8932538,-0.17025375
3373,4.0185,3.9821234,0.036376476
3374,4.0195003,4.0210257,-0.0015254021
3375,3.9865,4.1452136,-0.15871358
3376,4.546,4.2620773,0.28392267
3377,4.547,4.126556,0.420444
3378,4.416,4.3937116,0.022288322
3379,4.9490004,5.755626,-0.80662584
3380,7.022,8.688427,-1.6664271
3381,9.44,12.775035,-3.3350353
3382,12.6380005,14.116564,-1.4785633
3383,14.202001,13.666721,0.5352793
3384,13.5505,12.420773,1.1297274
3385,11.864,11.151524,0.71247673
3386,10.5185,10.223131,0.29536915
3387,9.766999,9.384162,0.3828373
3388,8.485,8.659222,-0.17422199
3389,8.327,7.991701,0.33529854
3390,7.828,7.4404593,0.38754082
3391,7.368,6.9355416,0.4324584
3392,7.064,6.536216,0.52778435
3393,6.804,6.1836033,0.6203966
3394,6.5080004,5.908742,0.5992584
3395,6.211,5.627694,0.58330584
3396,5.8459997,5.2608633,0.5851364
3397,5.3705,4.9117312,0.45876884
3398,5.099,4.602165,0.49683475
3399,4.828,4.368428,0.45957184
3400,4.564,4.196723,0.36727715
3401,4.3355002,4.1503515,0.18514872
3402,4.2045,4.120528,0.08397198
3403,4.107,4.01369,0.09330988
3404,4.0745,4.0177746,0.056725502
3405,4.3710003,3.9952116,0.3757887
3406,4.3710003,3.8967574,0.47424293
3407,3.946,3.7781155,0.16788459
3408,3.913,3.6663728,0.24662733
3409,3.72,3.589106,0.13089395
3410,3.657,3.5089982,0.14800191
3411,3.5315,3.4404867,0.09101343
3412,3.4720001,3.378906,0.09309411
3413,3.41,3.28106,0.1289401
3414,3.3185,3.20748,0.11102009
3415,3.288,3.1513538,0.13664627
3416,3.1355,3.1134117,0.02208829
3417,3.0440001,3.0875516,-0.043551445
3418,3.0440001,3.0447643,-0.00076413155
3419,3.046,2.9875195,0.0584805
3420,3.046,2.9180756,0.12792444
3421,2.986,2.8228211,0.16317892
3422,2.864,2.730759,0.13324118
3423,2.803,2.6446934,0.1583066
3424,2.6880002,2.6007085,0.08729172
3425,2.633,2.576815,0.056185007
3426,2.573,2.554725,0.018275023
3427,2.573,2.5145586,0.0584414
3428,2.573,2.4743667,0.09863329
3429,2.5745,2.450883,0.12361717
3430,2.522,2.4322188,0.089781284
3431,2.416,2.4277163,-0.011716366
3432,2.3645,2.4945195,-0.13001943
3433,2.525,2.5648417,-0.039841652
3434,2.6940002,2.5730915,0.12090874
3435,2.7825,2.521495,0.26100492
3436,2.58,2.4668002,0.11319971
3437,2.474,2.4240465,0.04995346
3438,2.3955002,2.3915548,0.0039453506
3439,2.3700001,2.3723485,-0.002348423
3440,2.3705,2.325676,0.044824123
3441,2.371,2.2873998,0.08360028
3442,2.319,2.2579236,0.061076403
3443,2.2925,2.2601547,0.032345295
3444,2.161,2.421058,-0.26005793
3445,2.1620002,2.5253344,-0.36333418
3446,2.163,2.6388302,-0.47583008
3447,2.7925,2.7388878,0.053612232
3448,2.821,2.7695456,0.051454544
3449,2.764,2.8584642,-0.0944643
3450,2.7075,2.9143014,-0.20680141
3451,2.71,2.9024098,-0.19240975
3452,2.739,2.8951433,-0.15614319
3453,3.072,2.8404834,0.2315166
3454,2.8270001,2.7875915,0.039408684
3455,2.8270001,2.7228124,0.10418773
3456,2.7125,2.6815696,0.03093052
3457,2.712,2.648603,0.06339693
3458,2.6550002,2.6226058,0.03239441
3459,2.6555,2.6089656,0.0465343
3460,2.6560001,2.600432,0.05556822
3461,2.6280003,2.593696,0.034304142
3462,2.6,2.6192083,-0.019208431
3463,2.6005,2.6305938,-0.03009367
3464,2.601,2.76098,-0.15997982
3465,2.7765002,2.886962,-0.11046171
3466,3.0505002,2.898631,0.15186906
3467,2.959,2.796625,0.16237521
3468,2.8370001,2.8104386,0.026561499
3469,2.838,2.8599515,-0.021951437
3470,2.839,3.25951,-0.42051005
3471,2.8400002,3.2992837,-0.4592836
3472,2.8400002,3.4226992,-0.58269906
3473,3.501,4.6719713,-1.1709714
3474,6.4255,5.9633484,0.46215153
3475,6.3885,5.8432946,0.5452056
3476,5.7695,5.1750546,0.5944452
3477,5.0225,4.520973,0.50152683
3478,4.5245,4.097097,0.42740297
3479,4.0655003,3.882571,0.18292928
3480,3.9035,3.7908485,0.11265159
3481,3.8705,3.7118,0.15869999
3482,3.839,3.695633,0.14336705
3483,3.839,3.653988,0.1850121
3484,3.7455,3.56411,0.18139005
3485,3.588,3.5003662,0.08763385
3486,3.588,3.4475715,0.14042854
3487,3.4045,3.4114602,-0.0069601536
3488,3.344,3.3274117,0.01658845
3489,3.345,3.2702441,0.07475591
3490,3.3460002,3.224348,0.12165213
3491,3.2540002,3.1395974,0.11440277
3492,3.102,3.0429585,0.0590415
3493,3.102,2.9768982,0.1251018
3494,3.072,2.9284265,0.14357352
3495,2.889,2.8973305,-0.008330584
3496,2.8590002,2.8597412,-0.00074100494
3497,2.8590002,2.81982,0.03918028
3498,2.8600001,2.784389,0.075611115
3499,2.8315,2.9413826,-0.10988259
3500,2.7450001,2.8216717,-0.0766716
3501,2.717,2.8146884,-0.09768844
3502,2.835,4.738119,-1.9031191
3503,8.8505,8.353982,0.49651814
3504,8.8875,7.8917093,0.9957905
3505,7.148,6.8825984,0.26540136
3506,6.145,5.90436,0.24064016
3507,5.3505,5.0376244,0.31287575
3508,4.7445,4.4306498,0.3138504
3509,4.5475,4.13558,0.41192007
3510,4.384,3.9641256,0.4198742
3511,4.123,3.9167795,0.20622063
3512,4.124,3.9098055,0.21419454
3513,4.124,3.806625,0.31737518
3514,3.8630002,3.7543178,0.108682394
3515,3.8630002,3.7074862,0.155514
3516,3.864,3.6629186,0.20108151
3517,3.612,3.6002584,0.011741638
3518,3.6130002,3.537387,0.07561326
3519,3.614,3.4980402,0.11595988
3520,3.5540001,3.4602761,0.09372401
3521,3.3700001,3.432941,-0.062940836
3522,3.3700001,3.4206505,-0.05065036
3523,3.371,3.3812413,-0.01024127
3524,3.372,3.319685,0.052314997
3525,3.372,3.2743764,0.09762359
3526,3.3725,3.22998,0.14251995
3527,3.1290002,3.1985033,-0.06950307
3528,3.1290002,3.159964,-0.030963898
3529,3.13,3.077561,0.052439213
3530,3.1305,3.0225258,0.10797429
3531,3.131,2.9737263,0.15727377
3532,2.8895001,2.933032,-0.043531895
3533,2.887,2.8308425,0.05615759
3534,2.888,2.760971,0.12702894
3535,2.888,2.707239,0.1807611
3536,2.7150002,2.6599412,0.055058956
3537,2.6575,2.5926833,0.06481671
3538,2.658,2.536045,0.12195492
3539,2.658,2.502308,0.1556921
3540,2.606,2.477838,0.1281619
3541,2.4485002,2.4595814,-0.011081219
3542,2.449,2.4250858,0.023914099
3543,2.4495,2.390419,0.059081078
3544,2.45,2.3559103,0.09408975
3545,2.3980002,2.3254197,0.072580576
3546,2.292,2.3054178,-0.013417721
3547,2.2925,2.2947688,-0.0022687912
3548,2.242,2.2910266,-0.04902649
3549,2.242,2.2910056,-0.04900551
3550,2.242,2.2771394,-0.035139322
3551,2.243,2.2487526,-0.0057525635
3552,2.244,2.2156944,0.02830553
3553,2.218,2.1765141,0.041485786
3554,2.1399999,2.1475148,-0.0075149536
3555,2.0870001,2.128899,-0.041898966
3556,2.062,2.1191463,-0.05714631
3557,2.036,2.115895,-0.07989502
3558,2.036,2.1161833,-0.08018327
3559,2.0370002,2.1176827,-0.080682516
3560,2.038,2.1191282,-0.08112812
3561,2.0384998,2.113419,-0.074919224
3562,2.039,2.087946,-0.048945904
3563,2.04,2.061885,-0.021885157
3564,2.04,2.0152206,0.02477932
3565,1.9635,1.9819291,-0.01842904
3566,1.9380001,1.9592675,-0.021267414
3567,1.836,1.9462409,-0.11024094
3568,1.835,1.9409666,-0.10596657
3569,1.8355002,1.9402474,-0.104747176
3570,1.836,1.9402448,-0.10424483
3571,1.8370001,1.927422,-0.090421915
3572,1.838,1.8986272,-0.060627103
3573,1.838,1.8672261,-0.029226065
3574,1.7910001,1.8346119,-0.043611765
3575,1.7665,1.8067303,-0.040230274
3576,1.6945002,1.7893875,-0.09488726
3577,1.6705,1.7798865,-0.109386444
3578,1.6470001,1.7759068,-0.12890673
3579,1.6480002,1.7752068,-0.12720656
3580,1.6480002,1.7760189,-0.12801862
3581,1.6489999,1.777015,-0.12801504
3582,1.6500001,1.7681825,-0.11818242
3583,1.6505,1.7561295,-0.105629444
3584,1.6510003,1.7334158,-0.08241558
3585,1.6510003,1.7058251,-0.05482483
3586,1.6040001,1.6687989,-0.06479883
3587,1.556,1.6604571,-0.10445714
3588,1.556,1.7009366,-0.14493656
3589,1.5080001,1.7347536,-0.22675347
3590,1.46,1.7729127,-0.3129127
3591,1.6570001,1.8114948,-0.15449476
3592,1.6570001,1.7036586,-0.046658516
3593,1.707,1.7444117,-0.03741169
3594,1.7080002,1.884165,-0.17616487
3595,1.8555002,1.9624119,-0.10691166
3596,1.9080001,1.9520245,-0.04402435
3597,1.8570001,1.8980721,-0.04107201
3598,1.8570001,1.8396082,0.01739192
3599,1.7610002,1.7570882,0.003911972
3600,1.664,1.6899564,-0.025956392
3601,1.664,1.6494482,0.014551878
3602,1.5185001,1.6280625,-0.1095624
3603,1.4710002,1.6109359,-0.13993573
3604,1.4710002,1.4639547,0.0070455074
3605,1.4720001,1.3973908,0.07460928
3606,1.4970002,1.573014,-0.0760138
3607,1.6690001,1.795533,-0.1265328
3608,1.8655,1.914312,-0.04881203
3609,1.8665001,1.9238619,-0.057361722
3610,1.8660002,1.8832239,-0.017223716
3611,1.7210002,1.851399,-0.13039875
3612,1.6730001,1.8609974,-0.18799734
3613,1.6735001,1.9971144,-0.32361436
3614,1.674,2.2195525,-0.5455525
3615,1.7730002,2.4147892,-0.64178896
3616,1.8720002,2.5956283,-0.72362804
3617,3.198,2.6193156,0.57868433
3618,3.1365001,2.5331364,0.60336375
3619,2.5345001,2.3919404,0.14255977
3620,2.3755002,2.2754912,0.100008965
3621,2.297,2.2056546,0.09134531
3622,2.2450001,2.1694279,0.07557225
3623,2.086,2.1554437,-0.0694437
3624,2.0870001,2.15382,-0.066819906
3625,2.088,2.1568723,-0.06887221
3626,2.088,2.149715,-0.061714888
3627,2.0890002,2.116727,-0.027726889
3628,2.0900002,2.088533,0.0014672279
3629,2.0900002,2.0617537,0.028246403
3630,1.9860002,2.0381765,-0.052176356
3631,1.9355,2.015464,-0.07996404
3632,1.9360001,2.0012603,-0.06526017
3633,1.9360001,1.992805,-0.056804895
3634,1.9115,1.9883617,-0.07686174
3635,1.8865001,1.9868966,-0.100396514
3636,1.8870001,1.9871641,-0.100164056
3637,1.888,1.9880937,-0.10009372
3638,1.8885001,1.9891398,-0.1006397
3639,1.889,1.9899925,-0.10099244
3640,1.8900001,1.9516093,-0.06160915
3641,1.891,1.9139506,-0.02295053
3642,1.8915001,1.9024125,-0.010912418
3643,1.8434999,1.8962163,-0.052716374
3644,1.7214999,1.8993012,-0.17780125
3645,1.7720001,1.8850482,-0.11304808
3646,1.796,1.8645856,-0.068585634
3647,1.7980001,1.8485341,-0.05053401
3648,1.7980001,1.8357799,-0.037779808
3649,1.7014999,1.8278699,-0.12636995
3650,1.7020001,1.8243959,-0.122395754
3651,1.7030001,1.8203857,-0.117385626
3652,1.7030001,1.8037813,-0.1007812
3653,1.704,1.7695637,-0.06556368
3654,1.7045002,1.7357066,-0.03120637
3655,1.6570001,1.6998823,-0.042882204
3656,1.608,1.6766717,-0.0686717
3657,1.5604999,1.6641092,-0.10360932
3658,1.513,1.6583087,-0.14530873
3659,1.513,1.6565394,-0.14353943
3660,1.5139999,1.6569209,-0.14292097
3661,1.5145001,1.6580474,-0.1435473
3662,1.5150001,1.6590517,-0.14405155
3663,1.5160003,1.6600788,-0.1440785
3664,1.517,1.6587527,-0.14175272
3665,1.517,1.645036,-0.12803602
3666,1.5180001,1.6245754,-0.10657525
3667,1.519,1.5791519,-0.060151815
3668,1.4710002,1.5375268,-0.06652665
3669,1.4710002,1.5110776,-0.040077448
3670,1.3990002,1.4958503,-0.09685016
3671,1.3270001,1.4888294,-0.16182923
3672,1.3275001,1.4867227,-0.1592226
3673,1.3280001,1.4869461,-0.15894604
3674,1.3290002,1.4880085,-0.15900826
3675,1.3290002,1.4891772,-0.16017699
3676,1.3300002,1.4902442,-0.16024399
3677,1.3310001,1.4911256,-0.1601255
3678,1.332,1.4918213,-0.15982127
3679,1.3325,1.4925284,-0.16002846
3680,1.3330002,1.4932053,-0.16020513
3681,1.3340001,1.4939108,-0.15991068
3682,1.335,1.4946969,-0.15969682
3683,1.3355,1.4953756,-0.15987563
3684,1.3360002,1.4961016,-0.16010141
3685,1.3370001,1.4966936,-0.15969348
3686,1.338,1.4974213,-0.1594212
3687,1.3390002,1.4971442,-0.158144
3688,1.3390002,1.4832869,-0.14428663
3689,1.3399999,1.4832885,-0.14328861
3690,1.3410001,1.4892681,-0.14826798
3691,1.3170002,1.4898715,-0.17287135
3692,1.2935,1.4385285,-0.14502859
3693,1.3429999,1.3924329,-0.049432993
3694,1.3440001,1.362211,-0.018210888
3695,1.1990001,1.3478091,-0.14880896
3696,1.151,1.3423035,-0.19130349
3697,1.151,1.3367679,-0.18576789
3698,1.1520002,1.3345835,-0.18258333
3699,1.177,1.3339138,-0.15691376
3700,1.154,1.3339515,-0.17995143
3701,1.154,1.3343885,-0.18038845
3702,1.1550002,1.3349836,-0.17998338
3703,1.1560001,1.3355777,-0.17957759
3704,1.1565001,1.3362741,-0.17977405
3705,1.1570001,1.3370245,-0.18002439
3706,1.158,1.337789,-0.17978907
3707,1.1590002,1.3384378,-0.17943764
3708,1.1600001,1.3391073,-0.17910719
3709,1.1605,1.3397796,-0.17927957
3710,1.161,1.340426,-0.17942595
3711,1.1620002,1.3409255,-0.17892528
3712,1.1630001,1.3396249,-0.17662477
3713,1.1630001,1.3241758,-0.16117573
3714,1.164,1.2861011,-0.12210107
3715,1.164,1.2523811,-0.08838105
3716,1.1260002,1.2312059,-0.105205774
3717,1.0660002,1.219053,-0.1530528
3718,1.007,1.2132223,-0.2062223
3719,1.007,1.2111511,-0.20415115
3720,1.0080001,1.2109878,-0.20298767
3721,1.0090001,1.2115328,-0.20253277
3722,1.0090001,1.23574,-0.22673988
3723,1.0100002,1.2809441,-0.27094388
3724,1.0110002,1.2914426,-0.28044248
3725,1.0120001,1.289746,-0.27774596
3726,1.1730001,1.2614682,-0.088468075
3727,1.1735001,1.125355,0.048145056
3728,1.0150001,1.0263081,-0.011307955
3729,1.0150001,1.0337579,-0.01875782
3730,1.0160003,1.1543379,-0.13833761
3731,1.0165,1.2234268,-0.20692682
3732,1.017,1.2390225,-0.22202253
3733,1.0180001,1.2355049,-0.21750474
3734,1.0185003,1.2293961,-0.21089578
3735,1.019,1.225307,-0.20630693
3736,1.0195,1.2232957,-0.20379567
3737,1.0205,1.2226183,-0.2021184
3738,1.0220001,1.2226715,-0.20067143
3739,1.0220001,1.2231448,-0.2011447
3740,1.023,1.2238064,-0.20080638
3741,1.0240002,1.2245243,-0.20052409
3742,1.0250001,1.2278159,-0.20281577
3743,1.0255,1.2186835,-0.19318342
3744,1.0260003,1.2228878,-0.1968875
3745,1.027,1.2261539,-0.1991539
3746,1.0280001,1.2277927,-0.19979262
3747,1.0280001,1.2339835,-0.2059834
3748,1.029,1.2413204,-0.21232033
3749,1.0300002,1.2145483,-0.18454814
3750,1.0310001,1.1831958,-0.15219569
3751,1.0315001,1.0896852,-0.0581851
3752,1.0319998,1.1881621,-0.15616226
3753,1.0530002,1.4706628,-0.41766262
3754,1.3410001,1.5979497,-0.25694966
3755,1.562,1.5711062,-0.009106159
3756,1.392,1.4995794,-0.10757947
3757,1.3925002,1.4567993,-0.06429911
3758,1.3930001,1.3383095,0.0546906
3759,1.394,1.6387653,-0.24476528
3760,1.7125001,1.8178785,-0.10537839
3761,1.8850001,1.8433001,0.041700006
3762,1.763,1.8076963,-0.04469633
3763,1.5930002,1.7919836,-0.19898343
3764,1.5930002,1.811753,-0.21875286
3765,1.5940001,1.8481781,-0.25417805
3766,1.6190002,1.855252,-0.23625183
3767,1.792,1.8239672,-0.031967163
3768,1.793,1.7854245,0.007575512
3769,1.7680001,1.7427742,0.025225878
3770,1.6229999,1.7144058,-0.09140587
3771,1.598,1.6928754,-0.094875336
3772,1.5510001,1.6715615,-0.12056136
3773,1.5510001,1.6386032,-0.08760309
3774,1.552,1.6134889,-0.061488867
3775,1.504,1.5682645,-0.064264536
3776,1.504,1.5221457,-0.0181458
3777,1.408,1.4802213,-0.07222128
3778,1.408,1.5745306,-0.16653061
3779,1.7520001,1.8293006,-0.07730055
3780,1.9485,1.9663075,-0.017807484
3781,1.998,1.9373047,0.06069529
3782,1.9990002,1.8477733,0.15122688
3783,1.9750001,1.840678,0.13432217
3784,1.8050001,1.8591392,-0.054139137
3785,1.8050001,1.8457966,-0.04079652
3786,1.806,1.8107393,-0.0047392845
3787,1.733,1.778347,-0.045346975
3788,1.6120002,1.747529,-0.1355288
3789,1.6125,1.7069364,-0.09443641
3790,1.6130002,1.652015,-0.039014816
3791,1.6140001,1.6133025,0.00069761276
3792,1.5415001,1.5897965,-0.04829645
3793,1.444,1.5773678,-0.13336778
3794,1.421,1.5716057,-0.15060568
3795,1.421,1.5548389,-0.13383889
3796,1.4220002,1.5410657,-0.11906552
3797,1.4230001,1.5351653,-0.11216521
3798,1.3745,1.5269268,-0.15242672
3799,1.3515,1.478862,-0.12736201
3800,1.3759999,1.4444046,-0.068404675
3801,1.3770001,1.4225705,-0.045570374
3802,1.2320001,1.410075,-0.17807484
3803,1.2320001,1.404403,-0.17240286
3804,1.2330003,1.4006908,-0.16769052
3805,1.234,1.3886318,-0.15463185
3806,1.2350001,1.38233,-0.1473298
3807,1.2350001,1.3722365,-0.13723636
3808,1.1965001,1.3455746,-0.14907455
3809,1.1965001,1.3240542,-0.12755418
3810,1.2175002,1.300139,-0.08263874
3811,1.138,1.2848618,-0.14686179
3812,1.118,1.2763996,-0.15839958
3813,1.0790002,1.2722914,-0.19329119
3814,1.0799999,1.2709317,-0.1909318
3815,1.0799999,1.2709403,-0.19094038
3816,1.0810001,1.2714939,-0.19049382
3817,1.0820003,1.272301,-0.1903007
3818,1.0820003,1.2730744,-0.19107413
3819,1.083,1.2738497,-0.19084978
3820,1.0840001,1.2744586,-0.19045854
3821,1.0850003,1.2750869,-0.1900866
3822,1.086,1.2757235,-0.18972349
3823,1.086,1.2763903,-0.19039035
3824,1.0870001,1.2770276,-0.19002748
3825,1.088,1.3828919,-0.29489183
3826,1.0885,1.3221123,-0.2336123
3827,1.089,1.4072435,-0.3182435
3828,1.0900002,1.4905009,-0.40050077
3829,1.447,1.5698233,-0.12282324
3830,1.4725001,1.8121653,-0.33966517
3831,1.645,2.2892268,-0.6442268
3832,2.538,3.1694958,-0.6314957
3833,3.607,3.6173048,-0.010304689
3834,3.5465,3.7277467,-0.18124676
3835,3.3025,3.3817205,-0.07922053
3836,3.1200001,4.4437017,-1.3237016
3837,6.1285,8.30228,-2.1737804
3838,10.214499,10.087904,0.1265955
3839,11.084,8.4147215,2.6692781
3840,7.889,6.884609,1.0043907
3841,6.3199997,5.4679623,0.85203743
3842,4.9955,4.1475797,0.8479204
3843,4.21,3.4238458,0.78615427
3844,3.5855,2.9467673,0.6387327
3845,3.1565,2.6409872,0.51551294
3846,3.0100002,2.5313072,0.478693
3847,2.7095,2.493558,0.21594214
3848,2.5505002,2.655281,-0.10478091
3849,2.4720001,2.8272634,-0.35526323
3850,2.4720001,2.9753082,-0.50330806
3851,2.7150002,3.0456052,-0.33060503
3852,3.131,3.0613933,0.06960678
3853,3.132,3.0329037,0.0990963
3854,3.0455,2.9861195,0.05938053
3855,2.902,2.8907804,0.0112195015
3856,2.902,2.8104966,0.09150338
3857,2.903,2.7553635,0.14763665
3858,2.8240001,2.7161863,0.107813835
3859,2.6920002,2.549955,0.14204526
3860,2.6920002,2.353366,0.33863425
3861,2.693,2.394714,0.29828596
3862,2.6940002,2.445634,0.24836636
3863,2.6940002,2.3485723,0.345428
3864,2.4840002,2.1904533,0.29354692
3865,2.431,2.1937208,0.23727918
3866,2.325,2.2972875,0.027712584
3867,2.3565001,2.363205,-0.0067048073
3868,2.3535,2.3563757,-0.002875805
3869,2.275,2.313556,-0.03855586
3870,2.2755,2.281052,-0.0055520535
3871,2.276,2.156822,0.11917806
3872,2.173,2.0222464,0.15075374
3873,2.173,1.9410199,0.2319802
3874,2.148,1.9103363,0.23766375
3875,2.071,2.0113983,0.059601784
3876,2.071,2.0920522,-0.021052122
3877,2.072,2.1103106,-0.038310528
3878,2.072,2.1092281,-0.037228107
3879,2.0,2.0909586,-0.090958595
3880,1.8790001,2.05263,-0.17362988
3881,1.9770001,2.0243945,-0.047394395
3882,2.0265002,2.005208,0.02129221
3883,1.9300001,1.9938034,-0.063803315
3884,1.8815001,1.8417892,0.03971088
3885,1.8820001,1.6221144,0.25988567
3886,1.8820001,1.5082624,0.3737377
3887,1.883,1.5378568,0.3451432
3888,1.8840001,1.6459391,0.23806095
3889,1.836,1.7727916,0.06320834
3890,1.812,1.9046731,-0.09267306
3891,1.838,1.9509548,-0.112954736
3892,1.8135002,1.9436368,-0.13013661
3893,1.7410002,1.9537902,-0.21279001
3894,1.6930001,1.9464655,-0.2534654
3895,1.6935,1.8907638,-0.19726372
3896,1.8660002,1.698962,0.1670382
3897,1.891,1.6173086,0.27369142
3898,1.7940001,1.6648633,0.1291368
3899,1.697,1.5909736,0.10602641
3900,1.6980002,1.5443144,0.15368581
3901,1.723,1.5156057,0.20739436
3902,1.7480001,1.5474646,0.20053554
3903,1.7240002,1.6395035,0.08449674
3904,1.7,1.6510863,0.048913717
3905,1.701,1.6590278,0.04197216
3906,1.701,1.6781673,0.022832632
3907,1.701,1.816817,-0.11581707
3908,1.701,1.8794546,-0.17845464
3909,1.6775,1.8675985,-0.19009852
3910,1.6530001,1.8040569,-0.15105677
3911,1.6535001,1.7768466,-0.12334657
3912,1.605,1.7725561,-0.16755605
3913,1.654,1.7621346,-0.10813451
3914,1.655,1.6925228,-0.037522793
3915,1.655,1.4909585,0.16404152
3916,1.6060002,1.3462594,0.25974083
3917,1.6065001,1.4507003,0.15579987
3918,1.6070001,1.5405393,0.06646085
3919,1.5825,1.7560678,-0.17356777
3920,1.7540002,2.2320395,-0.47803926
3921,2.3070002,2.7439723,-0.43697214
3922,2.785,3.0516458,-0.26664567
3923,2.785,2.8442857,-0.05928564
3924,2.52,2.4635868,0.056413174
3925,2.308,2.2346358,0.07336426
3926,2.099,2.0951738,0.0038261414
3927,1.9525001,2.0204554,-0.067955256
3928,1.904,1.9908931,-0.08689308
3929,1.904,1.9862491,-0.082249045
3930,1.9050001,1.9859228,-0.08092272
3931,1.9050001,1.9784422,-0.0734421
3932,1.9050001,1.9675934,-0.06259334
3933,1.9050001,1.9327192,-0.02771914
3934,1.8570001,1.8938043,-0.0368042
3935,1.8815001,1.865066,0.016434073
3936,1.7839999,1.8430848,-0.059084892
3937,1.7110002,1.8120904,-0.10109019
3938,1.7110002,1.8069432,-0.095942974
3939,1.7114999,1.8122468,-0.10074687
3940,1.6630001,1.8181436,-0.1551435
3941,1.6630001,1.8246198,-0.16161966
3942,1.713,1.8174515,-0.10445142
3943,1.713,1.7977154,-0.08471537
3944,1.713,1.8048425,-0.09184241
3945,1.713,1.8037145,-0.090714455
3946,1.6160002,1.7803175,-0.16431737
3947,1.6895001,1.7414129,-0.051912785
3948,1.714,1.7472951,-0.033295155
3949,1.6415,1.7942016,-0.15270162
3950,1.5195,1.8175926,-0.2980926
3951,1.5440001,1.8318837,-0.28788352
3952,1.7650001,1.8414631,-0.076462984
3953,1.7650001,1.8435285,-0.078528404
3954,1.717,1.8418453,-0.12484527
3955,1.717,1.840795,-0.12379503
3956,1.717,1.840199,-0.123198986
3957,1.717,1.8394225,-0.12242246
3958,1.7180002,1.8390594,-0.12105918
3959,1.7425001,1.8387818,-0.09628177
3960,1.7190001,1.8387909,-0.11979079
3961,1.7190001,1.8378794,-0.11887932
3962,1.7190001,1.7874224,-0.06842232
3963,1.7190001,1.7483666,-0.029366493
3964,1.72,1.768188,-0.04818797
3965,1.6465001,1.7869499,-0.14044976
3966,1.5240002,1.806082,-0.28208184
3967,1.6475,1.8174086,-0.16990852
3968,1.7210002,1.7062182,0.014781952
3969,1.7210002,1.7428885,-0.021888256
3970,1.7220001,1.8115137,-0.08951354
3971,1.7220001,1.8487513,-0.12675118
3972,1.7220001,1.8575196,-0.1355195
3973,1.723,1.8540964,-0.13109636
3974,1.723,1.8487976,-0.12579751
3975,1.723,1.8451991,-0.12219906
3976,1.7240002,1.8435609,-0.11956072
3977,1.7240002,1.8431399,-0.11913967
3978,1.7240002,1.8276248,-0.10362458
3979,1.7240002,1.7283571,-0.004356861
3980,1.7250001,1.7408369,-0.015836716
3981,1.7250001,1.7695067,-0.04450655
3982,1.7250001,1.7693224,-0.044322252
3983,1.677,1.7539854,-0.07698536
3984,1.6040001,1.7361321,-0.13213205
3985,1.5800002,1.7149298,-0.13492966
3986,1.5800002,1.6962965,-0.11629629
3987,1.5800002,1.6847181,-0.10471797
3988,1.5800002,1.6780322,-0.098032
3989,1.5320001,1.674689,-0.14268899
3990,1.5320001,1.6735408,-0.14154077
3991,1.5325,1.6737266,-0.14122653
3992,1.533,1.6742859,-0.1412859
3993,1.533,1.6747692,-0.14176917
3994,1.533,1.6753154,-0.14231539
3995,1.5340002,1.6919644,-0.15796423
3996,1.5340002,1.7477038,-0.21370363
3997,1.5340002,1.7871411,-0.25314093
3998,1.5350001,1.6571779,-0.12217784
3999,1.7310002,1.4696321,0.26136804
4000,1.7310002,1.5216753,0.20932484
4001,1.7320001,1.3248022,0.40719795
4002,1.7565,1.5154319,0.24106812
4003,1.7570002,1.6980035,0.058996677
4004,1.6590002,1.7676895,-0.10868931
4005,1.5860002,1.7611673,-0.17516708
4006,1.5370002,1.7312894,-0.19428921
4007,1.5380001,1.7051699,-0.16716981
4008,1.5380001,1.6899676,-0.15196753
4009,1.563,1.6398704,-0.07687044
4010,1.539,1.5754468,-0.03644681
4011,1.539,1.4891739,0.049826145
4012,1.4905,1.4261038,0.06439614
4013,1.3440001,1.3898883,-0.045888186
4014,1.2235,1.39551,-0.17200994
4015,1.1830001,1.400908,-0.2179079
4016,1.1830001,1.3976107,-0.21461058
4017,1.2650001,1.4069667,-0.14196658
4018,1.2650001,1.341387,-0.07638693
4019,1.2250001,1.3547087,-0.12970853
4020,1.2049999,1.394203,-0.18920302
4021,1.2055001,1.4179509,-0.21245074
4022,1.2055001,1.4385147,-0.23301458
4023,1.267,1.447886,-0.18088603
4024,1.267,1.4326277,-0.16562772
4025,1.267,1.4208193,-0.15381932
4026,1.3075001,1.4121366,-0.10463643
4027,1.2480001,1.403847,-0.15584683
4028,1.2279999,1.3992627,-0.17126274
4029,1.2480001,1.4510708,-0.20307064
4030,1.2279999,1.5389853,-0.31098533
4031,1.208,1.5827811,-0.37478113
4032,1.3095,1.4951701,-0.18567014
4033,1.546,1.496628,0.049371958
4034,1.546,1.5535297,-0.0075297356
4035,1.5470002,1.536138,0.010862112
4036,1.5470002,1.5495312,-0.0025310516
4037,1.4985001,1.5766251,-0.078125
4038,1.45,1.565414,-0.115413904
4039,1.45,1.5439246,-0.09392452
4040,1.402,1.5265329,-0.12453294
4041,1.3535001,1.5163698,-0.16286969
4042,1.3540001,1.5118871,-0.15788698
4043,1.3540001,1.5105367,-0.15653658
4044,1.3540001,1.5106404,-0.15664029
4045,1.3550003,1.512248,-0.15724778
4046,1.3550003,1.5143301,-0.15932989
4047,1.3550003,1.514029,-0.15902877
4048,1.356,1.5324333,-0.17643332
4049,1.3805001,1.5896163,-0.20911622
4050,1.356,1.631114,-0.27511406
4051,1.3570001,1.6606066,-0.3036065
4052,1.5275002,1.6864209,-0.15892076
4053,1.5525002,1.7458012,-0.19330096
4054,1.553,1.8001561,-0.24715614
4055,1.553,1.8336074,-0.28060746
4056,1.6270001,1.8561409,-0.22914076
4057,1.7745001,1.9083517,-0.13385153
4058,1.7745001,1.9584653,-0.1839652
4059,1.75,1.9942876,-0.24428761
4060,1.7510002,2.0208945,-0.26989436
4061,1.9470001,2.0594883,-0.11248815
4062,1.9470001,2.1015189,-0.15451872
4063,1.9470001,2.0921326,-0.14513242
4064,1.9480001,2.0814738,-0.13347375
4065,2.0955,2.0860014,0.009498596
4066,2.022,2.1230865,-0.10108638
4067,1.9490001,2.1405587,-0.1915586
4068,1.9490001,2.143906,-0.194906
4069,2.0965,2.17013,-0.073630095
4070,2.146,2.187321,-0.04132104
4071,2.048,2.1984508,-0.1504507
4072,2.073,2.2068667,-0.13386679
4073,2.1470003,2.262385,-0.11538458
4074,2.1470003,2.3505385,-0.20353818
4075,2.1470003,2.4015455,-0.2545452
4076,2.148,2.4441352,-0.2961352
4077,2.4640002,2.754391,-0.29039073
4078,2.5700002,3.0958567,-0.5258565
4079,2.677,3.36893,-0.69193006
4080,3.4115,3.499515,-0.08801508
4081,3.718,3.4470742,0.27092576
4082,3.5040002,3.2681808,0.23581934
4083,3.2975001,3.0134523,0.28404784
4084,3.2,2.7928934,0.40710664
4085,2.9970002,2.6127045,0.3842957
4086,2.7585,2.4988685,0.25963163
4087,2.573,2.4399946,0.13300538
4088,2.573,2.4098206,0.1631794
4089,2.3875,2.4675035,-0.0800035
4090,2.361,2.5374746,-0.17647457
4091,2.362,2.5722141,-0.21021414
4092,2.4945002,2.6036735,-0.1091733
4093,2.7340002,2.726972,0.007028103
4094,2.6815,2.8439891,-0.16248918
4095,2.5760002,2.9284384,-0.3524382
4096,2.6820002,3.0289235,-0.34692335
4097,3.0010002,3.2893221,-0.28832197
4098,3.0010002,3.4320626,-0.43106246
4099,3.0015001,3.5252666,-0.5237665
4100,3.448,3.6551664,-0.20716643
4101,3.755,3.891488,-0.13648796
4102,3.7250001,3.936379,-0.21137881
4103,3.5715,3.9034936,-0.33199358
4104,3.9395,3.9217703,0.01772976
4105,4.2885,3.904495,0.38400483
4106,4.1915,3.8047352,0.386765
4107,3.727,3.7103016,0.01669836
4108,3.7575002,3.6367712,0.12072897
4109,3.9720001,3.552268,0.4197321
4110,3.7575002,3.4002683,0.35723186
4111,3.483,3.2442496,0.23875046
4112,3.238,3.1367502,0.101249695
4113,3.151,3.0962074,0.054792643
4114,3.007,3.1233914,-0.11639142
4115,3.007,3.1085422,-0.101542234
4116,3.007,3.1278553,-0.12085533
4117,3.1820002,3.2770867,-0.095086575
4118,3.095,3.2992227,-0.20422268
4119,3.008,3.3070378,-0.29903793
4120,3.4555001,3.263418,0.19208217
4121,3.4555001,3.2034795,0.2520206
4122,3.2410002,3.116466,0.12453413
4123,3.125,2.990828,0.13417196
4124,3.0100002,2.9104323,0.09956789
4125,3.0100002,2.8823044,0.1276958
4126,2.8245,2.9225407,-0.09804058
4127,2.798,3.0306816,-0.23268151
4128,2.7985,3.2622683,-0.46376824
4129,2.9845,3.7498846,-0.7653847
4130,3.0405002,3.7387295,-0.6982293
4131,3.244,4.00698,-0.76298
4132,5.018,4.3636727,0.6543274
4133,5.1815,4.2751083,0.9063916
4134,4.4275,4.023724,0.4037757
4135,3.98,3.7808254,0.19917464
4136,3.8585,3.591296,0.26720405
4137,3.736,3.5700793,0.16592073
4138,3.492,3.5857296,-0.093729496
4139,3.3695002,3.6096666,-0.24016643
4140,3.339,3.7138069,-0.37480688
4141,3.7680001,3.9648175,-0.1968174
4142,3.7380002,3.967105,-0.22910476
4143,3.7380002,4.2337275,-0.4957273
4144,4.3355002,4.620731,-0.28523064
4145,5.6895,4.883604,0.8058958
4146,5.6895,4.537568,1.1519318
4147,5.1515,4.1392984,1.0122018
4148,4.334,3.799263,0.5347371
4149,3.9235,3.544507,0.37899303
4150,3.74,3.405242,0.33475804
4151,3.496,3.274626,0.22137403
4152,3.4045,3.172122,0.232378
4153,3.251,3.0599408,0.19105911
4154,3.1065001,2.9672484,0.13925171
4155,3.02,2.8115487,0.20845127
4156,2.9405,2.744995,0.1955049
4157,2.861,2.784186,0.076814175
4158,2.808,2.5564299,0.25157022
4159,2.809,2.443037,0.36596298
4160,2.809,2.6360474,0.17295265
4161,2.862,2.8516445,0.010355473
4162,2.9160001,3.0652595,-0.14925933
4163,2.969,4.598474,-1.6294739
4164,6.281,7.1010256,-0.82002544
4165,7.3355,7.4654865,-0.12998676
4166,6.449,6.9024005,-0.4534006
4167,6.0690002,6.313755,-0.24475479
4168,6.6345,5.999159,0.63534117
4169,6.6715,5.827318,0.844182
4170,5.5620003,5.3822103,0.17979002
4171,4.8975,5.009356,-0.111855984
4172,4.9960003,5.005452,-0.009451866
4173,5.7325,4.8873453,0.84515476
4174,5.4275002,4.5660143,0.86148596
4175,4.768,4.1965065,0.5714936
4176,4.5065002,3.9029422,0.60355806
4177,4.0255003,3.6883872,0.33711314
4178,3.8105001,3.5141594,0.2963407
4179,3.688,3.399832,0.28816795
4180,3.505,3.2794704,0.22552967
4181,3.321,3.1533232,0.16767693
4182,3.2610002,3.0556128,0.20538735
4183,3.1160002,3.038363,0.077637196
4184,3.029,3.0293221,-0.0003221035
4185,2.8700001,3.0406475,-0.17064738
4186,2.9765,3.0604553,-0.08395529
4187,3.03,3.035398,-0.005398035
4188,3.03,2.9767952,0.053204775
4189,3.0305,3.0297775,0.0007224083
4190,2.9780002,3.08685,-0.108849764
4191,2.8190002,3.1139708,-0.2949705
4192,2.8725002,3.2189076,-0.3464074
4193,3.206,3.4565022,-0.2505021
4194,3.1195002,3.5905156,-0.47101545
4195,3.178,3.6617913,-0.48379135
4196,3.602,3.7892504,-0.18725038
4197,4.0,4.072478,-0.07247782
4198,3.878,4.071434,-0.193434
4199,3.756,4.013049,-0.25704908
4200,4.0965,4.043472,0.053028107
4201,4.515,3.9973884,0.5176115
4202,4.2225,3.8142567,0.40824318
4203,4.002,3.6381598,0.3638401
4204,3.7580001,3.5018618,0.25613832
4205,3.6355,3.4177692,0.21773076
4206,3.513,3.3156,0.1974001
4207,3.391,3.222053,0.16894698
4208,3.269,3.0850875,0.18391252
4209,3.211,2.9811506,0.22984934
4210,3.038,2.9089808,0.12901926
4211,2.9055,2.8401039,0.06539607
4212,2.8260002,2.7425642,0.08343601
4213,2.8260002,2.680769,0.14523125
4214,2.8260002,2.6354659,0.19053435
4215,2.6150002,2.6135726,0.0014276505
4216,2.6150002,2.6040447,0.010955572
4217,2.6150002,2.7223601,-0.107359886
4218,2.6150002,2.8504653,-0.23546505
4219,2.6150002,2.8926613,-0.2776611
4220,2.6690001,2.9203248,-0.25132465
4221,3.0410001,3.0694447,-0.028444529
4222,2.9615002,3.1634898,-0.20198965
4223,2.829,3.1990104,-0.37001038
4224,2.8825002,3.220476,-0.33797574
4225,3.336,3.3921466,-0.05614662
4226,3.275,3.4555504,-0.18055034
4227,3.101,3.458201,-0.35720086
4228,3.1885002,3.46672,-0.27821994
4229,3.7050002,3.6046407,0.10035944
4230,3.5210001,3.62553,-0.10452986
4231,3.277,3.58683,-0.30982995
4232,3.4915001,3.5813456,-0.08984542
4233,3.828,3.8144245,0.013575554
4234,3.644,3.8074925,-0.16349244
4235,3.402,3.773533,-0.37153316
4236,3.7375,3.8461313,-0.10863137
4237,4.202,3.990207,0.21179318
4238,4.013,3.9183555,0.09464455
4239,3.7385,3.7935245,-0.055024385
4240,3.9525,3.8190343,0.13346577
4241,4.1085,3.8846838,0.22381616
4242,3.77,3.7691905,0.0008094311
4243,3.525,3.6725159,-0.14751577
4244,4.2355,3.688798,0.5467019
4245,4.267,3.6475174,0.61948276
4246,3.8015,3.5411096,0.26039052
4247,3.527,3.367782,0.15921783
4248,3.527,3.2251065,0.30189347
4249,3.282,3.233172,0.048828125
4250,3.108,3.2489483,-0.1409483
4251,2.9980001,3.2741513,-0.27615118
4252,3.1090002,3.3256567,-0.21665645
4253,3.3755002,3.4753835,-0.09988332
4254,3.284,3.6181386,-0.33413863
4255,3.284,3.7032235,-0.41922355
4256,3.468,3.7455556,-0.2775557
4257,3.775,3.9175649,-0.14256477
4258,4.435,4.1038194,0.33118057
4259,4.468,4.107239,0.36076117
4260,4.3695,4.075133,0.2943673
4261,4.2730002,4.3496666,-0.076666355
4262,4.021,4.195233,-0.17423296
4263,3.776,4.034272,-0.25827217
4264,3.777,4.722716,-0.9457159
4265,6.066,6.004009,0.061991215
4266,6.7390003,6.348029,0.39097118
4267,6.134,6.183077,-0.049077034
4268,5.7955,5.941678,-0.14617825
4269,6.135,5.7539554,0.38104486
4270,6.135,5.5712337,0.5637665
4271,5.865,5.1962395,0.6687603
4272,5.3665,4.7922325,0.5742674
4273,5.0275,4.4967113,0.5307889
4274,4.7665,4.214946,0.5515542
4275,4.342,4.019257,0.32274294
4276,4.277,3.8938243,0.3831756
4277,4.0575,3.82519,0.23230982
4278,3.782,3.6514897,0.13051033
4279,3.7810001,3.511368,0.2696321
4280,3.6905,3.475712,0.21478796
4281,3.782,3.4770858,0.30491424
4282,3.599,3.4347715,0.16422844
4283,3.538,3.3273232,0.21067691
4284,3.2940001,3.231815,0.06218505
4285,3.2940001,3.2313647,0.06263542
4286,3.062,3.2146273,-0.15262723
4287,3.062,3.1822758,-0.120275736
4288,3.121,3.1761432,-0.055143118
4289,3.295,3.1767347,0.11826539
4290,3.0925,3.1635647,-0.07106471
4291,3.0640001,3.1427615,-0.07876134
4292,3.0640001,3.1357203,-0.07172012
4293,3.151,3.2014766,-0.05047655
4294,3.065,3.2450414,-0.18004131
4295,3.065,3.2229881,-0.15798807
4296,3.1235,3.2139854,-0.090485334
4297,3.298,3.3375647,-0.03956461
4298,3.1820002,3.3936245,-0.21162438
4299,3.066,3.3873618,-0.32136178
4300,3.2715,3.4181812,-0.14668107
4301,3.5440001,3.5801604,-0.03616023
4302,3.4220002,3.6291702,-0.20717001
4303,3.3000002,3.638484,-0.3384838
4304,3.514,3.6396265,-0.12562656
4305,3.9125001,3.7910392,0.121460915
4306,3.79,3.7936125,-0.0036125183
4307,3.454,3.7421937,-0.2881937
4308,3.607,3.753094,-0.14609385
4309,3.9750001,3.9533482,0.021651983
4310,3.8530002,3.9508014,-0.09780121
4311,3.6695,3.9314938,-0.26199365
4312,3.8530002,3.9738123,-0.12081218
4313,4.289,4.127156,0.16184425
4314,4.038,4.1807055,-0.14270544
4315,3.9155002,4.161843,-0.24634266
4316,3.977,4.2599497,-0.2829497
4317,4.519,4.47748,0.04152012
4318,4.5195003,4.522549,-0.0030488968
4319,4.356,4.5936694,-0.23766947
4320,4.4875,4.8072963,-0.3197961
4321,4.814,5.044594,-0.23059368
4322,4.8145,5.0512657,-0.23676586
4323,4.913,5.234564,-0.32156372
4324,5.407,5.5385046,-0.13150454
4325,5.814,5.7040033,0.109996796
4326,5.611,5.625622,-0.014621735
4327,5.375,5.5047398,-0.12973976
4328,5.4425,5.332816,0.10968399
4329,5.612,5.387592,0.22440815
4330,5.612,5.323006,0.28899384
4331,5.443,5.275131,0.16786861
4332,5.5455,5.257588,0.2879119
4333,5.342,5.193807,0.14819288
4334,5.178,5.043879,0.13412094
4335,5.079,4.9598184,0.11918163
4336,5.0475,4.86736,0.18014002
4337,5.0475,4.756976,0.290524
4338,4.8195,4.5086913,0.31080866
4339,4.8190002,4.4080534,0.41094685
4340,4.624,4.321598,0.30240202
4341,4.5595,4.3048205,0.25467968
4342,4.559,4.2552834,0.30371666
4343,4.5275,4.2898965,0.23760366
4344,4.7885,4.4190545,0.36944532
4345,4.821,4.4358034,0.3851967
4346,4.561,4.366206,0.1947937
4347,4.561,4.2230153,0.33798456
4348,4.301,4.080267,0.22073317
4349,4.3005,3.9835436,0.31695628
4350,4.0490003,3.8952503,0.15374994
4351,3.9880002,3.819218,0.16878223
4352,3.8660002,3.7396033,0.1263969
4353,3.806,3.768724,0.03727603
4354,3.806,3.9281366,-0.12213659
4355,3.684,3.9098976,-0.22589755
4356,3.6230001,4.042726,-0.4197259
4357,4.4355,4.4021,0.03340006
4358,4.8585,4.6467113,0.21178865
4359,4.7935,4.8758106,-0.08231068
4360,5.0550003,5.296618,-0.24161768
4361,5.8929996,5.1013513,0.7916484
4362,5.6905003,5.021533,0.66896725
4363,5.3190002,4.975943,0.34305716
4364,5.089,5.137221,-0.048220634
4365,5.089,4.8772016,0.21179867
4366,5.089,4.714703,0.37429714
4367,4.829,4.522476,0.3065238
4368,4.764,4.4079885,0.3560114
4369,4.568,4.321819,0.24618101
4370,4.3725,4.2356944,0.13680553
4371,4.308,4.1555376,0.15246248
4372,4.4055,4.188473,0.21702671
4373,4.341,4.3912416,-0.05024147
4374,4.057,4.3363495,-0.27934933
4375,3.996,4.412485,-0.41648507
4376,4.636,4.7285523,-0.092552185
4377,4.995,5.0919867,-0.09698677
4378,4.8320003,5.016207,-0.18420696
4379,4.669,5.100376,-0.43137598
4380,5.2255,5.4004426,-0.1749425
4381,5.764,5.605778,0.15822172
4382,5.7305,5.558054,0.17244625
4383,5.426,5.3615317,0.064468384
4384,5.359,5.217071,0.14192915
4385,5.359,4.9433155,0.4156847
4386,4.9655,4.7654037,0.20009613
4387,4.835,4.604251,0.23074913
4388,4.7695003,4.6465187,0.12298155
4389,4.5750003,4.619768,-0.044767857
4390,4.5750003,4.046014,0.52898645
4391,4.51,4.857434,-0.34743357
4392,7.2255,6.199159,1.026341
4393,7.667,7.8446636,-0.1776638
4394,7.858,8.544741,-0.6867409
4395,8.852,8.306041,0.5459595
4396,8.4695,7.890174,0.5793257
4397,7.934,7.420933,0.51306725
4398,7.3339996,6.916041,0.41795874
4399,6.7440004,6.4548025,0.28919792
4400,6.449,6.086122,0.36287785
4401,6.177,5.6301045,0.5468955
4402,5.906,5.5120516,0.39394855
4403,5.6355,5.346217,0.2892828
4404,5.501,5.170739,0.33026075
4405,5.3650002,5.110393,0.2546072
4406,5.3325,5.0453596,0.28714037
4407,5.168,4.92805,0.23995018
4408,5.103,4.8224316,0.2805686
4409,4.842,4.70022,0.1417799
4410,4.842,4.5773826,0.26461744
4411,4.582,4.4528055,0.12919426
4412,4.582,4.405176,0.17682362
4413,4.582,4.455755,0.12624454
4414,4.518,4.422604,0.09539604
4415,4.3545,4.3768907,-0.022390842
4416,4.42,4.3768787,0.043121338
4417,4.584,4.389484,0.19451618
4418,4.584,4.352181,0.23181915
4419,4.3555,4.292937,0.06256342
4420,4.324,4.2861123,0.037887573
4421,4.324,4.431336,-0.107336044
4422,4.324,4.3582435,-0.034243584
4423,4.2615,4.5675592,-0.30605936
4424,4.847,4.309361,0.53763914
4425,5.0755,5.044536,0.030963898
4426,5.374,6.211233,-0.83723307
4427,10.561999,8.213035,2.3489647
4428,13.674001,11.109621,2.5643797
4429,14.494,14.204683,0.28931713
4430,15.379601,14.258369,1.1212311
4431,15.311,13.369341,1.941659
4432,13.502,12.365044,1.1369562
4433,12.7715,11.718859,1.0526409
4434,11.495,11.270997,0.22400284
4435,10.792,10.712346,0.07965374
4436,10.136,10.143065,-0.007065773
4437,9.6575,9.631022,0.026477814
4438,9.18,9.135519,0.044481277
4439,8.865,8.650282,0.21471786
4440,8.559999,8.332859,0.22714043
4441,8.559999,8.195693,0.36430645
4442,8.559999,8.061829,0.49817085
4443,8.063,7.885194,0.1778059
4444,7.948,7.7720585,0.17594147
4445,7.9490004,7.6525416,0.29645872
4446,7.9490004,7.6217823,0.32721806
4447,7.6070004,7.4968743,0.11012602
4448,7.3865004,7.341752,0.044748306
4449,8.4475,7.8537025,0.5937977
4450,8.833,8.4105425,0.4224577
4451,8.563,8.547542,0.015458107
4452,8.257,8.400857,-0.143857
4453,8.219,8.097809,0.121191025
4454,8.066,7.9665737,0.09942627
4455,7.951,7.770425,0.18057537
4456,7.7615,7.3546743,0.40682554
4457,8.5265,8.370961,0.15553856
4458,10.1449995,11.237211,-1.0922117
4459,11.5035,13.448527,-1.9450274
4460,13.165,12.926418,0.23858166
4461,13.165,11.824136,1.3408642
4462,13.165,11.894232,1.2707682
4463,14.246,12.990831,1.2551689
4464,13.857,13.261316,0.59568405
4465,13.123,12.648862,0.47413826
4466,12.781,11.851102,0.92989826
4467,11.797999,11.16797,0.6300297
4468,11.133,10.624156,0.5088444
4469,10.471001,10.076348,0.39465237
4470,9.827001,9.538211,0.28878975
4471,9.3495,8.953121,0.39637852
4472,8.875,8.517491,0.35750866
4473,8.57,8.259179,0.31082058
4474,8.264,8.039034,0.22496605
4475,7.958,7.8662367,0.0917635
4476,7.958,7.9497166,0.008283615
4477,8.265,8.1991625,0.06583786
4478,8.265,8.1774845,0.08751583
4479,7.9589996,8.217661,-0.25866127
4480,8.151,8.606384,-0.45538425
4481,8.878,9.201505,-0.32350445
4482,8.9965,9.330717,-0.33421707
4483,8.879,9.077451,-0.19845104
4484,9.194,10.095056,-0.90105534
4485,11.138,11.75521,-0.6172104
4486,11.804,12.08197,-0.2779703
4487,11.511001,11.568174,-0.05717373
4488,11.469501,11.293524,0.17597675
4489,12.019,11.465239,0.5537615
4490,12.019,11.430438,0.588562
4491,11.5125,11.176004,0.3364954
4492,11.471,11.050153,0.42084694
4493,11.806,11.007517,0.7984829
4494,11.806,10.90964,0.89635944
4495,11.4715,10.604978,0.8665228
4496,10.893,10.403814,0.48918533
4497,10.81,10.307331,0.50266933
4498,10.769,10.178786,0.5902138
4499,10.48,10.054427,0.4255724
4500,10.48,10.129381,0.35061836
4501,10.9775,10.387501,0.5899992
4502,11.143,10.483939,0.6590605
4503,10.936,10.253613,0.6823864
4504,10.482,9.940703,0.54129696
4505,10.157,9.718912,0.43808746
4506,10.0375,9.548505,0.48899555
4507,9.7985,9.348687,0.4498129
4508,9.52,9.284755,0.2352457
4509,9.5205,9.417599,0.10290146
4510,9.76,9.556243,0.20375729
4511,9.679999,9.6124735,0.06752586
4512,9.84,9.853491,-0.013490677
4513,10.1995,10.250007,-0.05050659
4514,10.485,10.350861,0.13413906
4515,10.485,10.354846,0.13015366
4516,10.485,10.5093775,-0.024377823
4517,11.147,10.69526,0.45174026
4518,11.148,10.688381,0.45961857
4519,11.1065,10.628309,0.47819042
4520,11.148,10.505426,0.64257336
4521,11.106999,10.397993,0.7090063
4522,10.818,10.227216,0.5907841
4523,10.405499,9.9334345,0.47206497
4524,10.163,9.817671,0.34532928
4525,10.3255005,9.863842,0.46165848
4526,10.4475,9.93397,0.5135298
4527,10.1640005,9.876547,0.28745365
4528,10.124001,9.913588,0.21041298
4529,10.286,10.037204,0.24879646
4530,10.489,10.223316,0.26568413
4531,10.49,10.26724,0.2227602
4532,10.49,10.160166,0.32983398
4533,10.49,10.292204,0.19779587
4534,10.9865,10.447726,0.53877354
4535,11.153,10.364813,0.788187
4536,10.822,10.177345,0.6446543
4537,10.491,9.925308,0.56569195
4538,10.167,9.689216,0.47778416
4539,9.848,9.537435,0.310565
4540,9.849,9.423933,0.42506695
4541,9.849,9.530899,0.31810093
4542,9.849,9.651528,0.19747162
4543,9.809501,9.511882,0.29761887
4544,9.531,9.557204,-0.02620411
4545,9.85,9.929451,-0.07945061
4546,10.494,10.119616,0.37438488
4547,10.332001,10.066105,0.26589584
4548,10.17,9.918683,0.25131702
4549,10.17,9.833198,0.33680248
4550,10.1305,9.679344,0.45115566
4551,10.051499,9.583608,0.4678917
4552,9.8525,9.564221,0.28827858
4553,9.853,9.706813,0.14618683
4554,9.533999,9.343717,0.19028282
4555,9.535,9.515053,0.019947052
4556,9.854,10.212963,-0.358963
4557,11.118,10.5672,0.5508003
4558,10.705,10.374065,0.33093452
4559,10.498,10.095121,0.40287876
4560,10.174,9.790822,0.38317776
4561,10.094,9.619215,0.47478485
4562,9.856,9.458294,0.39770603
4563,9.736,9.266337,0.46966267
4564,9.537001,9.22981,0.3071909
4565,9.538,9.197178,0.34082222
4566,9.498,9.170378,0.3276224
4567,9.219501,9.077506,0.14199448
4568,9.22,9.093389,0.12661171
4569,9.22,9.154389,0.065610886
4570,9.38,9.207839,0.1721611
4571,9.221,9.175972,0.045027733
4572,9.221,9.230011,-0.009011269
4573,9.5,9.33208,0.16792011
4574,9.54,9.406378,0.13362217
4575,9.5405,9.428175,0.112324715
4576,9.540999,9.407417,0.13358212
4577,9.540999,9.394913,0.1460867
4578,9.542,9.390115,0.15188503
4579,9.542,9.359109,0.18289089
4580,9.502,9.3560915,0.14590836
4581,9.5425005,9.394313,0.14818764
4582,9.623,9.439273,0.18372726
4583,9.543,9.40419,0.13881016
4584,9.543,9.364991,0.17800903
4585,9.544,9.364945,0.17905426
4586,9.7039995,9.373603,0.33039665
4587,9.544,9.284656,0.2593441
4588,9.306,9.101055,0.20494461
4589,9.226,9.031405,0.19459438
4590,9.226,9.011721,0.21427917
4591,9.148,8.916189,0.23181057
4592,8.912,8.821115,0.09088516
4593,8.913,8.910836,0.002163887
4594,9.1885,8.952628,0.23587227
4595,9.149,8.921341,0.22765923
4596,8.914,8.830911,0.083088875
4597,8.914,8.772951,0.14104843
4598,8.914,8.781185,0.1328144
4599,8.914,8.781117,0.13288212
4600,8.915,8.79487,0.120129585
4601,8.915,8.758502,0.15649796
4602,8.915,8.653495,0.26150513
4603,8.610001,8.54003,0.069971085
4604,8.610001,8.339887,0.27011395
4605,8.3810005,8.175735,0.20526505
4606,8.3045,8.069895,0.23460484
4607,8.304,7.9263477,0.37765217
4608,7.9989996,7.7056704,0.29332924
4609,7.695,7.593831,0.10116911
4610,7.695,7.496381,0.19861937
4611,7.695,7.3968964,0.2981038
4612,7.401,7.326226,0.07477379
4613,7.401,7.296488,0.104512215
4614,7.401,7.295174,0.1058259
4615,7.401,7.3051987,0.09580135
4616,7.402,7.2991915,0.102808475
4617,7.402,7.262869,0.13913107
4618,7.3655005,7.3040075,0.06149292
4619,7.3285,7.295628,0.032871723
4620,7.366,7.208062,0.157938
4621,7.44,7.3943596,0.04564047
4622,7.6245003,7.48676,0.13774014
4623,7.6990004,7.5043454,0.19465494
4624,7.6990004,7.518118,0.18088245
4625,7.6995,7.442606,0.2568941
4626,7.4785004,7.279372,0.19912815
4627,7.368,7.035798,0.33220196
4628,7.1099997,6.803928,0.30607176
4629,6.816,6.573162,0.2428379
4630,6.816,6.4127502,0.40324974
4631,6.521,6.2328854,0.28811455
4632,6.487,5.995987,0.49101305
4633,6.2495003,5.8953495,0.35415077
4634,6.148,5.8194685,0.32853127
4635,5.98,5.6293154,0.35068464
4636,5.98,5.64417,0.3358302
4637,5.946,5.585164,0.36083603
4638,5.8450003,5.502629,0.34237146
4639,5.8115,5.2970934,0.5144067
4640,5.879,6.1398363,-0.26083612
4641,7.626,10.366586,-2.7405858
4642,12.7475,12.711105,0.036395073
4643,12.2785,12.171873,0.10662651
4644,10.402,10.793406,-0.3914051
4645,9.4425,9.696575,-0.25407505
4646,8.929,8.920545,0.0084552765
4647,8.623,8.272366,0.35063457
4648,8.1255,7.7754784,0.35002136
4649,7.707,7.3396935,0.36730623
4650,7.4119997,6.991157,0.42084265
4651,7.118,6.706511,0.411489
4652,6.9040003,6.4574647,0.4465356
4653,6.7495003,6.268029,0.48147106
4654,6.528,6.051815,0.47618484
4655,6.256,5.915657,0.340343
4656,5.986,5.766025,0.219975
4657,5.918,5.640746,0.2772541
4658,5.716,5.597424,0.11857605
4659,5.716,5.4940653,0.2219348
4660,5.446,5.4127383,0.033261776
4661,5.446,5.362639,0.08336115
4662,5.446,5.2552204,0.19077969
4663,5.25,5.141082,0.10891819
4664,5.184,5.070836,0.11316395
4665,5.184,4.9445667,0.23943329
4666,5.0215,4.843299,0.1782012
4667,4.924,4.762057,0.16194296
4668,4.86,4.695974,0.16402626
4669,4.729,4.9197164,-0.19071627
4670,4.665,4.8777833,-0.21278334
4671,4.665,4.6372185,0.027781487
4672,4.665,5.11356,-0.44856024
4673,5.721,5.428636,0.29236412
4674,5.721,5.582239,0.13876104
4675,5.721,5.67597,0.045030117
4676,5.722,5.6828785,0.039121628
4677,5.722,5.5627813,0.15921879
4678,5.519,5.4694424,0.049557686
4679,5.452,5.341468,0.110532284
4680,5.353,5.198687,0.15431309
4681,5.189,5.09009,0.09891033
4682,5.19,5.0606103,0.12938976
4683,5.19,4.999589,0.19041109
4684,4.9300003,4.937482,-0.007481575
4685,4.9300003,4.878968,0.051032543
4686,4.9300003,4.8908806,0.03911972
4687,4.9309998,4.8831387,0.0478611
4688,4.9309998,4.826172,0.10482788
4689,4.866,4.8009567,0.06504345
4690,4.9309998,4.782651,0.14834881
4691,4.932,4.71761,0.21439028
4692,4.704,4.6403675,0.06363249
4693,4.672,4.543547,0.12845278
4694,4.672,4.521274,0.15072584
4695,4.672,4.466817,0.20518303
4696,4.5745,4.460377,0.11412287
4697,4.477,4.4795623,-0.002562046
4698,4.477,4.413233,0.06376743
4699,4.413,4.410859,0.0021409988
4700,4.674,4.362425,0.31157494
4701,4.674,4.707608,-0.033608437
4702,4.414,4.09378,0.32022
4703,4.414,4.21105,0.20295
4704,4.675,6.0195894,-1.3445892
4705,11.662001,11.066399,0.59560204
4706,11.997001,12.075299,-0.07829857
4707,10.3,10.887073,-0.5870724
4708,9.145,9.641962,-0.4969616
4709,8.4505005,8.716762,-0.2662611
4710,8.069,8.041559,0.027441025
4711,7.764,7.5421076,0.22189236
4712,7.4315,7.2964416,0.1350584
4713,7.137,6.9414396,0.19556046
4714,6.879,6.84874,0.030260086
4715,7.174,7.0930963,0.08090353
4716,7.7279997,7.2155085,0.5124912
4717,7.4329996,7.0710974,0.36190224
4718,7.138,6.7596636,0.37833643
4719,6.844,6.4291134,0.41488647
4720,6.481,6.2561226,0.22487736
4721,6.277,6.0338445,0.24315548
4722,6.007,5.766241,0.2407589
4723,5.939,6.2183247,-0.27932453
4724,7.4350004,6.782634,0.65236664
4725,7.325,6.862096,0.46290398
4726,6.8459997,6.595025,0.25097466
4727,6.551,6.281155,0.269845
4728,6.2790003,5.933403,0.34559727
4729,6.009,5.672715,0.33628464
4730,5.7390003,5.52122,0.21778011
4731,5.6375,5.325702,0.31179762
4732,5.4685,5.1606245,0.30787563
4733,5.2060003,5.022566,0.18343449
4734,5.2060003,4.681838,0.5241623
4735,4.946,4.5182395,0.4277606
4736,4.881,4.1817327,0.6992674
4737,4.7835,4.393649,0.3898511
4738,5.3065,6.348032,-1.041532
4739,9.0795,9.275557,-0.19605637
4740,9.0365,9.338303,-0.30180264
4741,8.193,8.4193535,-0.22635365
4742,7.6990004,7.977149,-0.27814865
4743,7.1829996,7.3807125,-0.1977129
4744,7.146,6.980333,0.16566706
4745,6.9624996,6.9878654,-0.02536583
4746,7.7370005,7.114314,0.6226864
4747,7.59,7.047947,0.5420532
4748,7.148,6.7573094,0.39069033
4749,6.853,6.4679065,0.3850937
4750,6.558,6.158781,0.39921904
4751,6.321,5.928713,0.39228725
4752,6.016,5.7337866,0.2822132
4753,5.848,5.6220436,0.22595644
4754,5.7460003,5.4846277,0.26137257
4755,5.5435,5.3979692,0.1455307
4756,5.476,5.2471905,0.22880936
4757,5.2795,5.1502323,0.1292677
4758,5.214,5.241481,-0.027480602
4759,5.051,5.0569267,-0.005926609
4760,4.954,5.4929504,-0.53895044
4761,4.954,4.5483904,0.4056096
4762,6.02,6.2834125,-0.26341248
4763,6.2904997,8.059251,-1.7687511
4764,10.1775,11.765605,-1.5881052
4765,13.2735,13.8608,-0.58729935
4766,14.4205,13.310223,1.1102772
4767,12.443,12.198456,0.24454403
4768,11.14,11.060226,0.0797739
4769,10.561999,10.19143,0.37056923
4770,9.441,9.557719,-0.116719246
4771,9.1635,8.9505625,0.21293736
4772,8.8905,8.382955,0.5075455
4773,8.3175,7.9489384,0.36856174
4774,7.898,7.6215763,0.27642345
4775,7.635,7.389888,0.24511242
4776,7.451,7.2308693,0.22013092
4777,7.452,7.1839356,0.2680645
4778,7.6735,7.2086477,0.46485233
4779,7.4895,7.1446085,0.34489155
4780,7.379,6.903794,0.47520638
4781,6.863,6.5854683,0.27753162
4782,6.6055,6.280349,0.32515144
4783,6.399,6.032626,0.36637402
4784,6.297,5.8326283,0.46437168
4785,6.0270004,5.6485915,0.3784089
4786,5.7565002,5.5324755,0.22402477
4787,5.52,5.3964033,0.12359667
4788,5.486,5.2594013,0.22659874
4789,5.224,5.12844,0.095560074
4790,5.224,5.0861187,0.13788128
4791,5.224,5.016451,0.2075491
4792,5.127,4.963745,0.16325474
4793,4.9639997,4.676506,0.2874937
4794,4.965,4.748486,0.21651411
4795,4.965,4.313444,0.651556
4796,4.965,4.476286,0.48871422
4797,5.834,6.9742484,-1.1402483
4798,10.3289995,10.666043,-0.33704376
4799,10.209,10.46962,-0.26062012
4800,9.055,9.326112,-0.2711115
4801,8.25,8.325261,-0.075261116
4802,7.7539997,7.638948,0.11505175
4803,7.46,7.0260735,0.43392658
4804,6.9069996,6.5370884,0.3699112
4805,6.576,6.155394,0.42060614
4806,6.304,5.9410152,0.36298466
4807,6.034,5.7383056,0.29569435
4808,5.966,5.65205,0.31395006
4809,5.764,5.6413918,0.122608185
4810,5.73,5.5617857,0.16821432
4811,5.494,5.507407,-0.01340723
4812,5.461,5.6473274,-0.18632746
4813,5.8665,5.931121,-0.06462097
4814,6.002,5.8765683,0.12543154
4815,5.833,5.9717264,-0.13872623
4816,5.833,6.1404457,-0.30744553
4817,6.58,6.220789,0.35921097
4818,6.308,6.153269,0.15473127
4819,6.274,6.0204163,0.2535839
4820,6.038,5.808637,0.22936296
4821,5.8015003,5.656116,0.14538431
4822,5.768,5.575038,0.19296217
4823,5.768,5.4045877,0.36341238
4824,5.498,5.2492332,0.2487669
4825,5.235,5.0536776,0.18132257
4826,5.2025,5.065962,0.13653803
4827,4.975,5.0729046,-0.09790468
4828,4.8775,4.9362063,-0.058706284
4829,4.78,5.059484,-0.2794838
4830,5.237,5.227587,0.0094127655
4831,5.6355,5.2036743,0.43182564
4832,5.237,5.0174,0.2196002
4833,4.977,4.734828,0.24217224
4834,4.7495003,4.539276,0.21022415
4835,4.717,4.3790774,0.33792257
4836,4.5220003,4.2795424,0.24245787
4837,4.394,4.1924596,0.20154047
4838,4.3005,4.137925,0.16257477
4839,4.206,4.1134315,0.0925684
4840,4.206,4.152558,0.053442
4841,4.146,4.9755154,-0.82951546
4842,4.146,3.8570333,0.28896666
4843,4.177,3.972967,0.20403314
4844,4.459,7.1598306,-2.7008305
4845,9.981999,12.312549,-2.3305492
4846,11.3295,13.77967,-2.4501696
4847,11.6185,13.126977,-1.5084772
4848,12.51,11.908889,0.6011114
4849,11.9135,10.83872,1.0747795
4850,10.669001,10.084747,0.5842533
4851,9.8235,9.3795395,0.4439602
4852,9.0315,8.660559,0.37094116
4853,8.3425,8.011672,0.3308277
4854,7.771,7.458251,0.3127489
4855,7.439,6.9795127,0.45948744
4856,7.1075,6.590558,0.516942
4857,6.85,6.331352,0.5186477
4858,6.5585003,6.2347984,0.32370186
4859,6.321,6.14367,0.17733002
4860,6.321,6.2043047,0.116695404
4861,7.0725,6.371976,0.70052433
4862,6.9255,6.4586344,0.46686554
4863,6.7785,6.388223,0.3902769
4864,6.594,6.3541026,0.23989725
4865,6.323,6.3121967,0.010803223
4866,6.323,6.1531267,0.16987324
4867,6.5950003,6.35077,0.24423027
4868,6.8900003,6.8580875,0.031912804
4869,6.8900003,6.100639,0.7893615
4870,6.596,6.1340704,0.4619298
4871,6.67,9.156716,-2.4867163
4872,11.4615,11.570554,-0.10905361
4873,11.048,10.9805,0.067500114
4874,9.8705,9.885488,-0.014987946
4875,9.117,9.012118,0.10488129
4876,8.617,8.29013,0.32686996
4877,8.082,7.74856,0.33343983
4878,7.778,7.268633,0.509367
4879,7.3725,6.860653,0.511847
4880,6.894,6.573575,0.32042503
4881,6.7105,6.3053885,0.4051113
4882,6.6,6.1166644,0.4833355
4883,6.328,5.993103,0.33489704
4884,6.227,5.841725,0.38527536
4885,6.058,5.703904,0.35409594
4886,5.788,5.591153,0.19684696
4887,5.619,5.4218025,0.19719744
4888,5.518,5.261796,0.25620413
4889,5.256,5.1212363,0.13476372
4890,5.255,4.961345,0.29365492
4891,5.0605,4.8385143,0.22198582
4892,4.9960003,4.694566,0.30143452
4893,4.866,4.5732117,0.2927885
4894,4.736,4.42037,0.31562996
4895,4.541,4.327596,0.2134037
4896,4.476,4.2135477,0.26245213
4897,4.288,4.099194,0.18880606
4898,4.225,4.0546465,0.17035341
4899,4.225,3.997528,0.22747183
4900,4.042,3.9282591,0.11374068
4901,3.982,3.8565826,0.12541747
4902,3.982,3.8189018,0.16309834
4903,3.921,3.7813983,0.13960171
4904,3.769,3.7053576,0.0636425
4905,3.739,3.6485183,0.09048176
4906,3.739,3.6097813,0.12921882
4907,3.709,3.5544405,0.15455961
4908,3.496,3.479504,0.016495943
4909,3.496,3.4196975,0.07630253
4910,3.496,3.3759613,0.12003875
4911,3.323,3.3430223,-0.020022392
4912,3.265,3.3087752,-0.04377508
4913,3.265,3.2532864,0.011713743
4914,3.265,3.2029455,0.062054634
4915,3.266,3.1620495,0.1039505
4916,3.107,3.1298196,-0.022819519
4917,3.0540001,3.0912545,-0.037254333
4918,3.0540001,3.0368671,0.017132998
4919,3.055,2.9979908,0.05700922
4920,3.0285,2.9542553,0.07424474
4921,2.9495,2.9159772,0.033522844
4922,2.8960001,2.8924708,0.0035293102
4923,2.8960001,2.8583508,0.037649393
4924,2.844,2.7873523,0.056647778
4925,2.844,2.7231154,0.12088466
4926,2.818,2.6735756,0.14442444
4927,2.712,2.646456,0.06554389
4928,2.633,2.3533719,0.27962804
4929,2.633,2.347961,0.28503895
4930,2.633,2.5070944,0.12590551
4931,2.6605,2.6148381,0.045661926
4932,2.687,2.604378,0.08262205
4933,2.634,2.5444422,0.089557886
4934,2.5300002,2.4934864,0.036513805
4935,2.4780002,2.427518,0.050482273
4936,2.426,2.4044213,0.021578789
4937,2.426,2.3937135,0.032286644
4938,2.427,2.4106483,0.0163517
4939,2.479,2.4183378,0.06066227
4940,2.48,2.3771439,0.10285616
4941,2.428,2.3830476,0.044952393
4942,2.428,2.421614,0.0063860416
4943,2.428,2.4493418,-0.0213418
4944,2.429,2.4587245,-0.029724598
4945,2.429,2.44503,-0.016030073
4946,2.429,2.4651957,-0.036195755
4947,2.4300003,2.5660968,-0.13609648
4948,2.4055,2.644808,-0.23930812
4949,2.4055,2.6763158,-0.27081585
4950,2.667,2.6907616,-0.02376151
4951,2.8530002,2.6539946,0.1990056
4952,2.6675,2.6161199,0.051380157
4953,2.641,2.5750299,0.06597018
4954,2.5890002,2.5308626,0.058137655
4955,2.5890002,2.495929,0.09307122
4956,2.5630002,2.473738,0.08926225
4957,2.5110002,2.458384,0.05261612
4958,2.4335,2.4499536,-0.016453505
4959,2.434,2.4472628,-0.013262749
4960,2.434,2.4378903,-0.003890276
4961,2.434,2.4071064,0.026893616
4962,2.434,2.4120846,0.021915436
4963,2.435,2.4502804,-0.015280485
4964,2.3860002,2.5567997,-0.1707995
4965,2.2885,2.926034,-0.6375339
4966,3.0695,3.2913916,-0.22189164
4967,3.2295,3.4449403,-0.21544027
4968,3.0700002,3.7029636,-0.6329634
4969,4.7925,3.8325324,0.9599676
4970,4.5985003,3.7063293,0.8921709
4971,3.76,3.4541595,0.3058405
4972,3.342,3.2646093,0.07739067
4973,3.2580001,2.9652345,0.29276562
4974,3.073,2.7963185,0.27668142
4975,3.073,2.9278088,0.1451912
4976,3.073,3.499255,-0.426255
4977,4.006,4.2870784,-0.28107834
4978,4.5345,4.4754686,0.059031487
4979,4.4395,5.076679,-0.6371794
4980,5.255,5.933331,-0.6783309
4981,6.7845,5.645658,1.1388421
4982,6.0215,5.451926,0.5695739
4983,5.1875,5.1188912,0.06860876
4984,4.699,4.71512,-0.016119957
4985,4.5365,4.792881,-0.25638103
4986,5.718,5.0347214,0.68327856
4987,5.6165,5.072397,0.54410267
4988,5.2545,4.8880396,0.36646032
4989,4.896,4.6059504,0.29004955
4990,4.7015,4.4182487,0.2832513
4991,4.5065002,4.2386017,0.26789856
4992,4.412,4.126351,0.2856493
4993,4.256,4.2178054,0.038194656
4994,4.2255,4.0846972,0.14080286
4995,4.134,4.4222455,-0.28824568
4996,4.866,5.1084757,-0.24247551
4997,5.823,5.5280166,0.2949834
4998,5.553,5.4525466,0.10045338
4999,5.29,5.195967,0.094032764
5000,5.0299997,4.863703,0.16629696
5001,4.835,4.644946,0.19005394
5002,4.77,4.5244856,0.2455144
5003,4.738,4.4087315,0.32926846
5004,4.511,4.3312263,0.17977381
5005,4.511,4.2233796,0.28762054
5006,4.386,4.1337047,0.2522955
5007,4.26,4.0280356,0.23196459
5008,4.199,3.9307988,0.2682011
5009,4.017,3.846391,0.17060924
5010,3.9865,3.7334888,0.25301123
5011,3.8035002,3.6716855,0.13181472
5012,3.773,3.7278392,0.04516077
5013,3.621,3.7352843,-0.11428428
5014,3.53,3.8131416,-0.2831416
5015,3.776,3.881227,-0.10522699
5016,3.897,3.8995106,-0.0025105476
5017,3.958,3.9037223,0.05427766
5018,4.019,4.242815,-0.22381496
5019,3.989,4.17075,-0.18175006
5020,3.8065,4.185319,-0.378819
5021,3.898,4.395177,-0.4971769
5022,5.0695,4.3951254,0.6743746
5023,4.517,4.267266,0.2497344
5024,4.329,4.092983,0.23601723
5025,4.1135,3.9449813,0.16851878
5026,4.022,3.8572147,0.16478515
5027,3.9305,3.806975,0.12352514
5028,3.8395,3.7584264,0.08107352
5029,3.779,3.694635,0.08436513
5030,3.779,3.6596286,0.119371414
5031,3.749,3.6247137,0.12428641
5032,3.657,3.592378,0.064622164
5033,3.536,3.572954,-0.036953926
5034,3.536,3.5576718,-0.021671772
5035,3.5370002,3.5343049,0.002695322
5036,3.5370002,3.4868555,0.050144672
5037,3.5370002,3.4459145,0.09108567
5038,3.479,3.4082496,0.070750475
5039,3.3930001,3.378365,0.014635086
5040,3.306,3.3625462,-0.05654621
5041,3.306,3.358617,-0.052617073
5042,3.3070002,3.3603098,-0.05330968
5043,3.3070002,3.3612962,-0.054296017
5044,3.3070002,3.3200657,-0.013065577
5045,3.308,3.273777,0.03422308
5046,3.308,3.2286396,0.079360485
5047,3.2555,3.1897979,0.0657022
5048,3.1490002,3.1633828,-0.014382601
5049,3.0970001,3.1516533,-0.054653168
5050,3.0970001,3.1237557,-0.026755571
5051,3.0970001,3.0641477,0.03285241
5052,3.098,3.0139537,0.084046364
5053,3.098,2.970481,0.12751913
5054,2.9390001,2.9387383,0.0002617836
5055,2.8860002,2.9230962,-0.037096024
5056,2.887,2.9196863,-0.032686234
5057,2.887,2.9200144,-0.033014297
5058,2.887,2.9008393,-0.013839245
5059,2.887,2.841665,0.045335054
5060,2.888,2.7800815,0.1079185
5061,2.835,2.7308738,0.104126215
5062,2.782,2.6950078,0.086992264
5063,2.677,2.676105,0.00089502335
5064,2.677,2.6436,0.03340006
5065,2.677,2.5892336,0.08776641
5066,2.677,2.5498836,0.12711644
5067,2.6515002,2.421665,0.22983527
5068,2.521,2.3228989,0.19810104
5069,2.469,2.318678,0.1503222
5070,2.5475001,2.328321,0.21917915
5071,2.574,2.2584667,0.31553316
5072,2.4700003,2.198011,0.27198935
5073,2.4705,2.2078838,0.26261616
5074,2.4970002,2.3844345,0.112565756
5075,2.5760002,2.6333613,-0.057361126
5076,2.6020002,2.8782005,-0.2762003
5077,2.6810002,3.414866,-0.73386574
5078,2.894,4.129232,-1.2352319
5079,3.9490001,4.458433,-0.50943303
5080,4.284,4.708754,-0.42475414
5081,4.347,5.105155,-0.75815487
5082,5.884,5.4182177,0.46578217
5083,6.29,5.1406717,1.1493282
5084,5.317,4.5743976,0.74260235
5085,4.601,4.1608458,0.44015408
5086,4.133,3.8648055,0.26819444
5087,3.92,3.691038,0.22896218
5088,3.798,3.6260507,0.17194939
5089,3.7675002,3.5981643,0.16933584
5090,3.5845,3.5633671,0.021132946
5091,3.555,3.5185568,0.036443233
5092,3.555,3.4768963,0.07810378
5093,3.526,3.464381,0.061619043
5094,3.44,3.4919276,-0.051927567
5095,3.3240001,3.5083544,-0.1843543
5096,3.3535001,3.5325184,-0.17901826
5097,3.556,3.4451094,0.11089063
5098,3.5570002,3.3981705,0.15882969
5099,3.5570002,3.1488621,0.40813804
5100,3.275,2.975284,0.299716
5101,3.114,3.173538,-0.059537888
5102,3.3285,3.793874,-0.465374
5103,4.2925,4.6684732,-0.37597322
5104,5.3245,4.931322,0.393178
5105,5.1615,4.5884275,0.57307243
5106,4.5115,4.148575,0.36292505
5107,4.17,3.8577197,0.31228042
5108,4.048,3.67647,0.37152982
5109,3.8040001,3.5372586,0.2667415
5110,3.561,3.4619923,0.099007845
5111,3.561,3.4086208,0.15237927
5112,3.4455001,3.3368256,0.108674526
5113,3.3300002,3.2721958,0.057804346
5114,3.3300002,3.1750066,0.15499353
5115,3.277,3.0821576,0.19484234
5116,3.1185,3.0155919,0.102908134
5117,3.066,2.9604251,0.105574846
5118,2.907,2.8884766,0.018523455
5119,2.907,2.8160658,0.09093428
5120,2.907,2.764111,0.14288902
5121,2.828,2.724307,0.10369301
5122,2.7220001,2.6616936,0.06030655
5123,2.696,2.5946703,0.1013298
5124,2.696,2.5498939,0.14610624
5125,2.6445,2.5181875,0.1263125
5126,2.566,2.4996338,0.066366196
5127,2.4880002,2.3398137,0.14818645
5128,2.4880002,2.2919073,0.19609284
5129,2.489,2.368875,0.120125055
5130,2.489,2.3202286,0.1687715
5131,2.489,2.1112726,0.3777275
5132,2.4895,2.1126187,0.37688136
5133,2.49,2.3844242,0.1055758
5134,2.49,2.5428724,-0.05287242
5135,2.4905,2.536046,-0.045546055
5136,2.4910002,2.4975863,-0.006586075
5137,2.4175,2.4688542,-0.05135417
5138,2.295,2.4582572,-0.16325712
5139,2.2955,2.5165043,-0.22100425
5140,2.492,2.7666435,-0.27464342
5141,2.4925,2.9931371,-0.50063705
5142,2.493,3.168882,-0.67588186
5143,2.968,3.3630748,-0.39507484
5144,3.6330001,3.5257242,0.10727596
5145,3.877,3.5367837,0.3402164
5146,3.6025,3.4616299,0.1408701
5147,3.3145,3.175701,0.13879919
5148,3.2615001,2.9202492,0.3412509
5149,3.1820002,3.2712886,-0.08928847
5150,3.236,3.5089993,-0.2729993
5151,3.342,4.320777,-0.97877693
5152,4.852,5.247516,-0.39551592
5153,6.0415,5.242641,0.7988591
5154,5.471,4.6059175,0.86508274
5155,4.6565,4.0280232,0.6284766
5156,4.125,3.664037,0.460963
5157,3.698,3.399648,0.298352
5158,3.547,3.254113,0.29288697
5159,3.345,3.13131,0.21369004
5160,3.2125,3.0547245,0.15777564
5161,3.1330001,2.978288,0.1547122
5162,3.027,2.8831286,0.1438713
5163,2.921,2.8090372,0.111962795
5164,2.921,2.758297,0.16270304
5165,2.7625,2.7270577,0.035442352
5166,2.71,2.7023578,0.007642269
5167,2.71,2.6384032,0.07159686
5168,2.71,2.5861843,0.123815775
5169,2.711,2.548492,0.16250801
5170,2.58,2.5204697,0.05953026
5171,2.5295,2.506364,0.0231359
5172,2.503,2.506373,-0.0033729076
5173,2.503,2.6229439,-0.11994386
5174,2.503,2.7576408,-0.25464082
5175,2.5040002,2.931704,-0.42770386
5176,2.713,3.0587583,-0.3457582
5177,2.926,3.1174998,-0.19149971
5178,3.112,3.116193,-0.0041930676
5179,3.1385002,3.0601509,0.07834935
5180,3.086,2.943227,0.14277291
5181,3.033,2.8457978,0.18720222
5182,2.927,2.7606235,0.16637659
5183,2.7680001,2.6517797,0.116220474
5184,2.716,2.5827723,0.13322783
5185,2.716,2.5425868,0.17341328
5186,2.612,2.5173616,0.09463835
5187,2.508,2.4744945,0.03350544
5188,2.508,2.4316046,0.07639527
5189,2.508,2.3982291,0.109770775
5190,2.4835,2.372533,0.11096692
5191,2.361,2.3563857,0.004614353
5192,2.3130002,2.3339162,-0.020915985
5193,2.3130002,2.3254805,-0.012480259
5194,2.3140001,2.3324223,-0.018422127
5195,2.2895002,2.3373818,-0.047881603
5196,2.2405,2.3447883,-0.10428834
5197,2.3145,2.2705638,0.043936253
5198,2.315,2.1344953,0.1805048
5199,2.315,2.178537,0.13646317
5200,2.3155003,2.2990773,0.016422987
5201,2.3645,2.3583794,0.0061206818
5202,2.316,2.3396668,-0.023666859
5203,2.316,2.2877395,0.02826047
5204,2.292,2.2409766,0.051023483
5205,2.219,2.208623,0.010377169
5206,2.1215,2.1926293,-0.07112932
5207,2.122,2.1151395,0.0068604946
5208,2.122,2.0220184,0.09998155
5209,2.122,1.9838507,0.13814926
5210,2.1230001,1.9672434,0.15575671
5211,2.1230001,1.9331558,0.18984437
5212,1.8545,1.8932594,-0.03875935
5213,1.7320001,1.8648517,-0.1328516
5214,1.7320001,1.8511817,-0.11918163
5215,1.733,1.8473644,-0.114364386
5216,1.733,1.8478348,-0.114834785
5217,1.733,1.8493168,-0.116316795
5218,1.733,1.8413758,-0.10837579
5219,1.7340002,1.8326972,-0.09869695
5220,1.7340002,1.8153803,-0.08138013
5221,1.7340002,1.7882543,-0.054254055
5222,1.694,1.7595267,-0.065526724
5223,1.694,1.7366159,-0.04261589
5224,1.6120002,1.721473,-0.10947275
5225,1.6120002,1.712776,-0.10077572
5226,1.5710001,1.7088223,-0.13782215
5227,1.572,1.7079837,-0.1359837
5228,1.572,1.7083063,-0.13630629
5229,1.572,1.7068806,-0.13488054
5230,1.5730002,1.6946683,-0.1216681
5231,1.5730002,1.6632533,-0.090253115
5232,1.5730002,1.6204505,-0.047450304
5233,1.553,1.5915303,-0.03853035
5234,1.4920001,1.5738711,-0.08187103
5235,1.4100001,1.5692449,-0.15924478
5236,1.4100001,1.6580095,-0.24800944
5237,1.4100001,1.7205362,-0.31053615
5238,1.4100001,1.6093087,-0.19930863
5239,1.5960002,1.5180566,0.07794356
5240,1.7410002,1.5382257,0.20277452
5241,1.7410002,1.864002,-0.123001814
5242,1.937,1.9924947,-0.055494666
5243,1.937,1.9355907,0.0014092922
5244,1.8885001,1.8733504,0.015149713
5245,1.7665,1.8493798,-0.08287978
5246,1.5780001,1.8375208,-0.25952077
5247,1.5780001,1.82336,-0.2453599
5248,1.743,1.8899322,-0.14693213
5249,1.743,1.9704047,-0.22740471
5250,1.7440002,2.0530415,-0.30904126
5251,1.94,2.1137197,-0.17371964
5252,2.0135002,2.14748,-0.1339798
5253,2.038,2.162858,-0.1248579
5254,2.088,2.1325402,-0.044540167
5255,2.088,2.0859196,0.0020804405
5256,2.088,2.024562,0.06343818
5257,2.04,1.987956,0.052043915
5258,1.893,1.9839058,-0.090905786
5259,1.893,1.964854,-0.071853995
5260,1.894,1.9494435,-0.055443406
5261,1.894,1.9558343,-0.061834216
5262,1.8460002,1.956509,-0.1105088
5263,1.7969999,1.931921,-0.13492107
5264,1.8215001,1.9164169,-0.09491682
5265,1.8950001,1.9628961,-0.06789601
5266,1.8464999,2.0403178,-0.19381785
5267,1.7490001,2.140716,-0.391716
5268,1.8965001,2.2490482,-0.35254812
5269,2.068,2.356646,-0.28864598
5270,2.191,2.3945801,-0.20358014
5271,2.3385,2.3922715,-0.053771496
5272,2.486,2.3441682,0.14183187
5273,2.4615002,2.2917414,0.1697588
5274,2.3390002,2.248403,0.09059715
5275,2.193,2.2131352,-0.020135164
5276,2.144,2.1704707,-0.026470661
5277,2.144,2.1233864,0.02061367
5278,2.144,2.0880408,0.055959225
5279,2.047,2.0628762,-0.015876293
5280,1.998,2.047546,-0.049545884
5281,1.95,2.0409565,-0.09095645
5282,1.95,2.0747173,-0.124717236
5283,1.95,2.1162415,-0.1662414
5284,1.9505,2.0834808,-0.13298082
5285,1.9750001,2.113041,-0.13804078
5286,2.1470003,2.2451577,-0.098157406
5287,2.1470003,2.3031802,-0.1561799
5288,2.344,2.3090062,0.034993887
5289,2.344,2.2649922,0.079007864
5290,2.2710001,2.1789227,0.09207749
5291,2.1490002,2.0756261,0.07337403
5292,2.1490002,1.943085,0.20591521
5293,2.1490002,1.9094471,0.2395531
5294,2.15,1.9899983,0.16000175
5295,2.15,2.1724572,-0.022457123
5296,2.15,2.2866535,-0.13665342
5297,2.249,2.2656972,-0.016697168
5298,2.249,2.2193182,0.029681921
5299,2.151,2.210185,-0.059185028
5300,2.152,2.1177084,0.034291506
5301,2.348,2.1159682,0.23203182
