sample,actual,predicted,residual
7100,1.2999583333333333,1.900999165061474,-0.6010408317281406
7101,1.2700625,1.4853999950000412,-0.21533749500004107
7102,1.211,1.7736124995191045,-0.5626124995191044
7103,1.2904791666666666,1.435579796577946,-0.14510062991127937
7104,1.2097916666666666,1.3576456896728697,-0.1478540230062031
7105,1.2098125,1.5270520538502594,-0.3172395538502595
7106,1.1762916666666667,1.4137044015244968,-0.2374127348578301
7107,1.1865833333333333,1.4430819404755986,-0.25649860714226524
7108,1.1744791666666667,1.3445179648429826,-0.17003879817631584
7109,1.9234583333333333,1.7454731445057428,0.1779851888275905
7110,1.8900833333333333,1.5052371556775046,0.38484617765582874
7111,1.6651875,1.3389830060182037,0.3262044939817963
7112,1.5151875000000004,1.2506901117205866,0.2644973882794137
7113,1.4241041666666667,1.3165370871140423,0.10756707955262446
7114,1.4247708333333329,1.447153168338139,-0.02238233500480602
7115,1.5123750000000002,2.212651855222613,-0.7002768552226126
7116,1.6812291666666666,2.6474116877515725,-0.966182521084906
7117,1.8243541666666667,2.22841094592834,-0.40405677926167316
7118,1.8706458333333333,1.5000835269321704,0.37056230640116294
7119,1.75675,1.5615343045474117,0.19521569545258832
7120,1.651625,1.4678246250620666,0.18380037493793333
7121,1.6413125,2.0047857070906048,-0.3634732070906048
7122,1.6155000000000002,2.4926031620236726,-0.8771031620236724
7123,1.8008541666666666,2.5897563423153986,-0.788902175648732
7124,2.122875,1.9141005780607205,0.20877442193927953
7125,2.4264375,1.7884066810420836,0.6380308189579165
7126,2.952833333333334,1.5500408689278606,1.4027924644054732
7127,2.751979166666667,1.5329863378858275,1.2189928287808396
7128,2.5457291666666664,1.5655404648161677,0.9801887018504987
7129,2.7808958333333336,2.8567036581223646,-0.07580782478903103
7130,2.4699583333333335,2.924884983105089,-0.45492664977175545
7131,2.5223333333333335,3.1265581414423242,-0.6042248081089907
7132,2.621020833333333,3.0393014666136815,-0.41828063328034837
7133,3.0242291666666667,2.694412287758704,0.32981687890796296
7134,3.0099375,2.984261228655604,0.025676271344396095
7135,2.5244583333333335,2.726263354609103,-0.20180502127576938
7136,2.4983541666666667,3.035207055597328,-0.5368528889306612
7137,4.4691875,2.9496637275323434,1.519523772467657
7138,5.200666666666667,3.1811539955318953,2.0195126711347715
7139,4.570083333333333,3.5850627043057117,0.9850206290276211
7140,3.7170624999999995,3.1878279743737448,0.5292345256262547
7141,3.8040416666666665,3.328454919989569,0.4755867466770973
7142,3.7584583333333335,3.936450575026482,-0.17799224169314876
7143,3.356833333333333,4.393445539472108,-1.0366122061387748
7144,3.0059583333333335,4.9177010810636155,-1.911742747730282
7145,2.8562916666666673,3.69724415489367,-0.8409524882270025
7146,2.871770833333334,4.333192410712116,-1.4614215773787822
7147,3.3903125000000003,4.499264986678114,-1.1089524866781133
7148,4.7989375,4.090144335323094,0.7087931646769059
7149,5.612375,4.484874772587295,1.127500227412705
7150,5.444,4.09661354814514,1.3473864518548604
7151,4.8115,4.083087913795695,0.7284120862043046
7152,4.605145833333333,5.334836264188384,-0.7296904308550509
7153,4.4249374999999995,5.769345664532225,-1.3444081645322257
7154,4.454770833333334,5.310483797604307,-0.8557129642709729
7155,5.024875000000001,5.44274848494324,-0.4178734849432395
7156,6.334875,6.134505033057159,0.2003699669428416
7157,4.700270833333334,5.570668875565434,-0.8703980422321003
7158,4.141375,5.05023430575985,-0.90885930575985
7159,4.052541666666667,5.262004875605248,-1.2094632089385806
7160,3.979604166666667,5.605429999925649,-1.6258258332589821
7161,3.8461041666666667,6.291917904296224,-2.4458137376295577
7162,3.5630624999999996,5.8344216993681,-2.2713591993681006
7163,3.595583333333334,4.764073647959654,-1.16849031462632
7164,3.8804375000000007,4.137417288012242,-0.2569797880122411
7165,4.191541666666667,4.524236836479084,-0.33269516981241765
7166,4.710791666666666,4.71001873891149,0.0007729277551762337
7167,4.26,3.9809262968645824,0.27907370313541735
7168,4.294041666666667,3.978791311385494,0.31525035528117273
7169,4.46575,4.505956215637646,-0.040206215637645926
7170,5.618458333333333,4.444585143157294,1.1738731901760389
7171,6.140208333333334,5.1791288465552325,0.9610794867781012
7172,6.618750000000001,4.917257998170747,1.701492001829254
7173,7.921354166666667,4.051824991871386,3.8695291747952814
7174,10.516666666666667,4.7767129393699586,5.739953727296709
7175,9.450083333333334,6.26170235626115,3.1883809770721836
7176,7.631875000000001,5.961653266836901,1.6702217331630997
7177,7.0078125,5.970435186754131,1.0373773132458686
7178,6.209395833333333,5.884580611372627,0.3248152219607059
7179,5.561208333333333,7.163358641753206,-1.6021503084198727
7180,5.106208333333334,7.264289284392558,-2.1580809510592243
7181,4.930729166666667,7.063609858171803,-2.132880691505137
7182,5.921375,7.381328986081896,-1.4599539860818957
7183,7.868312499999999,7.069930831824691,0.798381668175308
7184,6.382416666666667,6.498147223592563,-0.11573055692589573
7185,5.2718750000000005,5.366047134459782,-0.09417213445978145
7186,4.3890416666666665,5.745220281111224,-1.3561786144445573
7187,6.690562500000001,6.629804368916094,0.06075813108390715
7188,14.4441875,5.714818234268487,8.729369265731513
7189,12.5538125,7.160523589340877,5.393288910659122
7190,11.299166666666666,6.024923403313186,5.274243263353481
7191,9.7765,5.522681282628863,4.2538187173711375
7192,10.289125,6.421885729960446,3.867239270039554
7193,7.541437500000001,6.95655872343755,0.5848787765624506
7194,7.0200000000000005,7.342823391168761,-0.32282339116876013
7195,7.332708333333334,8.006698994600002,-0.6739906612666688
7196,6.052125,8.62565472649246,-2.5735297264924597
7197,5.702520833333335,10.537346736432825,-4.834825903099491
7198,5.573291666666667,8.338621574890345,-2.765329908223678
7199,5.500291666666667,6.356562071649115,-0.8562704049824488
7200,5.822770833333333,8.290947758184204,-2.468176924850871
7201,6.682375,7.165301126398991,-0.4829261263989908
7202,6.898083333333335,5.746252667467247,1.151830665866088
7203,7.007604166666667,6.39992639921774,0.6076777674489264
7204,7.523583333333335,6.043835388397935,1.4797479449353999
7205,8.242833333333333,5.829765089947772,2.4130682433855615
7206,8.831708333333333,5.948942244090399,2.882766089242934
7207,9.221416666666666,6.403564068503089,2.8178525981635776
7208,11.260687500000001,6.677695853921819,4.582991646078182
7209,10.1165,6.779509270419724,3.3369907295802763
7210,9.882104166666666,7.287578278222823,2.594525888443843
7211,10.253395833333334,7.534194221464551,2.719201611868783
7212,9.526125,7.413404530498748,2.1127204695012525
7213,9.764125,8.29857921812546,1.4655457818745408
7214,11.419166666666664,9.36872045067394,2.0504462159927233
7215,13.20675,9.645171003032248,3.561578996967752
7216,10.920250000000001,10.126117584124984,0.7941324158750174
7217,9.404499999999999,9.653473045044661,-0.24897304504466256
7218,11.966187500000002,10.108608924734359,1.8575785752656433
7219,14.5108125,9.294711377700816,5.216101122299184
7220,14.386770833333332,9.411720323098123,4.975050510235208
7221,12.190437500000002,9.026145778493335,3.1642917215066664
7222,12.252291666666666,8.685980121977275,3.566311544689391
7223,10.229083333333334,9.587598736680054,0.6414845966532798
7224,8.745041666666667,8.658368905526352,0.0866727611403153
7225,7.718666666666667,9.28539237288997,-1.5667257062233029
7226,7.387375000000001,7.803648348390259,-0.4162733483902574
7227,7.8847499999999995,8.340073169506455,-0.4553231695064559
7228,7.342770833333333,8.409955409677629,-1.067184576344296
7229,6.820333333333333,8.520737745460384,-1.7004044121270505
7230,6.444375,7.9096011777105035,-1.4652261777105036
7231,6.344500000000001,8.318213263176407,-1.973713263176406
7232,6.907229166666667,8.56468749058636,-1.657458323919693
7233,7.191645833333333,7.90630852313684,-0.7146626898035064
7234,6.648166666666666,7.665953798024865,-1.0177871313581992
7235,6.3651875,7.812904206902219,-1.4477167069022192
7236,6.154354166666667,7.447048977857202,-1.2926948111905352
7237,7.298020833333333,7.741025301244754,-0.4430044679114209
7238,6.681020833333332,7.648654872669308,-0.9676340393359757
7239,5.753562500000001,7.175176057130616,-1.4216135571306152
7240,5.0512500000000005,6.285933149415015,-1.2346831494150141
7241,4.658083333333333,7.069312411908487,-2.411229078575154
7242,4.3875,6.2813801915335326,-1.8938801915335324
7243,4.1094375,7.4304363745268915,-3.3209988745268912
7244,4.002541666666667,5.693941841170669,-1.6914001745040022
7245,3.861083333333333,5.047621581595808,-1.1865382482624751
7246,3.7956875,5.2160352237605885,-1.4203477237605884
7247,3.7983541666666665,4.700639183631001,-0.9022850169643344
7248,3.8185,4.533955871421495,-0.7154558714214949
7249,3.716583333333333,4.496200177290143,-0.7796168439568105
7250,3.463270833333334,4.45236096696536,-0.9890901336320259
7251,3.8608333333333333,4.433715352190669,-0.5728820188573356
7252,3.9337291666666663,4.929925108105487,-0.9961959414388208
7253,3.6671874999999994,4.733021792982666,-1.0658342929826667
7254,3.400354166666667,4.436218826687398,-1.035864660020731
7255,3.1915416666666663,4.163994226165915,-0.9724525594992488
7256,3.6278333333333337,4.258545904461114,-0.6307125711277801
7257,3.1651666666666665,6.265712167175852,-3.100545500509186
7258,3.2288125,5.196323816864004,-1.9675113168640035
7259,3.7781041666666666,4.033835035346353,-0.25573086867968664
7260,3.316770833333333,3.90846194247803,-0.5916911091446968
7261,2.9978541666666665,3.882389471998012,-0.8845353053313456
7262,3.495708333333333,3.849022840727156,-0.3533145073938231
7263,3.3361041666666664,3.9111576420834404,-0.575053475416774
7264,3.1794375,4.116957840607304,-0.9375203406073038
7265,3.1067291666666663,3.9203484822397923,-0.813619315573126
7266,2.8275833333333336,3.6417945955416204,-0.8142112622082869
7267,2.6278124999999997,4.1178473259356965,-1.4900348259356968
7268,2.6186458333333333,3.6063258709598056,-0.9876800376264723
7269,2.75475,3.676800523413167,-0.9220505234131671
7270,3.738666666666667,3.5975964738008894,0.1410701928657776
7271,3.5413750000000004,3.17237124485434,0.3690037551456604
7272,3.3392916666666665,2.6121593521838373,0.7271323144828292
7273,3.1626250000000002,2.8216000727329877,0.3410249272670125
7274,3.125229166666667,3.48540010485765,-0.3601709381909828
7275,3.1703541666666673,5.162245504957582,-1.9918913382909147
7276,3.4135000000000004,5.579331319419856,-2.1658313194198553
7277,5.507333333333334,4.049703042936631,1.457630290396703
7278,6.2665625,4.233370539571463,2.033191960428537
7279,12.025895833333331,4.102756241941718,7.923139591391614
7280,9.781541666666667,4.395111578569849,5.386430088096819
7281,9.080854166666667,3.909914586413385,5.170939580253282
7282,5.907625,3.929436532925225,1.9781884670747751
7283,5.071916666666667,4.920001057368702,0.15191560929796477
7284,4.500958333333333,6.487592075828582,-1.9866337424952487
7285,5.2799375,6.5208630108657095,-1.2409255108657096
7286,4.697604166666666,6.185184044660409,-1.4875798779937428
7287,5.222416666666666,6.024040916054405,-0.8016242493877392
7288,5.442166666666668,5.132404856088788,0.3097618105778803
7289,5.013541666666667,5.260096543696224,-0.24655487702955714
7290,4.524291666666667,5.867662770573003,-1.3433711039063363
7291,4.437458333333333,5.797451178911514,-1.359992845578181
7292,5.118979166666667,5.895945629657531,-0.7769664629908641
7293,8.262749999999999,6.364634023052336,1.898115976947663
7294,9.318624999999999,5.87422166711953,3.4444033328804693
7295,11.563520833333333,5.052822675325014,6.51069815800832
7296,10.413104166666667,4.673438741372037,5.73966542529463
7297,8.884020833333333,4.145866356198082,4.73815447713525
7298,7.956770833333334,7.039557836962606,0.9172129963707274
7299,6.758479166666667,7.057340020229201,-0.2988608535625348
7300,5.426083333333334,7.013077169032637,-1.5869938356993032
7301,5.119208333333333,7.595510263633937,-2.476301930300604
7302,4.380708333333334,8.739804117113744,-4.35909578378041
7303,4.167020833333333,7.129566813399457,-2.962545980066124
7304,4.11325,6.62435514847113,-2.51110514847113
7305,3.7371666666666665,6.3087488010732695,-2.571582134406603
7306,3.3147291666666665,6.723193328535708,-3.4084641618690417
7307,3.2077499999999994,5.719301927593116,-2.5115519275931164
7308,3.1445416666666666,5.227927365810257,-2.0833856991435904
7309,2.9650625,5.040018425464488,-2.0749559254644883
7310,3.1789166666666673,4.0529302630559325,-0.8740135963892652
7311,3.889729166666667,5.126400396835732,-1.2366712301690646
7312,3.3398750000000006,3.947200294459935,-0.6073252944599346
7313,3.172041666666667,3.888636522370076,-0.7165948557034092
7314,5.445104166666667,3.854051740409159,1.5910524262575079
7315,4.2375625,5.264230912188139,-1.0266684121881386
7316,3.708604166666666,3.9810484386526666,-0.2724442719860005
7317,3.4104375000000005,3.843850973202842,-0.4334134732028416
7318,3.1865,3.9041689956903305,-0.7176689956903304
7319,2.96025,3.797595796760543,-0.8373457967605433
7320,2.7587291666666665,5.137735212484288,-2.3790060458176217
7321,2.573604166666667,4.323087546008971,-1.7494833793423035
7322,2.4715208333333334,4.031954629836904,-1.5604337965035708
7323,2.349020833333333,4.0220563729186525,-1.6730355395853196
7324,2.4276250000000004,4.0277866305689365,-1.6001616305689361
7325,2.304104166666667,3.6043416377614523,-1.3002374710947855
7326,2.0203124999999997,4.688601361193833,-2.6682888611938336
7327,2.0297916666666667,3.507891084866087,-1.4780994181994203
7328,2.5476666666666667,2.7693811642493564,-0.22171449758268968
7329,2.7139791666666664,2.8370211193157306,-0.12304195264906426
7330,3.2391875,2.6294297571633525,0.6097577428366474
7331,3.3529166666666668,2.524434856473829,0.8284818101928377
7332,3.2579583333333333,2.2264874969242197,1.0314708364091136
7333,3.022770833333334,3.078308552782598,-0.05553771944926433
7334,2.9678541666666667,2.772128564162597,0.19572560250406967
7335,4.519854166666668,3.280712226492544,1.2391419401741235
7336,3.1676041666666666,3.3321304673585592,-0.16452630069189267
7337,2.8921666666666668,3.743937696457422,-0.851771029790755
7338,2.6542708333333334,3.6755266282842394,-1.021255794950906
7339,2.7693125,2.8792676694487005,-0.10995516944870065
7340,2.9764375000000007,4.702310030976981,-1.72587253097698
7341,3.1871875000000003,4.35057779018984,-1.1633902901898399
7342,2.9957499999999997,3.4180332102887263,-0.4222832102887266
7343,2.7714374999999998,2.9885746441634495,-0.21713714416344976
7344,2.6494375000000003,2.9907501682423963,-0.3413126682423959
7345,2.56,4.612264499017282,-2.0522644990172823
7346,2.3918541666666666,3.69022083468991,-1.2983666680232435
7347,2.228270833333333,4.34538818098352,-2.117117347650187
7348,2.0526666666666666,3.2229945013245276,-1.170327834657861
7349,1.9947708333333332,2.756767907265313,-0.7619970739319799
7350,2.0591458333333335,2.8539436549754686,-0.7947978216421352
7351,2.247458333333334,2.36457423857348,-0.11711590524014603
7352,2.150395833333333,2.344418698227035,-0.1940228648937019
7353,2.2114583333333333,2.319200767554837,-0.10774243422150365
7354,2.1109791666666666,2.835893632350068,-0.7249144656834012
7355,1.9820208333333333,2.293346979441349,-0.3113261461080157
7356,1.9806249999999999,2.53168373487654,-0.5510587348765403
7357,1.9732916666666667,2.2390114014417777,-0.265719734775111
7358,1.9644166666666667,2.24857093056468,-0.28415426389801324
7359,1.8327291666666667,2.4584621269693874,-0.6257329603027206
7360,1.8116875,2.193141105459133,-0.3814536054591333
7361,1.7584791666666666,2.2841309450439926,-0.525651778377326
7362,1.6583958333333333,1.9895115007153876,-0.33111566738205434
7363,1.5938958333333335,2.191269304350626,-0.5973734710172927
7364,1.556875,2.074836526868821,-0.5179615268688209
7365,1.5718541666666666,2.1250346127130446,-0.5531804460463781
7366,1.6909999999999998,1.8897554253577409,-0.19875542535774104
7367,1.7080624999999998,1.7906397029394199,-0.08257720293942006
7368,1.7232916666666664,1.6297321390395367,0.09355952762712971
7369,1.8396875000000001,1.7079512220711672,0.1317362779288329
7370,1.6737916666666666,1.8190348374412786,-0.14524317077461202
7371,1.6676041666666668,1.4674117336871257,0.20019243297954104
7372,2.040125,1.9523330403322936,0.08779195966770659
7373,2.9985208333333335,1.9866663123788744,1.0118545209544592
7374,2.0460625,2.4212553619134813,-0.3751928619134812
7375,2.0390833333333336,2.3056133781907526,-0.26653004485741905
7376,2.2004375,2.144943388351851,0.05549411164814888
7377,2.1184166666666666,2.314640320315161,-0.19622365364849426
7378,2.0549166666666667,4.261750802806713,-2.206834136140046
7379,1.9116875,2.569279460631238,-0.6575919606312379
7380,1.9163333333333334,2.5244700151057096,-0.6081366817723761
7381,1.921458333333333,2.30031309387976,-0.37885476054642697
7382,1.9939999999999998,2.4797189557289023,-0.48571895572890256
7383,2.3085833333333334,1.9172579302572532,0.3913254030760802
7384,2.4861875,1.8968366884245131,0.5893508115754871
7385,2.115979166666667,1.9792823812899771,0.13669678537668983
7386,1.977125,2.165370561606826,-0.18824556160682615
7387,1.9862916666666666,1.8778950245580952,0.10839664210857136
7388,1.9254166666666663,2.51076000473198,-0.5853433380653137
7389,1.9005416666666666,2.6721872367667405,-0.771645570100074
7390,1.8618750000000002,2.561756103501887,-0.6998811035018868
7391,1.92175,2.08426176986264,-0.16251176986263993
7392,1.8887083333333334,1.986862079275529,-0.0981537459421955
7393,1.852645833333333,2.0577846894348837,-0.20513885610155058
7394,1.8040833333333335,2.1964840736875253,-0.3924007403541918
7395,1.7565208333333333,1.9591014463032967,-0.20258061296996344
7396,1.665354166666667,1.9681037917081097,-0.30274962504144276
7397,1.6060833333333333,2.4723775536561146,-0.8662942203227812
7398,1.740645833333333,1.8791006880320753,-0.1384548546987423
7399,2.018333333333333,1.8385542476547823,0.17977908567855083
7400,1.7950208333333333,2.068012584921285,-0.27299175158795186
7401,1.729,1.8509270900723849,-0.12192709007238478
7402,1.6501458333333332,1.5968167478263053,0.05332908550702786
7403,1.6356041666666667,1.5904520731417455,0.04515209352492122
7404,1.5937708333333331,2.2886054797117903,-0.6948346463784572
7405,1.62925,1.995560794772412,-0.366310794772412
7406,1.5298333333333334,1.9575601738990278,-0.42772684056569443
7407,1.5083333333333335,1.7622449760958516,-0.2539116427625181
7408,1.4562291666666667,1.780131269410192,-0.3239021027435254
7409,1.4596666666666664,1.6025442189353607,-0.14287755226869425
7410,1.4246458333333332,1.8621630877865158,-0.4375172544531827
7411,1.64175,1.6577101182574219,-0.01596011825742183
7412,1.9315625,1.461950825417353,0.4696116745826471
7413,1.9248541666666668,1.3960182366033065,0.5288359300633603
7414,1.9725625000000002,1.6564094849185047,0.3161530150814955
7415,1.6705208333333335,1.3974221008683174,0.27309873246501604
7416,1.4386875000000001,1.3518938565381635,0.0867936434618366
7417,1.4733958333333332,2.2867346809714637,-0.8133388476381305
7418,1.5121875000000002,2.1031835604806726,-0.5909960604806723
7419,1.5216458333333334,1.9947129694246677,-0.47306713609133433
7420,1.5314375,1.837332550955323,-0.3058950509553231
7421,1.5411875000000002,1.764572079800966,-0.22338457980096593
7422,1.6962083333333335,1.4343608543852855,0.26184747894804805
7423,1.747375,1.6459492017956128,0.10142579820438713
7424,1.971,1.682421959119828,0.28857804088017214
7425,2.0577916666666667,1.705041588843576,0.35275007782309076
7426,1.6583333333333334,1.5695566448110165,0.0887766885223169
7427,1.4650833333333333,1.8113881737351596,-0.3463048404018263
7428,1.3416041666666665,2.1494615175855283,-0.8078573509188618
7429,1.1463124999999998,1.7418883000156762,-0.5955758000156763
7430,1.3199791666666667,2.5848058182438223,-1.2648266515771556
7431,1.359875,1.753409886955655,-0.39353488695565497
7432,1.4984374999999996,1.6319488872291887,-0.1335113872291891
7433,1.4584791666666668,1.5487493332433997,-0.09027016657673292
7434,1.4102708333333336,1.5012491926959768,-0.0909783593626432
7435,1.3371458333333333,1.4782189200994322,-0.14107308676609898
7436,1.3134375,1.5395998027965356,-0.2261623027965356
7437,1.2734375,2.06686843271818,-0.7934309327181799
7438,1.2591041666666667,1.83831439719625,-0.5792102305295832
7439,1.4283333333333335,1.4532073294586354,-0.024873996125301945
7440,1.6322916666666665,1.3381184243702295,0.29417324229643693
7441,1.7183541666666666,1.4061452067239033,0.3122089599427633
7442,1.8247083333333336,1.4693583010121318,0.35535003232120177
7443,1.6329166666666666,1.316091835961984,0.3168248307046826
7444,2.7673125000000005,1.7671251181227214,1.000187381877279
7445,9.577187499999999,1.8673739493873143,7.709813550612685
7446,4.5447291666666665,1.7053118862290952,2.839417280437571
7447,3.109291666666667,2.0898560163440933,1.0194356503225737
7448,2.4737500000000003,1.832386025461777,0.6413639745382234
7449,2.2388749999999997,1.9014370218744028,0.33743797812559695
7450,2.1871666666666667,4.725795249355532,-2.5386285826888657
7451,2.2958958333333332,4.604483600161437,-2.308587766828104
7452,2.4231041666666666,3.265065133528365,-0.8419609668616985
7453,2.615875,3.486816784213039,-0.8709417842130391
7454,2.6670625,4.068091333927065,-1.4010288339270645
7455,2.173083333333333,2.746494950953344,-0.5734116176200108
7456,1.9882916666666668,2.93721777445587,-0.9489261077892033
7457,1.8790833333333332,4.498683619111327,-2.6196002857779943
7458,1.7997708333333335,4.628809443069442,-2.8290386097361084
7459,1.82125,3.470096983735378,-1.6488469837353779
7460,1.7500625,2.941202293283949,-1.1911397932839491
7461,1.7231874999999999,2.1983070637896507,-0.4751195637896508
7462,1.6169583333333335,2.069259116611794,-0.4523007832784607
7463,1.5673333333333332,2.121157832546585,-0.5538244992132519
7464,1.5983958333333332,2.439929476144554,-0.8415336428112206
7465,7.0335,2.248325926493064,4.785174073506936
7466,5.097875,2.430494600131545,2.6673803998684553
7467,3.999729166666667,2.2230615498234134,1.7766676168432536
7468,3.2816458333333336,1.6707635199060267,1.610882313427307
7469,2.902458333333333,1.6264866531806157,1.2759716801527174
7470,2.6800208333333333,2.537505084320242,0.1425157490130915
7471,2.4860208333333333,4.555561090439365,-2.069540257106032
7472,2.306604166666667,3.5200188989673484,-1.2134147323006816
7473,2.129375,3.355320262278663,-1.225945262278663
7474,2.047875,3.642707007215586,-1.5948320072155862
7475,2.0686875000000002,3.4658159933298753,-1.397128493329875
7476,2.257,4.270645215957944,-2.013645215957944
7477,2.196729166666667,5.123535600989433,-2.9268064343227658
7478,1.9633958333333332,4.2718730824464854,-2.308477249113152
7479,1.9176458333333333,2.939570485877348,-1.0219246525440147
7480,1.732375,2.4549868104478714,-0.7226118104478714
7481,1.6858958333333334,3.31777417644133,-1.6318783431079966
7482,1.5808958333333332,2.7542317608944415,-1.1733359275611084
7483,1.4658333333333333,2.4245678537117925,-0.9587345203784592
7484,1.5101041666666666,2.232585479053925,-0.7224813123872582
7485,1.4698541666666667,2.109309587941928,-0.6394554212752614
7486,1.4715,1.9073575703682561,-0.4358575703682561
7487,1.4550624999999997,1.6706572062506708,-0.21559470625067112
7488,1.4071458333333335,1.5321066136794774,-0.12496078034614388
7489,1.3608124999999998,1.4833906307212354,-0.12257813072123569
7490,1.3406041666666664,1.510921769597266,-0.17031760293059972
7491,1.3792708333333337,1.4982369058521994,-0.1189660725188657
7492,1.4766458333333337,1.4462349357870548,0.030410897546278903
7493,1.5362916666666668,1.422132281130497,0.11415938553616978
7494,1.6346875,1.605873410086541,0.028814089913459018
7495,1.5473958333333335,1.3118341933587623,0.23556163997457125
7496,1.506895833333333,1.3468488022710332,0.1600470310622999
7497,1.4783125000000001,1.7133890457792047,-0.23507654577920456
7498,1.4388958333333335,1.6838572447121478,-0.24496141137881433
7499,1.9638333333333333,1.6690400543970643,0.29479327893626905
7500,2.1086666666666667,1.6222061491727675,0.4864605174938992
7501,2.265041666666667,1.4771640395528451,0.7878776271138217
7502,2.242729166666667,1.4943656553377038,0.7483635113289631
7503,2.349479166666667,1.4855467288029818,0.863932437863685
7504,2.7961041666666664,2.312155663536686,0.4839485031299806
7505,3.3629583333333333,2.2782441837070606,1.0847141496262727
7506,3.017,2.168918432307318,0.8480815676926818
7507,3.1696666666666666,2.087893797084007,1.0817728695826596
7508,3.3915208333333333,2.048477442855347,1.3430433904779862
7509,3.421416666666667,2.456387030026111,0.9650296366405562
7510,3.646104166666667,3.8285215662690883,-0.18241739960242143
7511,3.4393124999999998,3.338792708693096,0.1005197913069038
7512,3.4207916666666667,3.834516337957035,-0.4137246712903684
7513,3.1925000000000003,3.744807863351611,-0.5523078633516105
7514,3.215354166666667,3.7044164868677165,-0.48906232020104934
7515,3.1631666666666667,3.8146440220818816,-0.6514773554152149
7516,2.9175625000000003,4.176856586752758,-1.259294086752758
7517,2.8265,4.197535680616686,-1.3710356806166861
7518,2.9611250000000005,3.8868983386527667,-0.9257733386527662
7519,2.8221249999999998,3.732091339537734,-0.9099663395377342
7520,2.8440208333333334,3.8732449892235894,-1.029224155890256
7521,3.7510833333333338,3.6194366504621542,0.13164668287117953
7522,8.098625,3.751920519613149,4.346704480386851
7523,8.143770833333333,2.9478834468937523,5.195887386439581
7524,5.578229166666667,3.028597767092607,2.5496313995740594
7525,4.858375,2.919052932718836,1.9393220672811635
7526,4.657270833333333,3.0051758140673934,1.6520950192659392
7527,4.5831875,5.812227773980014,-1.2290402739800141
7528,4.751062500000001,6.481486867591184,-1.7304243675911835
7529,4.254145833333333,5.906599780981926,-1.6524539476485929
7530,3.969875,6.085715253809384,-2.1158402538093837
7531,4.024020833333334,5.433162113596801,-1.4091412802634666
7532,3.635520833333333,5.357762350624354,-1.7222415172910206
7533,3.5234791666666667,5.130313005004748,-1.6068338383380811
7534,3.623270833333333,4.672199309523376,-1.0489284761900426
7535,4.0574375,4.913603442848895,-0.8561659428488948
7536,7.863250000000001,5.277836903474852,2.5854130965251487
7537,6.098416666666666,5.221567214092312,0.876849452574354
7538,5.775729166666667,3.6831106376726233,2.092618528994044
7539,4.747395833333333,3.930184104115402,0.8172117292179308
7540,4.532291666666667,4.150951414712928,0.38134025195373855
7541,4.547166666666667,5.48092705457101,-0.9337603879043437
7542,4.588458333333333,6.89065369792943,-2.3021953645960975
7543,4.522104166666667,6.274559596331996,-1.7524554296653294
7544,4.9096874999999995,5.5562528374143225,-0.646565337414323
7545,5.586979166666666,6.375449753645078,-0.7884705869784119
7546,7.146416666666667,6.397170191584751,0.7492464750819163
7547,8.341291666666667,5.677433895479433,2.663857771187234
7548,10.739041666666665,5.911796682822732,4.827244983843933
7549,11.331729166666667,5.858993657787129,5.472735508879539
7550,8.94525,7.052877827431982,1.8923721725680176
7551,7.679354166666666,6.169252922135942,1.5101012445307243
7552,6.756583333333334,6.584878123150138,0.1717052101831964
7553,8.200395833333333,7.155081355847105,1.0453144774862286
7554,8.8635,6.612882441555581,2.250617558444419
7555,7.2093750000000005,7.691109737264133,-0.48173473726413274
7556,7.039770833333333,7.147217606639016,-0.10744677330568297
7557,8.760125,6.468598219097711,2.2915267809022897
7558,11.412520833333334,6.296372204370159,5.116148628963175
7559,9.753625,9.604198327232877,0.14942667276712207
7560,8.762666666666666,7.688347476546491,1.0743191901201747
7561,8.467333333333334,6.8679439636173765,1.5993893697159578
7562,10.125083333333333,8.166756128538061,1.9583272047952711
7563,10.772791666666665,8.83064078743669,1.942150879229974
7564,11.873104166666664,7.511284404726877,4.361819761939787
7565,13.329458333333335,7.531996527920971,5.797461805412364
7566,14.239416666666665,7.643022218031503,6.596394448635162
7567,12.452645833333333,9.15734540396223,3.2953004293711032
7568,11.562520833333332,9.175653224804568,2.386867608528764
7569,12.200708333333333,8.978909152542164,3.2217991807911694
7570,12.957583333333332,8.97127719888541,3.986306134447922
7571,12.094187499999999,8.89350422865362,3.200683271346378
7572,11.397562500000001,9.010708789123223,2.3868537108767782
7573,11.450916666666666,9.379660545081837,2.0712561215848293
7574,13.998520833333336,9.752524664552025,4.245996168781311
7575,14.078104166666668,9.148387421110616,4.9297167455560515
7576,12.917499999999999,8.7373620283926,4.180137971607399
7577,12.016,9.241992232116333,2.774007767883667
7578,11.27275,9.470154429873725,1.8025955701262752
7579,11.003333333333332,9.160458895380204,1.842874437953128
7580,11.605104166666669,9.043358831812492,2.5617453348541765
7581,11.375874999999999,8.435795415634024,2.940079584365975
7582,14.921791666666666,8.48217865467446,6.439613011992206
7583,13.6331875,8.635873951693936,4.997313548306064
7584,15.122106060606063,9.077118131690726,6.0449879289153365
7585,15.648810606060607,9.258356927463346,6.390453678597261
7586,14.086125000000001,9.191429182121949,4.894695817878052
7587,13.178916666666666,9.787030640304332,3.391886026362334
7588,12.667541666666665,8.999438791806575,3.6681028748600895
7589,12.3521875,8.321083084962455,4.031104415037545
7590,13.827620833333333,9.873795968237763,3.9538248650955694
7591,15.727191666666664,10.751223811530544,4.975967855136121
7592,15.868708333333336,11.207966702088356,4.66074163124498
7593,14.493333333333332,11.164514528787576,3.3288188045457563
7594,13.493604166666666,11.382943240170299,2.110660926496367
7595,12.654854166666667,10.971416115172557,1.6834380514941092
7596,12.218083333333333,10.860360966606743,1.3577223667265894
7597,12.0834375,11.265478833567029,0.8179586664329719
7598,15.242020833333333,11.186923275821878,4.055097557511456
7599,12.511916666666666,11.349650441809073,1.1622662248575928
7600,11.352354166666666,11.646171559249273,-0.2938173925826071
7601,10.245145833333334,11.788486316101796,-1.5433404827684623
7602,9.290208333333334,11.04801308282235,-1.7578047494890168
7603,9.227375,11.845102221246627,-2.6177272212466267
7604,8.942354166666666,11.362099314522926,-2.4197451478562595
7605,8.627916666666666,9.951726493736189,-1.3238098270695229
7606,8.601145833333334,9.866460291612972,-1.2653144582796383
7607,10.167791666666666,8.822843720228763,1.3449479464379035
7608,11.937645833333335,8.548047028845065,3.3895988044882692
7609,13.844604166666665,8.533768626668172,5.310835539998493
7610,10.769645833333334,8.777214040245099,1.992431793088235
7611,9.435541666666667,8.894763826607818,0.5407778400588494
7612,8.35425,8.520168292992707,-0.165918292992707
7613,7.803041666666666,8.51545046706064,-0.7124088003939741
7614,7.309666666666666,8.899943304686925,-1.590276638020259
7615,7.107375,7.697516512415721,-0.5901415124157205
7616,7.344562499999999,7.455237667473825,-0.11067516747382555
7617,7.507749999999999,8.587336198784728,-1.079586198784729
7618,7.603604166666667,7.95351259855423,-0.34990843188756315
7619,7.126229166666666,7.707139889994629,-0.5809107233279631
7620,7.7223749999999995,7.285035969361254,0.43733903063874546
7621,8.269416666666666,8.268999756615777,0.00041691005088928534
7622,9.474166666666667,9.228219882281405,0.24594678438526252
7623,9.338416666666667,7.551737340383496,1.7866793262831715
7624,8.240562500000001,7.124899000116346,1.115663499883655
7625,7.288875,7.9341859227127145,-0.6453109227127145
7626,7.167104166666667,7.807803626435948,-0.640699459769281
7627,9.590708333333334,8.505154962415922,1.0855533709174114
7628,7.970041666666667,7.904756005611764,0.06528566105490263
7629,6.775270833333333,9.399743153776495,-2.6244723204431617
7630,6.107458333333334,7.711040215416383,-1.6035818820830494
7631,13.655472222222222,7.046096951928384,6.609375270293839
7632,14.607694444444446,8.028753912496974,6.578940531947472
7633,12.494916666666667,8.401148883738212,4.093767782928454
7634,9.881833333333333,7.457628587360047,2.4242047459732854
7635,10.324583333333333,6.431180069140817,3.893403264192516
7636,12.527124999999998,6.144476539654654,6.382648460345344
7637,10.802145833333332,9.2049382907956,1.597207542537733
7638,8.6184375,7.891290032302107,0.7271474676978933
7639,7.4110000000000005,7.655171970448127,-0.24417197044812688
7640,6.934437499999999,8.065793420770506,-1.131355920770507
7641,6.327854166666666,8.825625469022354,-2.4977713023556882
7642,5.876520833333333,8.65353742818905,-2.7770165948557173
7643,5.462708333333334,8.461741257369463,-2.999032924036128
7644,5.208166666666667,7.638697773871843,-2.4305311072051756
7645,4.8799375000000005,7.8940464632140035,-3.014108963214003
7646,4.538645833333334,7.9584346349477,-3.4197888016143665
7647,5.255624999999999,6.960654887670387,-1.7050298876703875
7648,4.8486875,6.339275004744608,-1.4905875047446084
7649,4.253875,5.845335035057903,-1.591460035057903
7650,4.1190625,5.817914423330373,-1.6988519233303725
7651,3.799895833333333,5.04534734649341,-1.2454515131600776
7652,3.44425,4.917142136741166,-1.4728921367411663
7653,3.2371041666666662,5.85988582019128,-2.6227816535246133
7654,3.0368541666666666,4.5784812658241725,-1.5416270991575058
7655,2.9082291666666666,4.591476639867924,-1.6832474732012574
7656,3.521416666666667,4.60958011502501,-1.088163448358343
7657,2.8268958333333334,4.180278896444143,-1.35338306311081
7658,2.648354166666667,3.6404298832909503,-0.9920757166242833
7659,2.505125,4.007532213291071,-1.5024072132910713
7660,2.4551666666666665,3.0095050406287176,-0.5543383739620511
7661,2.2609583333333334,2.6873880726028876,-0.4264297392695542
7662,2.5327708333333336,3.4618940686342112,-0.9291232353008776
7663,2.6657499999999996,2.8228878144327614,-0.15713781443276176
7664,2.6893958333333337,2.8560135794969326,-0.16661774616359892
7665,2.68075,2.3776729669977343,0.30307703300226585
7666,2.470479166666667,2.3034834712567753,0.16699569540989145
7667,2.260291666666667,2.9678716204835656,-0.7075799538168988
7668,2.1130416666666667,3.086076613035441,-0.9730349463687742
7669,1.9180416666666666,2.9172785694096772,-0.9992369027430106
7670,1.7375833333333333,2.5933413471502416,-0.8557580138169083
7671,1.67225,2.5468213160523634,-0.8745713160523634
7672,1.4714999999999998,2.4935809717441497,-1.02208097174415
7673,1.4551458333333336,2.248599559511342,-0.7934537261780086
7674,2.1980625000000003,2.169192093247369,0.028870406752631084
7675,1.9719375000000001,2.256189704161004,-0.28425220416100405
7676,4.889104166666667,2.1786297796172294,2.7104743870494374
7677,5.403625000000001,1.9089313089172684,3.494693691082732
7678,5.250020833333334,1.7327274304185716,3.5172934029147624
7679,4.688979166666667,2.203280760361256,2.485698406305411
7680,4.465770833333333,3.031841403356483,1.4339294299768501
7681,4.072354166666666,3.2646495462030782,0.8077046204635878
7682,3.765875,3.6596761135386644,0.10619888646133546
7683,3.494729166666667,3.9342086656173727,-0.4394794989507056
7684,3.3215625,3.7971485821064044,-0.4755860821064042
7685,3.213270833333334,3.379516522796791,-0.16624568946345697
7686,3.040895833333334,3.2132643072071145,-0.17236847387378074
7687,3.0467708333333334,3.2049897891451695,-0.1582189558118361
7688,2.9379375000000003,3.4080168334203775,-0.4700793334203772
7689,3.1238958333333335,3.145479950861104,-0.021584117527770452
7690,3.1075208333333335,3.513593251600858,-0.4060724182675246
7691,3.056395833333333,3.2369088274069604,-0.1805129940736272
7692,3.078333333333333,2.9577889651254616,0.12054436820787151
7693,2.9533125000000005,3.2169232503241316,-0.26361075032413117
7694,3.0787291666666667,3.1017103215269284,-0.022981154860261643
7695,3.0819999999999994,3.6261273354998362,-0.5441273354998368
7696,3.1037083333333335,3.1301605314314016,-0.02645219809806809
7697,2.8759166666666665,3.4073900408088957,-0.5314733741422293
7698,2.695041666666667,3.8501517929155744,-1.1551101262489074
7699,2.6724374999999996,3.085386515887239,-0.4129490158872393
7700,2.5438750000000003,3.777960070135885,-1.2340850701358845
7701,2.5186458333333333,3.534903025819632,-1.0162571924862989
7702,2.527104166666667,3.7551646559523637,-1.2280604892856966
7703,2.53,3.369174225519647,-0.8391742255196473
7704,2.536375,2.829698439484943,-0.2933234394849431
7705,2.6728333333333336,2.743582532314934,-0.07074919898160026
7706,2.7445833333333334,2.59134324367066,0.15324008966267355
7707,2.718270833333334,2.4609171753217733,0.2573536580115605
7708,2.5618125000000003,2.2437570914628306,0.3180554085371696
7709,2.5678750000000004,2.23808812251956,0.3297868774804402
7710,2.5740625,2.5637377485109716,0.01032475148902856
7711,2.48775,2.7106604892348205,-0.22291048923482037
7712,2.6956875,2.8730916705706147,-0.17740417057061464
7713,3.5116874999999994,2.666259371240471,0.8454281287595284
7714,3.5185833333333334,2.465560535703605,1.0530227976297284
7715,3.0509583333333334,2.331075702666064,0.7198826306672697
7716,3.0175208333333337,2.545768649811875,0.47175218352145887
7717,2.9984791666666673,2.3078383522140644,0.6906408144526028
7718,2.823395833333333,4.249268160387359,-1.4258723270540261
7719,2.7684374999999997,5.7588650011649225,-2.990427501164923
7720,2.6374999999999997,3.965955564841123,-1.3284555648411231
7721,2.5945833333333335,2.9332330773821607,-0.3386497440488272
7722,2.4923125,3.2274688290240077,-0.7351563290240075
7723,2.4661458333333335,2.7912057439478186,-0.32505991061448514
7724,3.1471250000000004,2.748338448552366,0.39878655144763453
7725,2.917479166666667,3.0704597819157406,-0.1529806152490738
7726,2.6977291666666665,3.205710011619384,-0.5079808449527174
7727,2.5414375000000002,2.6441141718751635,-0.10267667187516327
7728,2.5467291666666667,2.7672319168144752,-0.2205027501478085
7729,2.6804166666666664,2.6445570966595273,0.03585957000713913
7730,2.5765,3.6870060882842557,-1.110506088284256
7731,2.5089166666666665,3.0403784818067425,-0.5314618151400761
7732,2.417291666666667,2.7614227686999953,-0.3441311020333284
7733,2.3318333333333334,3.538984635728414,-1.2071513023950806
7734,3.3956458333333335,2.843502295174497,0.5521435381588367
7735,4.413729166666666,2.6304365016793048,1.7832926649873615
7736,3.578875,3.4464059792095867,0.13246902079041334
7737,3.3627291666666665,3.183876992126902,0.17885217453976443
7738,3.273645833333333,2.64437929328009,0.6292665400532433
7739,3.2203125000000004,2.4722317591075598,0.7480807408924406
7740,3.4375416666666667,4.244419412057705,-0.8068777453910383
7741,3.387333333333333,4.802770549846365,-1.4154372165130318
7742,3.205895833333333,3.9629440422062157,-0.7570482088728827
7743,3.0221250000000004,3.725681532307683,-0.7035565323076827
7744,2.8726875,3.814829218718751,-0.9421417187187511
7745,2.7947500000000005,3.752850878042975,-0.9581008780429743
7746,2.7843958333333334,3.7691259960237637,-0.9847301626904303
7747,2.514708333333333,3.8335558250529895,-1.3188474917196564
7748,2.4700625,3.8966825657366524,-1.4266200657366523
7749,2.427729166666667,3.7038202418990442,-1.2760910752323773
7750,2.433375,2.9903617492619876,-0.5569867492619878
7751,2.439625,2.9973649360620502,-0.5577399360620503
7752,2.4459375,2.666628291237257,-0.22069079123725732
7753,2.2645,2.631256731993098,-0.3667567319930982
7754,2.257125,2.3818747330671255,-0.12474973306712567
7755,2.1968958333333335,2.378535887648269,-0.18164005431493546
7756,2.1165833333333333,2.387708294432219,-0.27112496109888573
7757,2.0007083333333333,2.335562645900323,-0.3348543125669896
7758,2.0034791666666667,2.4060124566635945,-0.40253328999692783
7759,2.0569375,2.207008167002564,-0.15007066700256377
7760,2.214375,2.17589650465509,0.03847849534490999
7761,2.4820624999999996,2.202148774372986,0.27991372562701367
7762,2.4093750000000003,2.0317980395713304,0.37757696042866984
7763,2.1858333333333335,2.1767525011361064,0.009080832197227107
7764,2.1956666666666664,1.9226549650053117,0.2730117016613547
7765,2.1631250000000004,2.748490295225463,-0.5853652952254627
7766,2.1691249999999997,2.5493997813362816,-0.3802747813362819
7767,2.1753125,2.638721782743514,-0.4634092827435139
7768,2.1241041666666667,2.758362679243661,-0.6342585125769942
7769,2.055,2.579803611178529,-0.524803611178529
7770,2.1655,2.4348073048044743,-0.26930730480447407
7771,2.1615416666666665,2.2645439061951667,-0.10300223952850018
7772,2.1267916666666666,2.322764869945808,-0.19597320327914147
7773,2.175625,2.3356981947124407,-0.16007319471244053
7774,2.1789375,2.2772591241040616,-0.09832162410406164
7775,2.1605416666666666,2.4742453443079655,-0.3137036776412989
7776,2.1029583333333335,2.589374349252911,-0.4864160159195774
7777,2.093479166666667,2.3611066357605592,-0.26762746909389223
7778,2.0837291666666666,2.3475600359450794,-0.2638308692784128
7779,2.080604166666667,2.3510883750655704,-0.27048420839890364
7780,2.0517291666666666,2.396550059244379,-0.34482089257771253
7781,1.969875,2.268464549690112,-0.29858954969011187
7782,1.914770833333333,2.1640044206079905,-0.2492335872746574
7783,1.9465208333333333,2.4566526514071683,-0.510131818073835
7784,1.9432083333333334,2.4577098432722253,-0.5145015099388919
7785,1.8883958333333333,2.6986492359385807,-0.8102534026052475
7786,1.8846458333333336,2.586355367672722,-0.7017095343393882
7787,1.9525833333333333,1.9678398973787454,-0.015256564045412091
7788,1.8968750000000003,1.9718212611006358,-0.07494626110063551
7789,1.9872708333333333,2.3406278285975675,-0.35335699526423414
7790,1.9785000000000001,2.3384260916091604,-0.3599260916091602
7791,2.009979166666667,2.117988610369436,-0.10800944370276877
7792,2.106895833333333,2.4420171498095637,-0.33512131647623056
7793,2.042333333333333,2.4278382984231652,-0.3855049650898321
7794,1.9681875000000002,2.1754264481660486,-0.20723894816604838
7795,1.8698749999999997,2.3752560317501037,-0.505381031750104
7796,1.7635833333333333,2.3951338327453504,-0.6315504994120171
7797,1.7057916666666666,2.2712251748571117,-0.5654335081904451
7798,1.65675,1.9891453770841026,-0.3323953770841026
7799,1.6689375000000002,2.1755842827253615,-0.5066467827253613
7800,1.7164791666666666,2.0799626470548334,-0.3634834803881668
7801,1.6638958333333334,2.3415932888565707,-0.6776974555232373
7802,1.6524375000000002,1.8684143708478982,-0.21597687084789796
7803,1.647833333333333,1.8345812528114671,-0.18674791947813407
7804,0.9092500000000001,1.6440195282690002,-0.7347695282690001
7805,1.0390625,1.7560238451351686,-0.7169613451351686
7806,1.5214999999999999,1.9196825263804163,-0.3981825263804164
7807,1.7164583333333334,1.6139635794298945,0.10249475390343887
7808,1.6503125,1.6412871767869655,0.00902532321303462
7809,1.522729166666667,1.5452776671904613,-0.022548500523794424
7810,1.8087499999999999,1.9679112685723783,-0.15916126857237844
7811,2.310104166666667,1.6215905831248671,0.6885135835417999
7812,2.1883125,1.9238692227469887,0.2644432772530112
7813,2.2666458333333335,3.181016044904801,-0.9143702115714674
7814,2.3044375,2.6453352577489198,-0.3408977577489196
7815,2.166229166666667,1.5168581548814262,0.6493710117852409
7816,1.9730416666666668,3.8091964974634784,-1.8361548307968116
7817,1.8890416666666667,2.0122273077704613,-0.1231856411037946
7818,1.787770833333333,2.124773508586067,-0.33700267525273375
7819,1.781958333333333,2.201954970111345,-0.4199966367780117
7820,1.7118333333333335,1.9990733774102705,-0.28724004407693693
7821,1.8118958333333335,1.9143516751299152,-0.10245584179658174
7822,1.7311874999999999,1.7366624552603387,-0.00547495526033881
7823,1.7758333333333332,1.9437033480352812,-0.16787001470194807
7824,1.850395833333333,1.8225858010526028,0.0278100322807302
7825,1.8505624999999999,1.8995734442611443,-0.049010944261144385
7826,1.8498333333333334,2.1032760508218207,-0.25344271748848723
7827,1.938791666666667,2.0007195114378984,-0.06192784477123148
7828,1.8643750000000001,1.793010505272933,0.07136449472706707
7829,1.8124166666666668,2.322040011947917,-0.5096233452812504
7830,1.8793750000000002,2.2534750285422462,-0.374100028542246
7831,2.4153125,2.1862993744567043,0.2290131255432959
7832,3.561166666666667,2.769375155975942,0.7917915106907247
7833,3.3070833333333334,1.8808910790475142,1.4261922542858192
7834,3.2553541666666668,1.9353767541968359,1.319977412469831
7835,2.624833333333333,2.1706312640493484,0.45420206928398477
7836,2.4353541666666665,1.8897006774300606,0.5456534892366058
7837,2.3528333333333333,3.2265536000744053,-0.873720266741072
7838,2.396875,2.865690957929368,-0.46881595792936803
7839,2.3539791666666665,3.133869731844112,-0.7798905651774457
7840,2.3904166666666664,2.9432875444265862,-0.5528708777599198
7841,2.308354166666667,2.5708278856848636,-0.2624737190181965
7842,2.5989791666666666,2.6710021685708654,-0.07202300190419875
7843,2.7675,2.6377447850576408,0.1297552149423593
7844,2.4944583333333337,3.5449129077849233,-1.0504545744515896
7845,2.3991666666666664,2.621358818016387,-0.22219215134972048
7846,2.258270833333333,3.251727001859007,-0.993456168525674
7847,8.191270833333332,2.789654317722936,5.401616515610396
7848,7.395625,3.5371152145739795,3.8585097854260204
7849,4.295604166666666,2.7823918994452175,1.5132122672214487
7850,3.4449583333333336,2.626542013242442,0.8184163200908916
7851,2.9915416666666665,2.539745761803106,0.4517959048635607
7852,2.727854166666667,2.7262806217623687,0.0015735449042981742
7853,2.649958333333333,5.54387071172681,-2.893912378393477
7854,2.67125,4.92471584802365,-2.2534658480236502
7855,2.7735416666666666,4.777202629359294,-2.003660962692628
7856,3.313166666666667,4.069513309491182,-0.7563466428245147
7857,5.5184375,4.060647546829913,1.4577899531700869
7858,4.312375,4.314330598656457,-0.0019555986564565586
7859,3.7297708333333333,4.722467937659712,-0.9926971043263784
7860,3.950229166666667,5.58680460600424,-1.6365754393375727
7861,3.699895833333334,4.196380497214242,-0.49648466388090773
7862,3.501583333333333,4.955133057429842,-1.4535497240965092
7863,3.4031875,5.6457692954636505,-2.2425817954636504
7864,3.30925,4.875212263114778,-1.5659622631147783
7865,3.105375,4.107296407196697,-1.0019214071966966
7866,3.0056249999999998,4.522718483890236,-1.517093483890236
7867,2.8867708333333333,4.324680089338245,-1.4379092560049118
7868,2.823166666666667,3.567394114154463,-0.7442274474877961
7869,2.822041666666667,3.8288025820601628,-1.006760915393496
7870,2.8075624999999995,3.668076908142274,-0.8605144081422744
7871,2.765375,3.4438968460224313,-0.6785218460224312
7872,2.7683750000000003,3.3266819826506793,-0.558306982650679
7873,2.9726458333333334,2.8613058151065385,0.11134001822679496
7874,2.7636458333333334,2.7586556042679837,0.004990229065349627
7875,2.6508125000000002,2.764818908461566,-0.11400640846156573
7876,2.472020833333333,2.6439884032018544,-0.17196756986852124
7877,2.3873125,2.6323469171157416,-0.24503441711574148
7878,2.409333333333333,3.15809791954933,-0.7487645862159971
7879,2.403208333333333,3.05015664933347,-0.6469483160001368
7880,2.631479166666667,2.718361821070877,-0.08688265440421006
7881,2.4893958333333335,2.7163017512561267,-0.22690591792279324
7882,2.3933541666666667,2.740573873476616,-0.3472197068099492
7883,2.3698333333333332,2.6033625791259127,-0.2335292457925795
7884,2.259229166666667,2.864376095786193,-0.6051469291195257
7885,2.9847916666666663,3.029662608168475,-0.044870941501808925
7886,3.2918125000000003,2.8321722380001466,0.45964026199985364
7887,3.5413125,2.6863604366941236,0.8549520633058765
7888,3.1799999999999997,2.6085948875329965,0.5714051124670032
7889,2.9136666666666664,2.4523441328606497,0.46132253380601673
7890,2.881375,2.8416326786008947,0.03974232139910505
7891,3.4617916666666666,4.078686120291456,-0.6168944536247896
7892,4.332375,4.549898699603924,-0.21752369960392404
7893,4.321395833333334,4.017855013490558,0.3035408198427758
7894,5.233416666666667,3.6739856207951953,1.5594310458714715
7895,5.377083333333334,2.795178332208766,2.581905001124568
7896,5.050708333333334,4.122184505186479,0.9285238281468544
7897,4.701395833333334,4.252462876385483,0.44893295694785085
7898,4.629625,4.544321404284663,0.08530359571533719
7899,5.1421875,5.046597743185493,0.09558975681450743
7900,5.461916666666667,6.365832923569668,-0.9039162569030008
7901,5.591854166666667,5.8857138878552,-0.2938597211885332
7902,5.719708333333334,4.8687550818430685,0.8509532514902656
7903,6.060708333333333,3.9320448716176717,2.1286634617156617
7904,6.153770833333333,4.96375842044891,1.190012412884423
7905,5.840583333333332,5.389986027785299,0.45059730554803323
7906,6.562895833333333,5.357693978850176,1.2052018544831569
7907,6.311479166666667,5.098556825258482,1.2129223414081851
7908,7.529187499999999,5.521652570022686,2.0075349299773126
7909,6.278104166666666,5.567210529739864,0.7108936369268024
7910,6.1356874999999995,5.649362203357129,0.48632529664287016
7911,6.358104166666666,5.198199859977325,1.1599043066893415
7912,6.677395833333333,5.703238682761885,0.9741571505714477
7913,7.14425,6.8167507868473125,0.32749921315268793
7914,8.160833333333333,5.944972701928006,2.2158606314053264
7915,7.911479166666666,5.987006326980537,1.9244728396861293
7916,7.797625,6.153811094952806,1.6438139050471943
7917,8.049000000000001,7.288516252402399,0.7604837475976023
7918,8.581770833333334,7.025231626085713,1.5565392072476207
7919,9.1358125,7.300976066676751,1.8348364333232494
7920,8.194770833333333,7.438611888120138,0.7561589452131949
7921,7.616645833333333,7.49987210950457,0.11677372382876339
7922,7.3096875,7.309967193765858,-0.0002796937658580134
7923,7.594458333333333,7.783093121915042,-0.1886347885817088
7924,9.810812499999999,8.405689878390204,1.4051226216097952
7925,9.894958333333333,8.743189166033803,1.1517691672995305
7926,9.200083333333334,7.367120813034925,1.832962520298409
7927,8.678791666666667,6.964895529471176,1.7138961371954915
7928,8.735541666666665,7.791670137273444,0.9438715293932205
7929,9.216166666666666,7.665893546784591,1.5502731198820756
7930,9.091458333333334,8.778058136653666,0.3134001966796678
7931,8.397958333333333,8.417348533245251,-0.019390199911917705
7932,8.545020833333332,9.424579806271142,-0.8795589729378097
7933,8.1770625,8.549571754954544,-0.3725092549545437
7934,8.2738125,8.823085123973895,-0.549272623973895
7935,8.6348125,9.224922506781711,-0.5901100067817104
7936,10.498854166666666,8.031535908518302,2.4673182581483637
7937,11.770979166666669,8.423549577501763,3.3474295891649053
7938,9.808124999999999,8.529489501262283,1.2786354987377155
7939,8.492395833333333,7.710445805769525,0.7819500275638083
7940,8.0360625,8.640369753696035,-0.6043072536960352
7941,7.8551875,8.833908878950558,-0.9787213789505573
7942,7.4961875000000004,9.062075575371956,-1.565888075371956
7943,7.4459583333333335,9.348238820089744,-1.9022804867564105
7944,7.705520833333334,9.144987621600675,-1.4394667882673415
7945,7.533687499999999,8.289420898887567,-0.7557333988875676
7946,7.599395833333333,7.84700582989959,-0.24760999656625682
7947,7.2876666666666665,7.4879445318619995,-0.20027786519533297
7948,6.727499999999999,7.41206668476185,-0.684566684761851
7949,6.330687500000001,7.654507420286894,-1.3238199202868932
7950,6.207645833333333,7.706556833324928,-1.4989109999915948
7951,6.439,7.532213952730108,-1.0932139527301077
7952,6.284916666666668,7.412692239151354,-1.127775572484686
7953,6.1214375,7.792692142798545,-1.6712546427985453
7954,6.080770833333333,6.851762296130777,-0.7709914627974435
7955,6.115083333333334,6.967680892597233,-0.8525975592638995
7956,5.942291666666667,7.155006254986635,-1.212714588319968
7957,6.2794375,7.682962711295826,-1.4035252112958254
7958,6.338354166666666,7.021611669905599,-0.6832575032389325
7959,6.3217083333333335,6.503292815090454,-0.1815844817571204
7960,6.918458333333334,6.124176564015156,0.7942817693181778
7961,6.30375,6.271344504375788,0.03240549562421169
7962,6.02775,5.5260856171729476,0.5016643828270526
7963,6.491916666666666,5.940657479035335,0.5512591876313309
7964,6.5681666666666665,6.517481383068432,0.05068528359823432
7965,6.0923541666666665,6.410688116224154,-0.3183339495574877
7966,5.7159375,6.190862077495511,-0.47492457749551154
7967,5.385979166666666,6.428049316544307,-1.0420701498776408
7968,5.367583333333333,6.440513553692165,-1.072930220358832
7969,5.190791666666667,6.781178924141799,-1.5903872574751325
7970,5.710395833333333,6.374116421196755,-0.6637205878634216
7971,7.307979166666667,6.421713307672113,0.8862658589945536
7972,7.058916666666666,5.315801513079365,1.7431151535873006
7973,8.228,5.385480065642829,2.8425199343571705
7974,7.805833333333333,5.468873071445692,2.336960261887641
7975,10.374291666666666,5.813191060911594,4.5611006057550725
7976,9.000291666666666,6.555255149105502,2.4450365175611637
7977,7.4924374999999985,6.608646183301983,0.8837913166980158
7978,6.7595,6.328231725100373,0.4312682748996268
7979,6.314833333333333,6.907098142116111,-0.5922648087827787
7980,6.2740625,7.159280579871169,-0.8852180798711684
7981,6.022354166666666,7.045259515891996,-1.0229053492253302
7982,5.6416875,7.061948883539871,-1.420261383539871
7983,5.459791666666667,7.033489948050214,-1.573698281383547
7984,6.6749166666666655,6.644635168629235,0.03028149803743041
7985,10.134270833333334,7.0782498106818,3.0560210226515334
7986,12.934772435897436,6.788190902250091,6.146581533647345
7987,14.176685897435897,6.582187934875376,7.594497962560522
7988,11.216708333333335,5.691687923176903,5.525020410156432
7989,9.434229166666666,5.477895939899545,3.9563332267671214
7990,9.435104166666667,7.489780181357526,1.945323985309141
7991,9.045208333333333,7.13041119030596,1.9147971430273731
7992,7.8823125,8.526406715313295,-0.6440942153132942
7993,6.923104166666666,8.65142434783477,-1.7283201811681037
7994,6.261729166666666,7.9176458314409555,-1.6559166647742893
7995,5.8341875,8.845991223076913,-3.0118037230769135
7996,5.390291666666667,8.929225012936335,-3.538933346269668
7997,5.564208333333333,8.110865385856618,-2.546657052523285
7998,5.595416666666666,8.059755515514485,-2.4643388488478193
7999,5.633854166666667,8.423794266299232,-2.789940099632566
8000,9.443104166666666,7.06465276503245,2.3784514016342158
8001,8.241791666666666,6.831951170944098,1.4098404957225679
8002,14.699375000000002,5.856979885246142,8.84239511475386
8003,13.206583333333333,6.666966781425227,6.5396165519081055
8004,10.751916666666665,5.330696531836227,5.421220134830437
8005,8.661833333333334,6.6344277759898365,2.0274055573434975
8006,7.221229166666667,7.772321822671423,-0.551092656004756
8007,8.7700625,7.388857713324845,1.3812047866751547
8008,7.0011875,9.437597416335496,-2.4364099163354958
8009,6.317229166666667,9.30590800740089,-2.988678840734222
8010,12.145416666666668,9.2190519886934,2.926364677973268
8011,12.973104166666667,7.612010380814619,5.361093785852049
8012,9.679041666666667,8.823904634230095,0.8551370324365717
8013,7.967458333333333,7.731783428872697,0.23567490446063566
8014,6.937562499999999,8.075258830038832,-1.1376963300388327
8015,6.917770833333333,7.862652191627641,-0.9448813582943076
8016,7.937604166666667,8.377298471698825,-0.4396943050321589
8017,6.2484166666666665,7.553388020959712,-1.3049713542930457
8018,5.566270833333334,7.893798044906318,-2.327527211572984
8019,5.351812500000001,7.459592102106971,-2.1077796021069695
8020,5.222895833333333,7.432735356469151,-2.209839523135818
8021,4.9516875,9.922763002787313,-4.971075502787313
8022,4.986,8.482740910080945,-3.4967409100809457
8023,11.982270833333333,7.139741521294595,4.842529312038738
8024,15.06612962962963,5.738063806056619,9.328065823573011
8025,15.521974537037037,5.663492601442866,9.85848193559417
8026,11.827520833333333,5.006143524320684,6.821377309012648
8027,9.959208333333335,4.76764771654678,5.191560616786554
8028,9.165854166666668,7.008551035509891,2.1573031311567767
8029,8.370354166666665,8.365622602234161,0.0047315644325038875
8030,7.095520833333333,8.299720516518011,-1.2041996831846786
8031,6.557895833333333,8.994413293169844,-2.4365174598365105
8032,8.161791666666666,9.909493657065491,-1.7477019903988253
8033,7.226625000000001,10.359924976385539,-3.133299976385538
8034,6.764875,8.101512557604446,-1.3366375576044458
8035,6.385979166666666,8.074562080227661,-1.688582913560995
8036,6.072791666666666,7.958682372506583,-1.885890705839917
8037,5.811458333333333,9.69349802899558,-3.882039695662246
8038,6.4887500000000005,8.406498088540657,-1.9177480885406561
8039,6.6044583333333335,7.971340342631307,-1.3668820092979734
8040,6.171499999999999,6.808969886663549,-0.63746988666355
8041,5.946249999999999,6.767608319418197,-0.8213583194181977
8042,6.549354166666667,5.964204215923204,0.585149950743463
8043,5.893833333333333,5.714507457678338,0.17932587565499514
8044,5.502854166666666,6.364780691733599,-0.8619265250669326
8045,5.2576875,6.974593000859256,-1.716905500859256
8046,5.111625,6.148776235121491,-1.0371512351214909
8047,4.80375,6.043571871843891,-1.2398218718438914
8048,4.7867291666666665,5.763985016011004,-0.9772558493443375
8049,4.798687500000001,5.307999553275283,-0.5093120532752824
8050,4.6584375,5.270221422095822,-0.6117839220958219
8051,4.462354166666667,5.895764883920675,-1.4334107172540085
8052,4.453270833333334,4.89609160746412,-0.44282077413078635
8053,6.570645833333333,5.231681528558861,1.3389643047744721
8054,5.523520833333333,5.106100811094157,0.4174200222391766
8055,7.7198125,5.196546019974253,2.5232664800257467
8056,7.2605625,4.7475543981922765,2.5130081018077233
8057,6.278291666666667,3.980469734163417,2.29782193250325
8058,6.536791666666666,6.55658615362166,-0.01979448695499375
8059,6.371124999999999,6.582609910607594,-0.2114849106075951
8060,5.680583333333334,5.456138002199711,0.22444533113362297
8061,5.205604166666666,7.12233542207531,-1.916731255408644
8062,4.895041666666667,6.621562216910229,-1.7265205502435625
8063,4.643083333333333,5.768266050764149,-1.1251827174308158
8064,4.505354166666667,5.309423708063104,-0.8040695413964372
8065,4.247979166666666,6.183851314367241,-1.9358721477005751
8066,4.011395833333333,5.682580582150036,-1.671184748816703
8067,3.8466666666666662,5.760849281113399,-1.9141826144467324
8068,3.667791666666666,5.79698966955589,-2.1291980028892237
8069,3.491729166666667,5.454364733462001,-1.9626355667953344
8070,3.2970208333333333,4.2483134879002185,-0.9512926545668852
8071,3.1334375,4.550320702750355,-1.416883202750355
8072,2.9748749999999995,4.39014177850415,-1.4152667785041504
8073,2.7965416666666667,3.802712719149615,-1.0061710524829484
8074,2.7888749999999995,3.7082938629512547,-0.9194188629512552
8075,2.8966875,3.566813717956308,-0.6701262179563079
8076,2.7916666666666665,3.553270076517907,-0.7616034098512405
8077,2.6439583333333334,3.1197970635116676,-0.4758387301783342
8078,2.5137916666666666,2.985093577035806,-0.47130191036913915
8079,3.6066249999999997,2.831807312591974,0.7748176874080257
8080,3.516458333333334,3.333120662320172,0.18333767101316178
8081,4.186833333333333,3.13196594010915,1.0548673932241832
8082,4.774687500000001,2.6178756147436606,2.15681188525634
8083,3.82025,2.628515966970208,1.191734033029792
8084,3.5410000000000004,2.540903997267403,1.0000960027325974
8085,3.359458333333333,5.212189340360446,-1.852731007027113
8086,3.172395833333333,4.23199705552075,-1.0596012221874167
8087,2.9522708333333334,6.009531951524174,-3.0572611181908407
8088,3.3402083333333334,5.330812368676407,-1.9906040353430732
8089,3.7684374999999997,4.528450340022424,-0.7600128400224242
8090,3.3336875,3.3159344958547456,0.01775300414525427
8091,3.3389375,3.8356665103813317,-0.49672901038133155
8092,3.2008541666666672,3.59997904296933,-0.3991248763026629
8093,3.0760000000000005,3.3611593080962683,-0.28515930809626777
8094,3.231604166666667,4.7744395800692265,-1.5428354134025595
8095,5.851416666666666,4.510034270471592,1.3413823961950744
8096,5.137312499999999,4.261785141149199,0.8755273588508006
8097,4.428541666666667,3.7089863258293736,0.7195553408372932
8098,4.080708333333333,3.704580247228873,0.37612808610446
8099,3.6884583333333336,3.4068622536265654,0.28159607970676825
8100,3.539333333333333,4.742309432087086,-1.2029760987537528
8101,3.3733125000000004,5.40086159194249,-2.0275490919424892
8102,3.1027500000000003,4.613881029230751,-1.511131029230751
8103,2.8064999999999998,4.80898621166507,-2.0024862116650706
8104,2.8119791666666667,4.625187368421746,-1.8132082017550792
8105,2.7603750000000002,3.9348593668647824,-1.1744843668647822
8106,2.7314375,3.657951894794456,-0.9265143947944559
8107,2.6596875,3.94733441448229,-1.28764691448229
8108,2.4938541666666665,3.509311275160459,-1.0154571084937927
8109,2.400395833333333,3.041983616303856,-0.641587782970523
8110,2.1443333333333334,3.1964649327611068,-1.0521315994277733
8111,2.0885000000000002,3.190934285609923,-1.102434285609923
8112,1.9511666666666667,2.7420007566850684,-0.7908340900184017
8113,1.9139375,2.504020398730432,-0.5900828987304318
8114,1.7812291666666666,2.539462623320604,-0.7582334566539373
8115,1.7293749999999999,2.930590093083897,-1.2012150930838972
8116,1.6089166666666668,2.4770212178528124,-0.8681045511861456
8117,1.598895833333333,2.61231779652843,-1.013421963195097
8118,1.587229166666667,2.4813754465086446,-0.8941462798419777
8119,1.4806875,2.054561493382544,-0.5738739933825439
8120,1.6423333333333334,2.1929379246392955,-0.5506045913059621
8121,1.7713124999999998,1.9884810586146642,-0.21716855861466433
8122,1.8891666666666669,1.7005485156654958,0.18861815100117107
8123,1.7478541666666665,2.008283293942937,-0.26042912727627066
8124,1.7911458333333332,1.7151118620554362,0.07603397127789702
8125,2.057125,1.4623450660723725,0.5947799339276276
8126,1.8027291666666665,1.9934841727857588,-0.19075500611909235
8127,1.6782916666666665,1.9337378309533588,-0.2554461642866923
8128,1.6606666666666667,1.8588813290466404,-0.19821466237997365
8129,1.5845624999999999,1.784987866943295,-0.20042536694329516
8130,1.6487291666666668,2.1519297874330836,-0.5032006207664168
8131,1.5921041666666664,1.8650364440054321,-0.2729322773387657
8132,1.5811250000000001,1.6727366261214078,-0.09161162612140772
8133,1.5080416666666665,2.234678862609238,-0.7266371959425715
8134,1.4943125000000002,1.723731496477682,-0.22941899647768182
8135,1.9508541666666668,1.934920157443563,0.01593400922310373
8136,2.892875,1.7908157236356186,1.1020592763643815
8137,2.337875,1.8154662645747326,0.5224087354252673
8138,2.0705416666666667,1.7039526065167914,0.36658906014987536
8139,1.9628750000000001,1.5681398470103693,0.3947351529896308
8140,1.9137916666666668,1.9889541013838512,-0.07516243471718442
8141,1.7464166666666667,3.2206441139689304,-1.4742274473022636
8142,1.5753958333333333,2.599418249077455,-1.0240224157441218
8143,1.56975,2.1975103210291733,-0.6277603210291733
8144,2.2456666666666667,1.9106287524950019,0.33503791417166484
8145,1.9870625000000002,1.765389820683268,0.22167267931673207
8146,1.7594583333333336,1.7530450745843549,0.00641325874897869
8147,2.5329166666666665,1.7010257950197363,0.8318908716469302
8148,5.1544375,1.6912669318411881,3.4631705681588123
8149,9.092541666666667,2.3124820770126857,6.780059589653982
8150,4.981958333333334,2.746692762200567,2.235265571132767
8151,3.8839166666666665,2.000809030400573,1.8831076362660935
8152,3.893125,2.074560307417216,1.8185646925827839
8153,5.9425,3.892333917782737,2.0501660822172627
8154,5.0352500000000004,4.96064821409219,0.0746017859078103
8155,3.8337291666666666,5.061450006876705,-1.2277208402100386
8156,3.268895833333333,3.773978947666772,-0.5050831143334391
8157,2.9091875000000003,4.184429883328486,-1.2752423833284854
8158,2.7287708333333334,3.4892247260251303,-0.760453892691797
8159,2.3467291666666665,5.304395566275306,-2.9576663996086396
8160,2.2501666666666664,4.688094684237205,-2.4379280175705387
8161,2.1644583333333336,4.217627745905309,-2.0531694125719757
8162,2.0630625,3.8415872436267424,-1.7785247436267424
8163,2.2395208333333336,3.9289548216741976,-1.689433988340864
8164,1.962208333333333,2.9872305795954106,-1.0250222462620775
8165,1.8946041666666666,5.016725178736244,-3.1221210120695773
8166,2.371354166666667,3.965674517539065,-1.594320350872398
8167,4.902729166666666,2.705869925212751,2.196859241453915
8168,3.0564375,3.917573291453339,-0.8611357914533393
8169,2.8506249999999995,2.7280848404516975,0.122540159548302
8170,2.763375,2.8463478232266857,-0.08297282322668575
8171,2.5357291666666666,2.5815172660757226,-0.04578809940905604
8172,2.3659375,3.845334268828538,-1.479396768828538
8173,2.4077916666666668,3.27580804279777,-0.868016376131103
8174,2.5441875,3.6134283749060554,-1.0692408749060553
8175,2.382875,3.692619425665731,-1.3097444256657313
8176,2.2976875,3.4114272640819574,-1.1137397640819575
8177,2.041375,3.0759327882750593,-1.0345577882750594
8178,1.8914374999999997,3.034164568588324,-1.1427270685883244
8179,1.7562083333333334,4.745932476011033,-2.9897241426776997
8180,1.6115833333333331,2.842731610166966,-1.2311482768336328
8181,1.6373541666666667,2.6322553388860648,-0.9949011722193981
8182,1.7158750000000003,2.247546802751153,-0.5316718027511527
8183,1.5791458333333332,2.5676241669856683,-0.9884783336523351
8184,1.5521458333333333,2.2854068397827647,-0.7332610064494314
8185,1.4496875000000002,2.2645054848967265,-0.8148179848967263
8186,1.3836041666666665,1.7459794680626282,-0.36237530139596164
8187,1.377375,2.4412946205666417,-1.0639196205666417
8188,1.3371250000000003,2.188271516608876,-0.8511465166088756
8189,1.321625,1.6204456426042264,-0.29882064260422636
8190,1.4686041666666665,1.4184573581615967,0.050146808505069806
8191,1.9877916666666666,1.395901430905936,0.5918902357607305
8192,1.9680625,1.4060311539841024,0.5620313460158977
8193,1.8792916666666668,1.567193568657215,0.3120980980094519
8194,1.8240208333333332,1.3676658212128967,0.4563550121204365
8195,1.7297291666666668,1.9468333755657523,-0.21710420889908555
8196,1.6529166666666664,2.7060411399655027,-1.0531244732988363
8197,1.6155208333333333,2.35801556357647,-0.7424947302431366
8198,1.475020833333333,2.710402846589969,-1.235382013256636
8199,1.4662916666666668,2.9888250368602227,-1.522533370193556
8200,1.325875,2.3323427240440284,-1.0064677240440285
8201,1.3046875,1.923108585557297,-0.6184210855572969
8202,1.3666666666666665,1.7149736236530169,-0.3483069569863504
8203,1.3896666666666668,1.8092246421984626,-0.41955797553179575
8204,1.2734166666666666,1.5615759448080988,-0.28815927814143216
8205,1.2686666666666666,1.4300512523877442,-0.1613845857210776
8206,1.2610208333333333,1.3766314103119164,-0.11561057697858312
8207,1.3676458333333332,1.3679219142099037,-0.00027608087657049474
8208,1.3415833333333336,1.5582396866763861,-0.21665635334305255
8209,1.3162083333333332,1.4035615810669932,-0.08735324773366004
8210,1.3975833333333334,1.247692797293015,0.14989053604031843
8211,1.297625,1.2520661766380907,0.045558823361909306
8212,1.3878541666666664,1.3178508872042385,0.0700032794624279
8213,1.554354166666667,1.7223825046140302,-0.16802833794736327
8214,2.095854166666667,1.5787618298379982,0.5170923368286686
8215,3.1558333333333333,2.1451478805805477,1.0106854527527855
8216,3.0420000000000003,1.4372559928669548,1.6047440071330454
8217,2.7459166666666666,2.130578474331207,0.6153381923354595
8218,2.4122916666666665,1.4392944806766195,0.972997185990047
8219,2.529625,2.2939528475716986,0.2356721524283012
8220,2.569875,2.699239492215682,-0.1293644922156818
8221,2.2375833333333333,2.6790853286416985,-0.4415019953083652
8222,1.84575,2.8239546005704357,-0.9782046005704357
8223,1.458,2.6712986763623756,-1.2132986763623756
8224,1.379125,2.1891872111255317,-0.8100622111255318
8225,1.3068333333333335,2.6456346658025103,-1.3388013324691768
8226,1.2748333333333333,3.079981364384553,-1.8051480310512196
8227,1.2252708333333333,2.8071579456505886,-1.5818871123172553
8228,1.2395833333333333,2.797283614387273,-1.5577002810539395
8229,1.2478749999999998,2.6377427938459688,-1.389867793845969
8230,1.1319375,1.8370811086408083,-0.7051436086408083
8231,1.3321249999999998,1.6824115872328607,-0.3502865872328609
8232,1.9798333333333336,1.542008528644572,0.4378248046887616
8233,2.1834583333333337,1.5112909638788,0.6721673694545338
8234,2.5493333333333337,1.2926041033358606,1.256729229997473
8235,2.2911458333333337,1.3514124755839432,0.9397333577493905
8236,1.9430625,1.5105846626240689,0.43247783737593104
8237,2.36375,2.190843753604027,0.17290624639597318
8238,3.8670625,1.909628207893636,1.9574342921063639
8239,3.9584791666666668,1.9434022678965988,2.015076898770068
8240,3.232083333333333,1.918107250363076,1.3139760829702571
8241,3.342020833333333,1.7126775663203802,1.629343267012953
8242,4.0754166666666665,1.8654050085250413,2.2100116581416254
8243,4.506687500000001,4.239472678612763,0.2672148213872383
8244,4.497354166666667,4.137352517543363,0.360001649123304
8245,4.37925,3.0030105794890893,1.3762394205109105
8246,4.505,4.037392603319136,0.46760739668086426
8247,4.33825,4.02081624043072,0.31743375956928066
8248,3.967333333333333,4.090688472242203,-0.12335513890886984
8249,3.9578333333333333,3.7167759977195813,0.24105733561375198
8250,5.178958333333333,4.872513555294832,0.3064447780385011
8251,5.428645833333333,4.699612706529108,0.7290331268042252
8252,4.975375,5.4808656844239065,-0.5054906844239069
8253,4.781187500000001,4.191120767883444,0.5900667321165569
8254,5.039770833333334,4.231253962740211,0.8085168705931229
8255,5.5523750000000005,4.7787398419645895,0.773635158035411
8256,6.104104166666667,6.14852796383483,-0.04442379716816358
8257,6.372770833333334,5.4866324738932075,0.8861383594401264
8258,7.0889999999999995,5.8853903369665295,1.20360966303347
8259,7.160270833333333,5.931836183146611,1.2284346501867214
8260,7.117333333333334,5.897400612793838,1.2199327205394956
8261,6.251291666666667,6.294683395394161,-0.04339172872749408
8262,5.996354166666667,6.449097452856769,-0.45274328619010173
8263,6.0525625000000005,6.732011887996751,-0.6794493879967503
8264,6.248875000000001,6.666696594354968,-0.417821594354967
8265,5.901729166666667,7.172924276799051,-1.2711951101323846
8266,5.225895833333333,6.907569310326479,-1.6816734769931454
8267,4.893291666666667,5.931565035686031,-1.0382733690193637
8268,4.7370625,5.680536577984068,-0.9434740779840673
8269,4.7296458333333335,6.3523779972066965,-1.622732163873363
8270,4.922645833333333,6.483237974965701,-1.5605921416323678
8271,5.1481875,5.635288059119393,-0.4871005591193933
8272,5.436354166666668,5.114266529190357,0.32208763747631064
8273,5.5025625,4.781508650672274,0.7210538493277259
8274,5.2238541666666665,4.804146014178322,0.4197081524883446
8275,4.849,4.94515379502011,-0.09615379502010946
8276,4.627458333333333,5.375933474651373,-0.7484751413180399
8277,5.029770833333333,6.117880742044988,-1.0881099087116546
8278,5.566375000000001,6.535130744888716,-0.968755744888715
8279,10.095666666666666,6.276210984513598,3.8194556821530687
8280,9.2375,5.157972234266612,4.079527765733388
8281,8.273,4.931933520183666,3.341066479816334
8282,7.3008958333333345,5.024699291231031,2.276196542102303
8283,6.973166666666667,5.652315983123075,1.3208506835435916
8284,6.782208333333334,6.03936819419613,0.7428401391372041
8285,6.128979166666667,6.889754407372077,-0.76077524070541
8286,5.431145833333333,6.869073763215069,-1.4379279298817362
8287,5.283833333333333,6.707606880566809,-1.423773547233476
8288,5.218270833333333,6.808076518226658,-1.5898056848933244
8289,5.404083333333333,7.486018783997138,-2.0819354506638046
8290,5.398312499999999,6.627394779439392,-1.2290822794393925
8291,5.664645833333334,6.503702277386067,-0.8390564440527326
8292,5.951354166666666,5.909489011992563,0.041865154674102456
8293,6.193104166666667,5.624174714621646,0.5689294520450208
8294,6.188875,5.62002683771301,0.5688481622869901
8295,6.639583333333334,5.80791690140559,0.8316664319277445
8296,7.059395833333333,5.741022506242695,1.3183733270906384
8297,6.3615,6.381262845963493,-0.019762845963492204
8298,6.042437499999999,6.165557879837405,-0.12312037983740609
8299,5.958416666666667,6.087829089397386,-0.1294124227307183
8300,5.884333333333333,6.0743859324355665,-0.19005259910223327
8301,5.545229166666665,6.680900517532803,-1.1356713508661374
8302,5.593229166666667,6.68038835016292,-1.0871591834962526
8303,5.701520833333333,5.878452684352921,-0.17693185101958786
8304,5.267083333333333,6.047013931989758,-0.7799305986564251
8305,5.1589375,6.058815392828823,-0.8998778928288225
8306,5.467083333333334,5.252616550838002,0.21446678249533235
8307,7.105604166666667,5.48225166749387,1.623352499172797
8308,12.4555,6.157364064061713,6.298135935938288
8309,9.35475,4.941652870933391,4.413097129066609
8310,6.9146875,5.372290428129701,1.5423970718702993
8311,6.6074166666666665,5.30551009298043,1.301906573686236
8312,3.066708333333333,6.480347559693313,-3.41363922635998
8313,5.483770833333334,7.395784862578619,-1.9120140292452854
8314,5.788770833333333,7.0755263052239625,-1.286755471890629
8315,4.9902291666666665,6.89196800840453,-1.9017388417378633
8316,4.769541666666667,6.940990805991402,-2.171449139324735
8317,10.015416666666667,5.888391653838804,4.127025012827863
8318,6.258416666666666,6.164471667309258,0.09394499935740797
8319,4.877479166666666,5.972748942272096,-1.0952697756054297
8320,4.9391875,5.275215981561184,-0.3360284815611836
8321,4.87775,6.119791533435817,-1.2420415334358168
8322,4.293583333333333,6.1828915107395,-1.8893081774061669
8323,4.482291666666666,7.269348795627105,-2.7870571289604387
8324,5.810083333333334,7.137963412587966,-1.3278800792546317
8325,5.4856875,6.0448854924218445,-0.5591979924218444
8326,5.0565,6.463616420701969,-1.4071164207019695
8327,4.659604166666667,5.124276862146871,-0.4646726954802043
8328,5.328875,4.4231723229634206,0.9057026770365795
8329,5.235520833333333,5.850106372081911,-0.6145855387485781
8330,5.983937499999999,6.217726483496128,-0.23378898349612953
8331,10.868458333333335,5.957488729495826,4.910969603837509
8332,11.734979166666667,6.246959548768491,5.488019617898177
8333,8.676354166666666,4.841240590687059,3.835113575979607
8334,7.134354166666665,6.807395408279483,0.3269587583871827
8335,7.3718125,4.8951769131073375,2.4766355868926624
8336,7.189979166666666,6.5966146725556,0.5933644941110661
8337,6.540541666666667,7.012057810066751,-0.4715161434000841
8338,6.209520833333333,6.301981422003596,-0.09246058867026274
8339,5.722479166666666,6.34791516049019,-0.6254359938235234
8340,5.637270833333333,7.013905824334786,-1.3766349910014526
8341,5.1099375,7.178391201862542,-2.068453701862542
8342,4.71275,6.868930554812267,-2.1561805548122672
8343,4.421708333333334,6.839534193425415,-2.417825860092081
8344,4.247520833333334,6.738485673836306,-2.490964840502972
8345,4.089833333333334,5.848923868800955,-1.759090535467621
8346,4.164000000000001,6.555200200687991,-2.39120020068799
8347,4.581104166666667,5.274147645217113,-0.6930434785504458
8348,5.490541666666666,4.766556658332599,0.7239850083340675
8349,5.257958333333334,4.304657867484194,0.9533004658491393
8350,4.893166666666667,4.304476205342222,0.588690461324445
8351,4.663437500000001,3.811571754870576,0.8518657451294245
8352,4.3456875,5.392961463017224,-1.0472739630172239
8353,4.060312499999999,4.749318417384292,-0.6890059173842928
8354,3.8103541666666665,5.927437577713867,-2.1170834110472008
8355,3.5777291666666664,5.530056314625085,-1.9523271479584188
8356,3.342625,5.563671565290406,-2.221046565290406
8357,3.193895833333334,4.725815060976266,-1.5319192276429319
8358,3.1304374999999993,4.190316163529832,-1.0598786635298323
8359,3.0195208333333334,4.247853506073839,-1.2283326727405055
8360,2.804520833333333,3.7964081834261396,-0.9918873500928065
8361,2.679916666666667,3.0239315808458924,-0.34401491417922525
8362,2.509333333333333,3.635250961888139,-1.1259176285548058
8363,2.4624375000000005,3.650786213950139,-1.1883487139501385
8364,2.409291666666667,3.7822567206501447,-1.372965053983478
8365,2.3111458333333332,3.1591490617824958,-0.8480032284491625
8366,5.2583125,2.787318870626215,2.4709936293737846
8367,3.8765208333333336,2.620778295506264,1.2557425378270697
8368,3.7289374999999993,2.394691269299287,1.3342462307007121
8369,4.201145833333333,2.6234249824990763,1.577720850834257
8370,6.169249999999999,2.40768222732317,3.761567772676829
8371,5.300833333333333,3.127031513906294,2.173801819427039
8372,4.6291875,5.432782299321336,-0.8035947993213366
8373,4.124666666666666,5.545272795442057,-1.4206061287753906
8374,3.787479166666667,4.390546605880896,-0.6030674392142292
8375,3.4560208333333335,5.093701129160917,-1.6376802958275833
8376,3.152041666666667,5.687267725940579,-2.535226059273912
8377,2.9681458333333333,4.699011455710522,-1.730865622377189
8378,2.7839375000000004,4.441336424565675,-1.6573989245656744
8379,3.320604166666667,4.549650620033732,-1.2290464533670646
8380,3.726020833333333,3.903844632263985,-0.17782379893065192
8381,4.131104166666667,3.697478564792301,0.4336256018743656
8382,4.837270833333333,3.3506521961133133,1.4866186372200199
8383,4.299833333333334,2.9277851016875944,1.3720482316457394
8384,3.9907500000000002,2.674050360142831,1.3166996398571693
8385,3.791604166666667,5.768972814779974,-1.9773686481133068
8386,4.236291666666667,4.951762673213145,-0.715471006546478
8387,6.098208333333333,5.5475779229328195,0.5506304104005135
8388,12.931979166666666,4.476812234207487,8.455166932459178
8389,9.502895833333334,3.9779705626187307,5.524925270714602
8390,7.3344375,4.6838859013188054,2.6505515986811945
8391,6.060624999999999,5.186635171463098,0.8739898285369012
8392,4.793270833333334,5.53645356539051,-0.7431827320571767
8393,4.194604166666667,5.849124123030882,-1.654519956364215
8394,4.0079375,6.478036271908445,-2.4700987719084457
8395,3.530125,6.124422361524358,-2.594297361524358
8396,3.2145625,5.299021124234194,-2.0844586242341943
8397,3.034104166666667,4.359534274412653,-1.3254301077459858
8398,2.7841875,5.645788379048136,-2.8616008790481358
8399,2.5814375,4.756633949169168,-2.175196449169168
8400,2.440395833333333,4.682265713970923,-2.2418698806375903
8401,2.64425,4.767187755253426,-2.122937755253426
8402,2.3798958333333338,4.012819231884654,-1.6329233985513203
8403,2.2357708333333335,3.437413162950117,-1.2016423296167833
8404,2.549395833333333,2.595584228706519,-0.046188395373186086
8405,2.8101458333333333,5.020244698779874,-2.2100988654465406
8406,2.8019374999999997,4.49031348645041,-1.6883759864504104
8407,2.6557291666666667,2.9801550282646856,-0.3244258615980189
8408,2.6201458333333334,2.790754967272307,-0.17060913393897348
8409,2.9222916666666663,2.471712157042596,0.45057950962407034
8410,2.930166666666667,3.7856421383810015,-0.8554754717143345
8411,5.861583333333333,4.018596945687223,1.8429863876461097
8412,4.1576875,3.0312020018932087,1.126485498106791
8413,3.765791666666667,2.555992135662961,1.2097995310037057
8414,3.43575,3.2768082075182856,0.15894179248171447
8415,3.2161458333333335,3.0356039815168265,0.18054185181650695
8416,2.932458333333333,4.961571680142199,-2.029113346808866
8417,2.800479166666667,4.600788436188518,-1.800309269521851
8418,6.427229166666667,5.670482622108361,0.7567465445583057
8419,5.322125,4.5270928424955805,0.7950321575044192
8420,4.203666666666666,3.707472631873768,0.4961940347928979
8421,3.8035208333333337,3.8761232808342254,-0.07260244750089173
8422,3.562791666666667,4.497607021810319,-0.9348153551436522
8423,3.3710624999999994,4.155611852746214,-0.7845493527462142
8424,3.205291666666667,6.1655811576847395,-2.9602894910180724
8425,3.0344374999999997,4.664956657936319,-1.6305191579363192
8426,2.811,4.591666281906566,-1.7806662819065657
8427,2.6014166666666667,4.453856872290226,-1.8524402056235592
8428,2.4418958333333336,3.812304786763043,-1.3704089534297093
8429,2.2702916666666666,3.709426228841343,-1.4391345621746763
8430,2.2399999999999998,4.096295297794696,-1.8562952977946963
8431,2.097395833333333,3.9230750050918433,-1.8256791717585101
8432,2.0372083333333335,2.607094690147566,-0.5698863568142323
8433,2.028041666666667,2.663552343841132,-0.635510677174465
8434,1.873708333333333,2.6042762695873494,-0.7305679362540163
8435,1.8371666666666666,2.37343949954507,-0.5362728328784034
8436,1.7474999999999998,2.546130529195701,-0.798630529195701
8437,1.6498541666666666,2.6051808129123213,-0.9553266462456547
8438,1.6494791666666666,2.623616089188425,-0.9741369225217582
8439,1.5620208333333334,2.755542514170722,-1.1935216808373887
8440,1.6008333333333333,1.9626664853754119,-0.36183315204207855
8441,1.8176666666666668,1.9590005520447387,-0.1413338853780719
8442,1.756520833333333,2.1299734349381962,-0.37345260160486315
8443,1.5030624999999997,1.6661743501126216,-0.16311185011262186
8444,1.712020833333333,1.6084836404298744,0.10353719290345875
8445,1.7374583333333333,1.428989543672741,0.30846878966059244
8446,2.014583333333333,2.008905606369637,0.005677726963695839
8447,2.645395833333333,1.8008170010385427,0.8445788322947905
8448,2.134916666666667,1.7663293743783268,0.36858729228834
8449,2.0891249999999997,1.4869757602856208,0.6021492397143788
8450,1.9613958333333334,2.147680256303465,-0.18628442297013148
8451,1.893,1.839139374883693,0.05386062511630696
8452,1.8894166666666667,3.084451251627134,-1.195034584960467
8453,1.8087708333333332,2.2245463423776726,-0.41577550904433935
8454,1.7775208333333332,2.011439496786506,-0.2339186634531727
8455,1.7028333333333334,1.950038670056907,-0.2472053367235736
8456,1.6414583333333332,1.7909188505559726,-0.1494605172226393
8457,1.5174583333333336,1.606685790268479,-0.08922745693514544
8458,1.516125,1.7821732344104582,-0.2660482344104582
8459,1.5006458333333335,2.1446301204367217,-0.6439842871033883
8460,1.350395833333333,2.4301228774690466,-1.0797270441357136
8461,1.3295625,1.9244049765985156,-0.5948424765985156
8462,1.3326875,1.568035829002912,-0.23534832900291192
8463,1.335604166666667,1.4500103093178274,-0.11440614265116045
8464,1.3387708333333332,1.4514184208950933,-0.11264758756176008
8465,1.3265,1.403718723914561,-0.07721872391456097
8466,1.2323125,1.2829074942797498,-0.050594994279749894
8467,1.1591666666666667,1.2088787174717894,-0.049712050805122754
8468,1.1559375,1.269263667676259,-0.11332616767625892
8469,1.159,1.3604484053079335,-0.2014484053079335
8470,1.1621041666666667,1.3675801509513414,-0.20547598428467473
8471,1.1405416666666666,1.3869471443460129,-0.24640547767934629
8472,1.0083958333333332,1.3464373852802358,-0.33804155194690266
8473,1.0103958333333334,1.3211081087126528,-0.31071227537931945
8474,1.0964583333333333,1.5457299648200307,-0.44927163148669735
8475,1.0165625,1.4386406766830395,-0.4220781766830395
8476,1.0192291666666666,1.344373836780469,-0.3251446701138023
8477,1.0225625,1.1653639098854718,-0.14280140988547174
8478,1.0256875,1.1009951867266674,-0.07530768672666732
8479,1.0286041666666665,1.1276103679084226,-0.09900620124175608
8480,1.0350208333333333,1.221995439799948,-0.18697460646661468
8481,1.4094583333333333,1.1304658372114504,0.2789924961218828
8482,1.5520625,1.1310592010669793,0.4210032989330206
8483,1.6488333333333334,1.1762763212862801,0.47255701204705325
8484,1.7449166666666667,1.2338231112421019,0.5110935554245648
8485,1.5929583333333335,1.134720721038697,0.45823761229463655
8486,1.495,1.309879971017396,0.18512002898260405
8487,1.7173749999999999,2.25340788031893,-0.53603288031893
8488,1.9029375000000002,3.3426938371099406,-1.4397563371099404
8489,1.6948541666666668,2.549404532233223,-0.8545503655665561
8490,1.5641874999999998,2.2331412273246825,-0.6689537273246826
8491,1.421625,1.965326016724594,-0.5437010167245941
8492,1.3806458333333333,1.4951357366353648,-0.11448990330203146
8493,1.2518541666666667,2.085151576184087,-0.8332974095174202
8494,1.2204166666666667,2.0323961593825963,-0.8119794927159296
8495,1.1446666666666667,2.095094306712931,-0.9504276400462643
8496,1.0806041666666666,1.545168370075549,-0.4645642034088824
8497,1.0833958333333333,1.3898342047874825,-0.3064383714541492
8498,1.0864375,1.4412649995675235,-0.3548274995675236
8499,1.1680833333333334,1.3401748959044621,-0.1720915625711288
8500,2.1943125,1.3429934075239145,0.8513190924760856
8501,3.800291666666667,1.5175695468456312,2.2827221198210355
8502,9.1484375,1.433445486608922,7.714992013391078
8503,4.2281249999999995,1.2628126257039638,2.965312374296036
8504,2.7327499999999993,1.2271760386543784,1.505573961345621
8505,2.8359166666666664,2.216575165117121,0.6193415015495454
8506,2.947645833333333,2.8604855968746272,0.08716023645870585
8507,2.7406458333333332,4.588856291031597,-1.8482104576982636
8508,2.587666666666667,4.411105656469133,-1.8234389898024665
8509,2.330604166666667,3.4167176458690296,-1.0861134792023628
8510,2.2285833333333334,3.221150346262098,-0.9925670129287645
8511,2.106479166666667,4.301441631053847,-2.19496246438718
8512,1.9886666666666664,3.818830086459834,-1.8301634197931678
8513,1.9378958333333332,4.036779563518222,-2.0988837301848893
8514,1.874375,4.6402577352975465,-2.765882735297547
8515,1.8052083333333335,3.3632128065025224,-1.5580044731691889
8516,1.7683958333333336,2.7631101818048376,-0.994714348471504
8517,1.7329583333333334,2.6001859265370597,-0.8672275932037263
8518,1.7210624999999997,2.5500094339459407,-0.828946933945941
8519,1.6940833333333334,2.2079392432534597,-0.5138559099201263
8520,1.6484375,2.5065124581635567,-0.8580749581635567
8521,1.6354583333333335,2.3325567706912507,-0.6970984373579172
8522,1.7653958333333335,2.723304214176738,-0.9579083808434044
8523,2.5883541666666665,2.760270175539296,-0.1719160088726297
8524,1.9946666666666666,3.059595207343971,-1.0649285406773046
8525,1.9048958333333335,2.5591997377795797,-0.6543039044462462
8526,1.8195208333333335,2.002520777936992,-0.18299994460365832
8527,1.6880416666666669,2.0890526611703093,-0.4010109945036424
8528,1.7108541666666668,3.660536962194492,-1.9496827955278253
8529,1.6662083333333333,3.337103452412896,-1.6708951190795627
8530,1.6514166666666668,2.7642356120336524,-1.1128189453669857
8531,1.7200208333333336,2.7197593344231,-0.9997385010897666
8532,1.7204375,2.360792765846274,-0.6403552658462739
8533,1.7092916666666664,1.8381096132863266,-0.12881794661966017
8534,1.6410625000000003,2.3108696087302145,-0.6698071087302142
8535,1.7220416666666667,1.8145877904179064,-0.09254612375123972
8536,1.7233541666666667,2.199284457422454,-0.4759302907557874
8537,1.7244583333333334,1.7998493918108174,-0.07539105847748395
8538,1.669625,1.6915202343185414,-0.021895234318541457
8539,1.5690000000000002,1.6899600316021517,-0.12096003160215152
8540,1.5325624999999998,1.8005245446751852,-0.26796204467518536
8541,1.5337916666666667,1.6850115503867042,-0.15121988372003758
8542,1.6638125000000004,1.6914840026806157,-0.027671502680615356
8543,1.6996875000000002,1.7330707536980552,-0.03338325369805495
8544,1.5459166666666668,1.6536931962624566,-0.10777652959578976
8545,1.4889791666666665,1.5309651776968098,-0.04198601103014332
8546,1.2167916666666667,1.5434546178698303,-0.3266629512031636
8547,1.2292083333333335,1.5643404137262669,-0.3351320803929334
8548,1.2489999999999999,1.837446791134122,-0.588446791134122
8549,1.2603333333333333,2.201403842834173,-0.9410705095008398
8550,1.2969375,1.8032851859221857,-0.5063476859221856
8551,1.5417083333333332,1.5022321933675358,0.03947613996579746
8552,1.4225,1.447290770808495,-0.0247907708084949
8553,1.3542708333333335,1.2429798278640982,0.11129100546923532
8554,1.3574791666666666,1.2728970577572627,0.08458210890940387
8555,1.4359375000000003,1.368943598955745,0.06699390104425529
8556,1.6186458333333331,2.419362174154117,-0.8007163408207838
8557,1.8045833333333334,1.6016350756244395,0.2029482577088939
8558,1.9781458333333333,1.4136304558522974,0.5645153774810359
8559,2.005104166666667,1.357562176719864,0.6475419899468029
8560,2.1085416666666665,1.3643265753339968,0.7442150913326697
8561,2.2151875000000003,1.7735979454142168,0.44158955458578353
8562,3.013125,1.8535939397180068,1.1595310602819933
8563,3.300145833333333,2.1337395688536116,1.1664062644797215
8564,2.606125,1.7921000138754217,0.8140249861245783
8565,2.4613750000000003,1.894767576075421,0.5666074239245793
8566,2.7228125,2.0032739343392385,0.7195385656607614
8567,3.2503749999999996,2.2402414925471383,1.0101335074528612
8568,3.842416666666667,3.4757499694014022,0.3666666972652646
8569,3.9505208333333335,3.0820412758988716,0.8684795574344619
8570,3.47575,2.698219910966476,0.7775300890335242
8571,3.0444999999999998,3.6038522435851656,-0.5593522435851659
8572,3.213270833333334,3.7597907630056566,-0.5465199296723227
8573,3.1114583333333337,3.6578328148350296,-0.546374481501696
8574,2.8524166666666666,4.686058343473798,-1.8336416768071313
8575,3.9131249999999995,4.952533304768004,-1.039408304768004
8576,4.0713125,4.137030783327193,-0.06571828332719232
8577,3.521104166666667,4.102116960957286,-0.5810127942906189
8578,4.260958333333334,4.079832074684629,0.18112625864870502
8579,4.828229166666667,3.705723763790224,1.1225054028764427
8580,3.4931041666666665,3.342635931932369,0.15046823473429738
8581,3.0023750000000002,5.365673142628026,-2.3632981426280257
8582,2.8163750000000003,5.200687138122294,-2.384312138122294
8583,4.591354166666666,4.22047589604263,0.37087827062403633
8584,6.437604166666667,5.0419165520889715,1.395687614577695
8585,5.382333333333334,4.626237580109547,0.7560957532237875
8586,4.8073749999999995,3.8650149501336495,0.94236004986635
8587,3.6194375,3.666897412656423,-0.0474599126564228
8588,3.0952291666666674,3.786159261478827,-0.6909300948121597
8589,3.0056249999999998,5.123886818323058,-2.118261818323058
8590,2.9738124999999997,5.803285476182959,-2.829472976182959
8591,3.434958333333333,5.914777072373588,-2.479818739040255
8592,4.0301875,4.732561414444856,-0.7023739144448555
8593,3.9729375,3.968720988793566,0.00421651120643407
8594,3.3585833333333337,3.933307138566713,-0.5747238052333792
8595,2.923395833333334,3.6121410331232733,-0.6887451997899392
8596,2.6875625000000003,5.178943815273268,-2.4913813152732676
8597,2.7271875,5.160966879380755,-2.433779379380755
8598,3.010833333333334,5.538598309815856,-2.527764976482522
8599,3.326166666666666,5.375454829374121,-2.049288162707455
8600,3.5356249999999996,4.159119737748637,-0.6234947377486373
8601,3.7363750000000002,3.768823743076214,-0.032448743076213926
8602,3.9408958333333337,3.2148726695575705,0.7260231637757633
8603,3.8858125,4.1806744005339835,-0.2948619005339834
8604,3.5789375000000003,4.5375099515256805,-0.9585724515256802
8605,3.1525,4.427168710965768,-1.2746687109657682
8606,3.4282916666666665,4.965099698255596,-1.5368080315889294
8607,4.324645833333334,5.146780002156396,-0.8221341688230615
8608,4.3214375,4.6282148779713745,-0.3067773779713745
8609,6.209583333333334,5.102528582011521,1.1070547513218125
8610,5.632458333333333,3.7939820981164587,1.8384762352168744
8611,4.418395833333334,3.6819078404317014,0.7364879929016328
8612,3.7920000000000003,4.33335581520803,-0.5413558152080298
8613,3.4630000000000005,4.9626010614872715,-1.499601061487271
8614,3.1458125,5.253949929999401,-2.1081374299994007
8615,3.103666666666667,5.917317418403332,-2.8136507517366653
8616,3.1377500000000005,5.786057952975553,-2.6483079529755527
8617,3.2609166666666667,4.464739440834587,-1.2038227741679206
8618,3.5205416666666665,4.478661856965107,-0.9581201902984402
8619,3.7243125,4.028180986203434,-0.30386848620343443
8620,3.9134166666666665,4.212843637202914,-0.29942697053624734
8621,4.1200624999999995,4.101658986694043,0.018403513305956132
8622,4.525166666666666,4.630525248612114,-0.10535858194544723
8623,5.185895833333333,4.99000152647101,0.19589430686232312
8624,5.546666666666667,4.454462770943036,1.0922038957236309
8625,5.505354166666666,4.725136610223834,0.7802175564428318
8626,5.101666666666667,5.521231048053486,-0.4195643813868193
8627,4.750333333333333,5.195652735672796,-0.44531940233946354
8628,4.641333333333333,5.571718721184848,-0.9303853878515147
8629,4.4741875,6.2637229186099805,-1.7895354186099803
8630,3.952166666666667,6.282638060481385,-2.330471393814718
8631,3.8151458333333337,5.554751515369312,-1.7396056820359784
8632,5.093166666666666,5.422111864955352,-0.32894519828868596
8633,5.341916666666667,5.053367776082156,0.2885488905845115
8634,4.847770833333333,5.770736749683382,-0.9229659163500497
8635,4.381125,4.719877220927707,-0.33875222092770674
8636,4.381395833333333,5.06363742102462,-0.6822415876912862
8637,5.0635625,6.585793152576162,-1.5222306525761624
8638,5.492520833333334,5.508869752617321,-0.016348919283987406
8639,4.847625,4.992604780966573,-0.14497978096657338
8640,5.643562500000001,5.6218779090855655,0.021684590914435198
8641,8.332583333333334,4.642584204472247,3.6899991288610865
8642,6.817854166666667,5.428852720317007,1.3890014463496598
8643,5.680666666666667,5.187110384338775,0.4935562823278925
8644,5.160520833333333,5.4774498860440985,-0.31692905271076555
8645,4.655125,5.323813725514298,-0.6686887255142979
8646,4.4674375,5.856955539860778,-1.3895180398607785
8647,4.410416666666666,6.3996452663847485,-1.989228599718082
8648,4.535833333333333,5.8388625478416865,-1.3030292145083537
8649,10.2595,5.111897598739324,5.147602401260675
8650,14.415708333333333,5.172582076590669,9.243126256742663
8651,10.7013125,5.7912502440300555,4.910062255969945
8652,8.827687500000001,6.386109616103372,2.4415778838966293
8653,8.155354166666667,5.14869372141437,3.0066604452522974
8654,7.755645833333333,5.650148557999291,2.1054972753340424
8655,8.506020833333332,7.470060270473076,1.0359605628602564
8656,8.020583333333333,7.708259799205874,0.31232353412745884
8657,11.694791666666667,7.281660953515513,4.413130713151154
8658,13.680562499999999,7.531331537076508,6.1492309629234905
8659,11.652458333333334,6.967827207711004,4.68463112562233
8660,9.256583333333333,8.88818181477762,0.36840151855571257
8661,8.149354166666667,7.818740445255002,0.3306137214116651
8662,8.260583333333335,9.231557580127838,-0.9709742467945031
8663,9.345562500000002,8.295036411352354,1.050526088647647
8664,11.672166666666667,7.599843840372934,4.072322826293734
8665,11.710625,7.213947106927212,4.496677893072788
8666,11.276125,7.549420778117427,3.7267042218825734
8667,10.652354166666667,7.075916662827633,3.576437503839034
8668,10.768583333333334,9.163897363644825,1.604685969688509
8669,9.732416666666667,8.89052011515133,0.8418965515153367
8670,9.816687499999999,8.960975458849639,0.85571204115036
8671,10.609020833333332,9.021957386974044,1.5870634463592879
8672,11.13075,8.80539541051806,2.3253545894819414
8673,10.454041666666667,9.30294125503205,1.1511004116346175
8674,10.258666666666668,8.679018610468107,1.579648056198561
8675,10.488083333333334,8.450956800125594,2.03712653320774
8676,10.840979166666665,8.277248451215923,2.563730715450742
8677,9.943333333333333,8.031316964524917,1.9120163688084162
8678,9.751520833333334,8.282200157684521,1.469320675648813
8679,10.306666666666667,8.059955799537274,2.2467108671293925
8680,9.978479166666666,8.133351385849942,1.8451277808167248
8681,10.025354166666668,8.222485938182764,1.802868228483904
8682,10.418979166666666,8.190314671268952,2.228664495397714
8683,9.697958333333334,8.305233931275014,1.3927244020583203
8684,9.302645833333333,8.625772105834331,0.676873727499002
8685,9.29725,8.393440298981979,0.9038097010180213
8686,9.540541666666668,8.484462067048282,1.0560795996183856
8687,9.530333333333333,8.84418858985864,0.6861447434746939
8688,9.573104166666665,8.621412513999099,0.9516916526675665
8689,9.488083333333334,9.681771781593968,-0.1936884482606338
8690,9.062645833333333,9.554727684605242,-0.49208185127190873
8691,9.044604166666666,9.333379634200629,-0.2887754675339629
8692,8.9144375,9.402243856666026,-0.48780635666602556
8693,8.6814375,9.472549182186858,-0.7911116821868589
8694,8.083416666666666,9.574122649568947,-1.4907059829022806
8695,7.551041666666666,9.461532073603754,-1.9104904069370878
8696,7.401375000000001,9.394925649358086,-1.9935506493580855
8697,7.373333333333332,9.304903655405944,-1.931570322072612
8698,7.669645833333334,8.81529830207314,-1.1456524687398062
8699,7.257604166666667,8.400830143703773,-1.1432259770371065
8700,6.551729166666667,7.43701719046894,-0.8852880238022731
8701,6.026187500000002,7.535562649184073,-1.5093751491840717
8702,6.108499999999999,7.940942478461201,-1.8324424784612017
8703,11.343062500000002,8.032921912696985,3.3101405873030174
8704,8.429541666666667,7.152096153875302,1.277445512791365
8705,7.1365625,6.910317685523255,0.22624481447674505
8706,6.203208333333333,6.057336297950023,0.14587203538331028
8707,5.617583333333333,6.112125844487216,-0.4945425111538828
8708,5.287916666666667,6.903632739323365,-1.6157160726566984
8709,4.9119375000000005,7.318669481919584,-2.4067319819195836
8710,4.870979166666667,6.857331904973524,-1.9863527383068567
8711,5.720020833333334,6.687536818144471,-0.9675159848111372
8712,5.4019375,6.310536770330126,-0.908599270330126
8713,5.0924375,5.555748191678257,-0.4633106916782568
8714,4.914333333333333,5.380034935694482,-0.46570160236114866
8715,4.824729166666667,5.255835079007595,-0.43110591234092865
8716,4.608395833333334,6.812192227519048,-2.203796394185714
8717,4.526916666666667,6.0613121027098575,-1.5343954360431908
8718,5.7004375,5.750495898410651,-0.05005839841065107
8719,10.185166666666667,5.167439395147764,5.017727271518903
8720,7.700604166666667,4.811467256612664,2.8891369100540034
8721,7.320374999999999,4.358446904930219,2.961928095069781
8722,6.7230625,4.421261305962151,2.301801194037849
8723,6.546979166666667,5.162254497798974,1.3847246688676922
8724,6.46425,6.266479868356937,0.1977701316430629
8725,5.554812500000001,6.94746647344065,-1.3926539734406491
8726,4.9934166666666675,6.975953654721893,-1.9825369880552257
8727,7.66525,7.573253557740223,0.09199644225977721
8728,7.294395833333334,6.328164095891497,0.966231737441837
8729,7.370291666666667,7.631530310983712,-0.2612386443170456
8730,6.234208333333334,6.126180409343005,0.10802792399032946
8731,5.562395833333333,5.948473089898525,-0.38607725656519154
8732,5.064979166666666,5.818999767749956,-0.7540206010832895
8733,8.221979166666666,7.419893920232238,0.8020852464344275
8734,12.421229166666668,6.885131353207755,5.536097813458913
8735,9.0703125,6.143042173764309,2.927270326235691
8736,7.646562500000001,6.208183113279688,1.438379386720313
8737,7.395708333333332,5.109786000703308,2.285922332630024
8738,6.379833333333334,5.506760075381969,0.8730732579513649
8739,5.549895833333333,7.273168520416809,-1.723272687083476
8740,5.146833333333333,7.191258776671381,-2.0444254433380475
8741,5.0882499999999995,7.126306479860391,-2.0380564798603915
8742,9.239479166666667,6.184697764119643,3.0547814025470243
8743,7.256770833333332,6.217181199425522,1.0395896339078092
8744,6.104541666666667,6.425779986800812,-0.3212383201341451
8745,5.622375000000001,6.545107614887326,-0.9227326148873249
8746,6.066083333333332,5.97782021332642,0.08826312000691239
8747,6.159041666666667,7.33426406672618,-1.1752224000595133
8748,5.594770833333333,7.227960518499463,-1.6331896851661307
8749,4.984479166666667,6.520246435520229,-1.5357672688535624
8750,5.308708333333333,6.828783282114152,-1.5200749487808194
8751,4.650854166666666,6.151892387358516,-1.50103822069185
8752,4.228875,6.051072678703264,-1.8221976787032634
8753,5.3190625,6.071883737528884,-0.7528212375288836
8754,11.882208333333333,5.674172797780362,6.208035535552971
8755,9.709625,5.323257378080973,4.386367621919028
8756,7.3838125,5.372531245072342,2.011281254927658
8757,6.5479375,4.373981821275904,2.173955678724096
8758,6.691479166666667,4.407784426489708,2.2836947401769594
8759,6.635645833333332,6.559813819148769,0.07583201418456298
8760,8.675395833333333,7.430926000252209,1.2444698330811237
8761,9.067166666666667,6.582336357983259,2.4848303086834083
8762,7.271833333333333,5.947862641423203,1.3239706919101302
8763,6.3215416666666675,7.861884181762058,-1.5403425150953902
8764,5.599375000000001,6.056606254590877,-0.45723125459087566
8765,5.059395833333333,5.979999697136802,-0.9206038638034686
8766,4.5580625,7.284976639748524,-2.7269141397485237
8767,4.135208333333334,7.288515461839216,-3.1533071285058822
8768,3.8654583333333328,6.885583758544701,-3.0201254252113685
8769,3.6251041666666666,6.372181796799777,-2.74707763013311
8770,3.363666666666667,5.263093555695054,-1.899426889028387
8771,3.1972500000000004,5.154095800325962,-1.9568458003259614
8772,3.0314791666666667,4.650442130765543,-1.6189629640988765
8773,2.8711041666666666,4.545029838426358,-1.6739256717596915
8774,2.7165624999999998,4.341506129662539,-1.6249436296625395
8775,2.6491458333333333,3.2843760468717322,-0.6352302135383989
8776,2.4910208333333332,3.6458813080738843,-1.154860474740551
8777,2.449125,3.136189451687835,-0.687064451687835
8778,2.4284375,2.7225233575883063,-0.2940858575883065
8779,2.4175,2.559050769302451,-0.14155076930245114
8780,2.7116666666666673,2.5659089153826544,0.14575775128401292
8781,2.5673333333333335,3.4710892098524972,-0.9037558765191638
8782,2.4402500000000003,2.6720358681030363,-0.23178586810303603
8783,2.3837291666666665,2.730393434822568,-0.34666426815590157
8784,3.286270833333333,2.5175118208759573,0.7687590124573758
8785,3.821895833333333,2.4027699684016524,1.4191258649316807
8786,3.2165208333333335,2.792905704734461,0.4236151285988723
8787,5.166,2.462518743885291,2.7034812561147095
8788,5.243520833333334,2.453859116855697,2.789661716477637
8789,5.312416666666667,2.3729897321815376,2.939426934485129
8790,4.5036249999999995,4.563691143265313,-0.06006614326531334
8791,4.682479166666667,4.012561127223323,0.6699180394433437
8792,5.244583333333334,4.290104723278167,0.9544786100551672
8793,4.655291666666667,4.684007070126491,-0.02871540345982382
8794,4.254166666666666,4.169930265593997,0.08423640107266905
8795,3.822645833333334,4.33205318687432,-0.5094073535409858
8796,3.7454375,4.095873424227973,-0.3504359242279729
8797,3.9462291666666665,4.999195771023107,-1.0529666043564405
8798,4.59725,4.562316603836116,0.03493339616388358
8799,3.9142500000000005,5.0917146581488835,-1.177464658148883
8800,3.691645833333333,4.191972554459059,-0.5003267211257261
8801,3.536645833333333,4.075922765761227,-0.5392769324278941
8802,3.380708333333333,4.736613154175395,-1.355904820842062
8803,3.307229166666667,5.531313586095486,-2.2240844194288187
8804,3.211145833333333,5.0762114371309215,-1.8650656037975883
8805,3.0963125,4.528607422122469,-1.4322949221224688
8806,2.9117916666666663,3.9442446405767733,-1.032452973910107
8807,2.8819374999999994,4.604610959658077,-1.7226734596580773
8808,2.713104166666666,4.349200160164629,-1.6360959934979626
8809,2.6013958333333336,3.414034770506783,-0.8126389371734493
8810,2.503541666666667,3.736418718124778,-1.2328770514581109
8811,2.572625,3.6792548889188383,-1.1066298889188384
8812,3.7377083333333334,2.9864098342326972,0.7512984991006362
8813,5.473354166666667,2.691861444992726,2.7814927216739407
8814,3.9491875000000003,2.855285081648276,1.0939024183517243
8815,3.5726875000000002,2.444401798621786,1.1282857013782142
8816,3.406166666666666,2.737566432116618,0.6686002345500479
8817,3.420104166666667,2.8224712344135527,0.5976329322531142
8818,4.389833333333333,4.297004942095808,0.09282839123752495
8819,4.1916875000000005,4.8796514991542015,-0.687963999154201
8820,3.4976250000000007,4.701124095775463,-1.2034990957754625
8821,3.2076875,3.549584685132771,-0.3418971851327708
8822,2.900458333333333,4.027937575859163,-1.1274792425258298
8823,2.7005,4.121025748214956,-1.4205257482149563
8824,2.510895833333333,4.388412105901187,-1.877516272567854
8825,2.4892916666666665,4.105196754672849,-1.6159050880061825
8826,2.476291666666667,4.692362140060211,-2.2160704733935437
8827,2.3906041666666664,3.7966956947692756,-1.4060915281026092
8828,3.1590833333333337,3.038660188295416,0.12042314503791784
8829,3.3982500000000004,2.7216362087111774,0.676613791288823
8830,4.2008125000000005,3.4913701360828697,0.7094423639171308
8831,4.649479166666667,3.9717646139717457,0.6777145526949209
8832,3.3419791666666665,2.827984747883259,0.5139944187834073
8833,2.9289583333333336,3.32243853991352,-0.39348020658018656
8834,2.7134375,5.115548822247052,-2.4021113222470523
8835,2.546125,4.330965200850957,-1.7848402008509572
8836,2.630854166666667,4.743433760119799,-2.1125795934531317
8837,3.0790624999999996,3.9550247692813594,-0.8759622692813598
8838,2.802750000000001,3.797084243653382,-0.9943342436533809
8839,2.54475,3.2660712404973755,-0.7213212404973754
8840,2.369791666666667,3.2593054943811075,-0.8895138277144405
8841,2.2893958333333333,3.0386125238482644,-0.7492166905149311
8842,2.321375,3.908554288083589,-1.5871792880835889
8843,2.2969166666666663,3.363316517066741,-1.066399850400075
8844,2.126875,2.8336017240709013,-0.7067267240709012
8845,1.986416666666667,2.4959121178492016,-0.5094954511825347
8846,1.7326041666666667,2.544490808581476,-0.8118866419148094
8847,1.7328958333333333,2.2455598821166514,-0.5126640487833181
8848,1.6572291666666665,2.5028821498461427,-0.8456529831794761
8849,1.5717708333333331,2.2296837959309603,-0.6579129625976272
8850,1.5686875,2.1529544078870257,-0.5842669078870257
8851,1.4406041666666667,2.7501432873943243,-1.3095391207276577
8852,1.5995625,2.2508589890022552,-0.6512964890022552
8853,1.893416666666667,2.187593909065235,-0.29417724239856824
8854,1.6701666666666668,1.75413700548508,-0.0839703388184132
8855,1.8943750000000001,1.646441823040511,0.24793317695948924
8856,2.083979166666667,1.4784992323998,0.6054799342668669
8857,1.9016041666666668,1.43497109157957,0.46663307508709684
8858,1.8478958333333333,1.9533718400477647,-0.10547600671443136
8859,1.8623958333333335,2.002922426862434,-0.14052659352910069
8860,2.3405625000000003,2.0162666666886007,0.32429583331139966
8861,2.2151875000000003,2.158618495815281,0.05656900418471933
8862,2.0488541666666666,1.8784825482431393,0.17037161842352733
8863,1.9533125,1.8150714463605737,0.1382410536394263
8864,2.234270833333333,1.9296921553490816,0.3045786779842514
8865,2.1876041666666666,2.0458871259236093,0.14171704074305724
8866,2.1623749999999995,2.6180044224698147,-0.4556294224698152
8867,2.2269791666666667,2.1035619760132027,0.12341719065346402
8868,2.4103333333333334,2.1280216251884725,0.28231170814486095
8869,2.365458333333333,2.0384019066027848,0.32705642673054847
8870,2.2350208333333335,2.371678283338466,-0.13665745000513274
8871,2.26475,2.3887703467878976,-0.12402034678789775
8872,2.0058124999999998,2.467246307279935,-0.4614338072799353
8873,2.0303958333333334,2.7377087940540856,-0.7073129607207522
8874,1.9643541666666664,2.909154166620319,-0.9447999999536525
